LocationID,Locality,ScientificName,Family,Genus,SpecificEpithet,TaxonRank,Bird_MigrantStatus,Bird_SurveyTime,SourceID
3,Anhui Science and Technology University,"Acridotheres cristatellus (Linnaeus, 1758)",Sturnidae,Acridotheres,cristatellus,Species,R,Whole year,107
3,Anhui Science and Technology University,"Motacilla alba (Linnaeus, 1758)",Motacillidae,Motacilla,alba,Species,R,Whole year,107
3,Anhui Science and Technology University,"Pycnonotus sinensis (Gmelin, 1789)",Pycnonotidae,Pycnonotus,sinensis,Species,R,Whole year,107
3,Anhui Science and Technology University,"Turdus naumanni (Temminck, 1820)",Turdidae,Turdus,naumanni,Species,M,Whole year,107
3,Anhui Science and Technology University,"Phoenicurus auroreus (Pallas, 1776)",Muscicapidae,Phoenicurus,auroreus,Species,M,Whole year,107
3,Anhui Science and Technology University,"Dendrocopos major (Linnaeus, 1758)",Picidae,Dendrocopos,major,Species,R,Whole year,107
3,Anhui Science and Technology University,"Cuculus canorus (Linnaeus, 1758)",scolopacea,Cuculus,canorus,Species,M,Whole year,107
3,Anhui Science and Technology University,"Parus major (Linnaeus, 1758)",Paridae,Parus,major,Species,R,Whole year,107
3,Anhui Science and Technology University,"Upupa epops (Linnaeus, 1758)",Upupidae,Upupa,epops,Species,R,Whole year,107
3,Anhui Science and Technology University,"Dicrurus macrocercus (Vieillot, 1817)",Dicruridae,Dicrurus,macrocercus,Species,M,Whole year,107
3,Anhui Science and Technology University,"Gallinula chloropus (Linnaeus, 1758)",Rallidae,Gallinula,chloropus,Species,R,Whole year,107
3,Anhui Science and Technology University,"Eophona migratoria (Hartert, 1903)",Fringillidae,Eophona,migratoria,Species,R,Whole year,107
3,Anhui Science and Technology University,"Amaurornis akool (Sykes, 1832)",Rallidae,Amaurornis,akool,Species,M,Whole year,107
3,Anhui Science and Technology University,"Lanius cristatus (Linnaeus, 1758)",Laniidae,Lanius,cristatus,Species,M,Whole year,107
3,Anhui Science and Technology University,"Acrocephalus aedon (Pallas, 1776)",Acrocephalidae,Acrocephalus,aedon,Species,M,Whole year,107
3,Anhui Science and Technology University,"Charadrius alexandrinus (Linnaeus, 1758)",Charadriidae,Charadrius,alexandrinus,Species,M,Whole year,107
3,Anhui Science and Technology University,"Phasianus colchicus (Linnaeus, 1758)",Jacanidae,Phasianus,colchicus,Species,R,Whole year,107
3,Anhui Science and Technology University,"Emberiza elegans (Temminck, 1836)",Emberizidae,Emberiza,elegans,Species,M,Whole year,107
3,Anhui Science and Technology University,"Phylloscopus inornatus (Blyth, 1842)",Phylloscopidae,Phylloscopus,inornatus,Species,M,Whole year,107
3,Anhui Science and Technology University,"Emberiza chrysophrys (Pallas, 1776)",Emberizidae,Emberiza,chrysophrys,Species,M,Whole year,107
3,Anhui Science and Technology University,"Phylloscopus proregulus (Pallas, 1811)",Phylloscopidae,Phylloscopus,proregulus,Species,M,Whole year,107
3,Anhui Science and Technology University,"Sturnus cineraceus (Temminck, 1835)",Sturnidae,Sturnus,cineraceus,Species,R,Whole year,107
3,Anhui Science and Technology University,"Emberiza spodocephala (Pallas, 1776)",Emberizidae,Emberiza,spodocephala,Species,M,Whole year,107
3,Anhui Science and Technology University,"Cyanopica cyanus (Pallas, 1776)",Corvidae,Cyanopica,cyanus,Species,R,Whole year,107
3,Anhui Science and Technology University,"Streptopelia tranquebarica (Hermann, 1804)",Columbidae,Streptopelia,tranquebarica,Species,M,Whole year,107
3,Anhui Science and Technology University,"Phylloscopus borealis (J.H.Blasius, 1858)",Phylloscopidae,Phylloscopus,borealis,Species,M,Whole year,107
3,Anhui Science and Technology University,"Hirundo rustica (Linnaeus, 1758)",Laridae,Hirundo,rustica,Species,M,Whole year,107
3,Anhui Science and Technology University,"Carduelis sinica (Linnaeus, 1766)",Fringillidae,Carduelis,sinica,Species,R,Whole year,107
3,Anhui Science and Technology University,"Charadrius dubius (Scopoli, 1786)",Charadriidae,Charadrius,dubius,Species,M,Whole year,107
3,Anhui Science and Technology University,"Spizixos semitorques (Swinhoe, 1861)",Pycnonotidae,Spizixos,semitorques,Species,R,Whole year,107
3,Anhui Science and Technology University,"Passer montanus (Linnaeus, 1758)",Passeridae,Passer,montanus,Species,R,Whole year,107
3,Anhui Science and Technology University,"Alcedo atthis (Linnaeus, 1758)",Alcedinidae,Alcedo,atthis,Species,R,Whole year,107
3,Anhui Science and Technology University,"Tringa nebularia (Gunnerus, 1767)",Scolopacidae,Tringa,nebularia,Species,M,Whole year,107
3,Anhui Science and Technology University,"Emberiza cioides (von J.F.Brandt, 1843)",Emberizidae,Emberiza,cioides,Species,R,Whole year,107
3,Anhui Science and Technology University,"Streptopelia orientalis (Latham, 1790)",Columbidae,Streptopelia,orientalis,Species,R,Whole year,107
3,Anhui Science and Technology University,"Sturnus sericeus (Gmelin, 1789)",Sturnidae,Sturnus,sericeus,Species,R,Whole year,107
3,Anhui Science and Technology University,"Cuculus micropterus (Gould, 1838)",scolopacea,Cuculus,micropterus,Species,M,Whole year,107
3,Anhui Science and Technology University,"Turdus merula (Linnaeus, 1758)",Turdidae,Turdus,merula,Species,R,Whole year,107
3,Anhui Science and Technology University,"Pica pica (Linnaeus, 1758)",Corvidae,Pica,pica,Species,R,Whole year,107
3,Anhui Science and Technology University,"Emberiza pusilla (Pallas, 1776)",Emberizidae,Emberiza,pusilla,Species,M,Whole year,107
3,Anhui Science and Technology University,"Alauda gulgula (Franklin, 1831)",Alaudidae,Alauda,gulgula,Species,R,Whole year,107
3,Anhui Science and Technology University,"Corvus corone (Linnaeus, 1758)",Corvidae,Corvus,corone,Species,M,Whole year,107
3,Anhui Science and Technology University,"Dendrocopos canicapillus (Blyth, 1845)",Picidae,Dendrocopos,canicapillus,Species,R,Whole year,107
3,Anhui Science and Technology University,"Fringilla montifringilla (Linnaeus, 1758)",Fringillidae,Fringilla,montifringilla,Species,M,Whole year,107
3,Anhui Science and Technology University,"Streptopelia capicola (Sundevall, 1857)",Columbidae,Streptopelia,capicola,Species,R,Whole year,107
3,Anhui Science and Technology University,"Lanius schach (Linnaeus, 1758)",Laniidae,Lanius,schach,Species,R,Whole year,107
5,Baotou Medical College,"Passer montanus (Linnaeus, 1758)",Passeridae,Passer,montanus,Species,R,Whole year,133
5,Baotou Medical College,"Bombycilla garrulus (Linnaeus, 1758)",Bombycillidae,Bombycilla,garrulus,Species,M,Whole year,133
5,Baotou Medical College,"Pica pica (Linnaeus, 1758)",Corvidae,Pica,pica,Species,R,Whole year,133
5,Baotou Medical College,"Hirundo rustica (Linnaeus, 1758)",Laridae,Hirundo,rustica,Species,M,Whole year,133
5,Baotou Medical College,"Carduelis sinica (Linnaeus, 1766)",Fringillidae,Carduelis,sinica,Species,R,Whole year,133
5,Baotou Medical College,"Phoenicurus auroreus (Pallas, 1776)",Muscicapidae,Phoenicurus,auroreus,Species,M,Whole year,133
5,Baotou Medical College,"Ficedula albicilla (Pallas, 1811)",Muscicapidae,Ficedula,albicilla,Species,M,Whole year,133
5,Baotou Medical College,"Stigmatopelia chinensis (Scopoli, 1768)",Columbidae,Stigmatopelia,chinensis,Species,R,Whole year,133
5,Baotou Medical College,"Turdus ruficollis (Pallas, 1776)",Turdidae,Turdus,ruficollis,Species,M,Whole year,133
5,Baotou Medical College,"Streptopelia decaocto (Frivaldszky, 1838)",Columbidae,Streptopelia,decaocto,Species,R,Whole year,133
5,Baotou Medical College,"Tarsiger cyanurus (Pallas, 1773)",Muscicapidae,Tarsiger,cyanurus,Species,M,Whole year,133
5,Baotou Medical College,"Coccothraustes coccothraustes (Linnaeus, 1758)",Fringillidae,Coccothraustes,coccothraustes,Species,R,Whole year,133
5,Baotou Medical College,"Prunella montanella (Pallas, 1776)",Prunellidae,Prunella,montanella,Species,M,Whole year,133
5,Baotou Medical College,"Lanius cristatus (Linnaeus, 1758)",Laniidae,Lanius,cristatus,Species,M,Whole year,133
5,Baotou Medical College,"Emberiza pusilla (Pallas, 1776)",Emberizidae,Emberiza,pusilla,Species,M,Whole year,133
5,Baotou Medical College,"Calandrella cheleensis (Swinhoe, 1871)",Alaudidae,Calandrella,cheleensis,Species,R,Whole year,133
6,Baotou Teachers's College,"Passer montanus (Linnaeus, 1758)",Passeridae,Passer,montanus,Species,R,Whole year,133
6,Baotou Teachers's College,"Cyanopica cyanus (Pallas, 1776)",Corvidae,Cyanopica,cyanus,Species,R,Whole year,133
6,Baotou Teachers's College,"Streptopelia decaocto (Frivaldszky, 1838)",Columbidae,Streptopelia,decaocto,Species,R,Whole year,133
6,Baotou Teachers's College,"Pica pica (Linnaeus, 1758)",Corvidae,Pica,pica,Species,R,Whole year,133
6,Baotou Teachers's College,"Hirundo rustica (Linnaeus, 1758)",Laridae,Hirundo,rustica,Species,M,Whole year,133
6,Baotou Teachers's College,"Phoenicurus auroreus (Pallas, 1776)",Muscicapidae,Phoenicurus,auroreus,Species,M,Whole year,133
6,Baotou Teachers's College,"Carduelis sinica (Linnaeus, 1766)",Fringillidae,Carduelis,sinica,Species,R,Whole year,133
6,Baotou Teachers's College,"Tarsiger cyanurus (Pallas, 1773)",Muscicapidae,Tarsiger,cyanurus,Species,M,Whole year,133
6,Baotou Teachers's College,"Ficedula albicilla (Pallas, 1811)",Muscicapidae,Ficedula,albicilla,Species,M,Whole year,133
6,Baotou Teachers's College,"Upupa epops (Linnaeus, 1758)",Upupidae,Upupa,epops,Species,M,Whole year,133
8,Beijing Forestry University,"Corvus macrorhynchos (Wagler, 1827)",Corvidae,Corvus,macrorhynchos,Species,R,Winter,174
8,Beijing Forestry University,"Cyanopica cyanus (Pallas, 1776)",Corvidae,Cyanopica,cyanus,Species,R,Winter,174
8,Beijing Forestry University,"Eophona migratoria (Hartert, 1903)",Fringillidae,Eophona,migratoria,Species,M,Winter,174
8,Beijing Forestry University,"Falco tinnunculus (Linnaeus, 1758)",Falconidae,Falco,tinnunculus,Species,R,Winter,174
8,Beijing Forestry University,"Fringilla montifringilla (Linnaeus, 1758)",Fringillidae,Fringilla,montifringilla,Species,M,Winter,174
8,Beijing Forestry University,"Passer montanus (Linnaeus, 1758)",Passeridae,Passer,montanus,Species,R,Winter,174
8,Beijing Forestry University,"Pica pica (Linnaeus, 1758)",Corvidae,Pica,pica,Species,R,Winter,174
8,Beijing Forestry University,"Picoides canicapillus (Blyth, 1845)",Picidae,Picoides,canicapillus,Species,R,Winter,174
8,Beijing Forestry University,"Picus canus (Gmelin, 1788)",Picidae,Picus,canus,Species,R,Winter,174
8,Beijing Forestry University,"Picus major (Linnaeus, 1758)",Picidae,Picus,major,Species,R,Winter,174
8,Beijing Forestry University,"Pycnonotus sinensis (Gmelin, 1789)",Pycnonotidae,Pycnonotus,sinensis,Species,R,Winter,174
8,Beijing Forestry University,"Streptopelia capicola (Sundevall, 1857)",Columbidae,Streptopelia,capicola,Species,R,Winter,174
8,Beijing Forestry University,"Sturnus cineraceus (Temminck, 1835)",Sturnidae,Sturnus,cineraceus,Species,R,Winter,174
8,Beijing Forestry University,"Urocissa erythrorhyncha (Boddaert, 1783)",Corvidae,Urocissa,erythrorhyncha,Species,R,Winter,174
26,Chifeng University,"Passer montanus (Linnaeus, 1758)",Passeridae,Passer,montanus,Species,R,Whole year,133
26,Chifeng University,"Carduelis sinica (Linnaeus, 1766)",Fringillidae,Carduelis,sinica,Species,R,Whole year,133
26,Chifeng University,"Hirundo daurica (Laxmann, 1769)",Laridae,Hirundo,daurica,Species,M,Whole year,133
26,Chifeng University,"Pycnonotus sinensis (Gmelin, 1789)",Pycnonotidae,Pycnonotus,sinensis,Species,R,Whole year,133
26,Chifeng University,"Hirundo rustica (Linnaeus, 1758)",Laridae,Hirundo,rustica,Species,M,Whole year,133
26,Chifeng University,"Apus apus (Linnaeus, 1758)",Apodidae,Apus,apus,Species,M,Whole year,133
26,Chifeng University,"Lanius cristatus (Linnaeus, 1758)",Laniidae,Lanius,cristatus,Species,M,Whole year,133
26,Chifeng University,"Pica pica (Linnaeus, 1758)",Corvidae,Pica,pica,Species,R,Whole year,133
26,Chifeng University,"Parus ater (Linnaeus, 1758)",Paridae,Parus,ater,Species,R,Whole year,133
26,Chifeng University,"Streptopelia decaocto (Frivaldszky, 1838)",Columbidae,Streptopelia,decaocto,Species,R,Whole year,133
26,Chifeng University,"Ficedula albicilla (Pallas, 1811)",Muscicapidae,Ficedula,albicilla,Species,M,Whole year,133
26,Chifeng University,"Parus major (Linnaeus, 1758)",Paridae,Parus,major,Species,R,Whole year,133
26,Chifeng University,"Corvus corone (Linnaeus, 1758)",Corvidae,Corvus,corone,Species,R,Whole year,133
26,Chifeng University,"Corvus dauuricus (Pallas, 1776)",Corvidae,Corvus,dauuricus,Species,R,Whole year,133
26,Chifeng University,"Sturnus cineraceus (Temminck, 1835)",Sturnidae,Sturnus,cineraceus,Species,M,Whole year,133
26,Chifeng University,"Lanius isabellinus (Hemprich & Ehrenberg, 1833)",Laniidae,Lanius,isabellinus,Species,M,Whole year,133
26,Chifeng University,"Sturnus sturninus (Pallas, 1776)",Sturnidae,Sturnus,sturninus,Species,M,Whole year,133
31,"Chongqing University of Arts and Sciences, Xinghu Campus","Zosterops japonicus (Temminck & Schlegel, 1845)",Zosteropidae,Zosterops,japonicus,Species,M,Whole year,230
31,"Chongqing University of Arts and Sciences, Xinghu Campus","Motacilla alba (Linnaeus, 1758)",Motacillidae,Motacilla,alba,Species,R,Whole year,230
31,"Chongqing University of Arts and Sciences, Xinghu Campus","Egretta garzetta (Linnaeus, 1766)",Ardeidae,Egretta,garzetta,Species,R,Whole year,230
31,"Chongqing University of Arts and Sciences, Xinghu Campus","Pycnonotus sinensis (Gmelin, 1789)",Pycnonotidae,Pycnonotus,sinensis,Species,R,Whole year,230
31,"Chongqing University of Arts and Sciences, Xinghu Campus","Glaucidium cuculoides (Vigors, 1831)",Strigidae,Glaucidium,cuculoides,Species,R,Whole year,230
31,"Chongqing University of Arts and Sciences, Xinghu Campus","Lonchura punctulata (Linnaeus, 1758)",Estrildidae,Lonchura,punctulata,Species,R,Whole year,230
31,"Chongqing University of Arts and Sciences, Xinghu Campus","Ardea cinerea (Linnaeus, 1758)",Ardeidae,Ardea,cinerea,Species,R,Whole year,230
31,"Chongqing University of Arts and Sciences, Xinghu Campus","Ardeola bacchus (Bonaparte, 1855)",Ardeidae,Ardeola,bacchus,Species,R,Whole year,230
31,"Chongqing University of Arts and Sciences, Xinghu Campus","Cuculus canorus (Linnaeus, 1758)",scolopacea,Cuculus,canorus,Species,M,Whole year,230
31,"Chongqing University of Arts and Sciences, Xinghu Campus","Parus major (Linnaeus, 1758)",Paridae,Parus,major,Species,R,Whole year,230
31,"Chongqing University of Arts and Sciences, Xinghu Campus","Upupa epops (Linnaeus, 1758)",Upupidae,Upupa,epops,Species,M,Whole year,230
31,"Chongqing University of Arts and Sciences, Xinghu Campus","Gallicrex cinerea (Gmelin, 1789)",Rallidae,Gallicrex,cinerea,Species,M,Whole year,230
31,"Chongqing University of Arts and Sciences, Xinghu Campus","Fulica atra (Linnaeus, 1758)",Rallidae,Fulica,atra,Species,M,Whole year,230
31,"Chongqing University of Arts and Sciences, Xinghu Campus","Picus canus (Gmelin, 1788)",Picidae,Picus,canus,Species,R,Whole year,230
31,"Chongqing University of Arts and Sciences, Xinghu Campus","Chrysolophus pictus (Linnaeus, 1758)",Phasianidae,Chrysolophus,pictus,Species,R,Whole year,230
31,"Chongqing University of Arts and Sciences, Xinghu Campus","Rhyacornis fuliginosa (Vigors, 1831)",Muscicapidae,Rhyacornis,fuliginosa,Species,R,Whole year,230
31,"Chongqing University of Arts and Sciences, Xinghu Campus","Leiothrix lutea (Scopoli, 1786)",Leiothrichidae,Leiothrix,lutea,Species,R,Whole year,230
31,"Chongqing University of Arts and Sciences, Xinghu Campus","Lanius tigrinus (Drapiez, 1828)",Laniidae,Lanius,tigrinus,Species,M,Whole year,230
31,"Chongqing University of Arts and Sciences, Xinghu Campus","Garrulax canorus (Linnaeus, 1758)",Leiothrichidae,Garrulax,canorus,Species,R,Whole year,230
31,"Chongqing University of Arts and Sciences, Xinghu Campus","Hirundo rustica (Linnaeus, 1758)",Laridae,Hirundo,rustica,Species,M,Whole year,230
31,"Chongqing University of Arts and Sciences, Xinghu Campus","Hirundo daurica (Laxmann, 1769)",Laridae,Hirundo,daurica,Species,M,Whole year,230
31,"Chongqing University of Arts and Sciences, Xinghu Campus","Monticola solitarius (Linnaeus, 1758)",Muscicapidae,Monticola,solitarius,Species,R,Whole year,230
31,"Chongqing University of Arts and Sciences, Xinghu Campus","Ixobrychus cinnamomeus (Gmelin, 1789)",Ardeidae,Ixobrychus,cinnamomeus,Species,M,Whole year,230
31,"Chongqing University of Arts and Sciences, Xinghu Campus","Passer montanus (Linnaeus, 1758)",Passeridae,Passer,montanus,Species,R,Whole year,230
31,"Chongqing University of Arts and Sciences, Xinghu Campus","Alcedo atthis (Linnaeus, 1758)",Alcedinidae,Alcedo,atthis,Species,R,Whole year,230
31,"Chongqing University of Arts and Sciences, Xinghu Campus","Caprimulgus indicus (Latham, 1790)",Caprimulgidae,Caprimulgus,indicus,Species,M,Whole year,230
31,"Chongqing University of Arts and Sciences, Xinghu Campus","Copsychus saularis (Linnaeus, 1758)",Muscicapidae,Copsychus,saularis,Species,R,Whole year,230
31,"Chongqing University of Arts and Sciences, Xinghu Campus","Streptopelia orientalis (Latham, 1790)",Columbidae,Streptopelia,orientalis,Species,R,Whole year,230
31,"Chongqing University of Arts and Sciences, Xinghu Campus","Dendronanthus indicus (Gmelin, 1789)",Motacillidae,Dendronanthus,indicus,Species,R,Whole year,230
31,"Chongqing University of Arts and Sciences, Xinghu Campus","Turdus merula (Linnaeus, 1758)",Turdidae,Turdus,merula,Species,R,Whole year,230
31,"Chongqing University of Arts and Sciences, Xinghu Campus","Tachybaptus ruficollis (Pallas, 1764)",Podicipedidae,Tachybaptus,ruficollis,Species,M,Whole year,230
31,"Chongqing University of Arts and Sciences, Xinghu Campus","Nycticorax nycticorax (Linnaeus, 1758)",Ardeidae,Nycticorax,nycticorax,Species,R,Whole year,230
31,"Chongqing University of Arts and Sciences, Xinghu Campus","Cuculus sparverioides (Vigors, 1832)",scolopacea,Cuculus,sparverioides,Species,M,Whole year,230
31,"Chongqing University of Arts and Sciences, Xinghu Campus","Milvus korschun (Boddaert, 1783)",Accipitridae,Milvus,korschun,Species,R,Whole year,230
31,"Chongqing University of Arts and Sciences, Xinghu Campus","Lanius schach (Linnaeus, 1758)",Laniidae,Lanius,schach,Species,R,Whole year,230
36,Dali University,"Buteo buteo (Linnaeus, 1758)",Accipitridae,Buteo,buteo,Species,M,Whole year,213
36,Dali University,"Streptopelia chinensis (Scopoli, 1786)",Columbidae,Streptopelia,chinensis,Species,R,Whole year,213
36,Dali University,"Alcedo atthis (Linnaeus, 1758)",Alcedinidae,Alcedo,atthis,Species,R,Whole year,213
36,Dali University,"Cuculus canorus (Linnaeus, 1758)",scolopacea,Cuculus,canorus,Species,M,Whole year,213
36,Dali University,"Upupa epops (Linnaeus, 1758)",Upupidae,Upupa,epops,Species,R,Whole year,213
36,Dali University,"Picoides canicapillus (Blyth, 1845)",Picidae,Picoides,canicapillus,Species,R,Whole year,213
36,Dali University,"Alauda gulgula (Franklin, 1831)",Alaudidae,Alauda,gulgula,Species,R,Whole year,213
36,Dali University,"Delichon dasypus (Bonaparte, 1850)",Hirundinidae,Delichon,dasypus,Species,M,Whole year,213
36,Dali University,"Motacilla cinerea (Tunstall, 1771)",Motacillidae,Motacilla,cinerea,Species,M,Whole year,213
36,Dali University,"Motacilla alba (Linnaeus, 1758)",Motacillidae,Motacilla,alba,Species,R,Whole year,213
36,Dali University,"Anthus hodgsoni (Richmond, 1907)",Motacillidae,Anthus,hodgsoni,Species,M,Whole year,213
36,Dali University,"Pycnonotus xanthorrhous (Anderson, 1869)",Pycnonotidae,Pycnonotus,xanthorrhous,Species,R,Whole year,213
36,Dali University,"Pycnonotus aurigaster (Vieillot, 1818)",Pycnonotidae,Pycnonotus,aurigaster,Species,R,Whole year,213
36,Dali University,"Lanius schach (Linnaeus, 1758)",Laniidae,Lanius,schach,Species,R,Whole year,213
36,Dali University,"Lanius tephronotus (Vigors, 1831)",Laniidae,Lanius,tephronotus,Species,R,Whole year,213
36,Dali University,"Dicrurus macrocercus (Vieillot, 1817)",Dicruridae,Dicrurus,macrocercus,Species,M,Whole year,213
36,Dali University,"Dicrurus leucophaeus (Vieillot, 1817)",Dicruridae,Dicrurus,leucophaeus,Species,M,Whole year,213
36,Dali University,"Acridotheres tristis (Linnaeus, 1766)",Sturnidae,Acridotheres,tristis,Species,R,Whole year,213
36,Dali University,"Urocissa erythrorhyncha (Boddaert, 1783)",Corvidae,Urocissa,erythrorhyncha,Species,R,Whole year,213
36,Dali University,"Pica pica (Linnaeus, 1758)",Corvidae,Pica,pica,Species,R,Whole year,213
36,Dali University,"Prunella strophiata (Blyth, 1843)",Prunellidae,Prunella,strophiata,Species,R,Whole year,213
36,Dali University,"Prunella immaculate (Hodgson, 1845)",Prunellidae,Prunella,immaculate,Species,R,Whole year,213
36,Dali University,"Copsychus saularis (Linnaeus, 1758)",Muscicapidae,Copsychus,saularis,Species,R,Whole year,213
36,Dali University,"Tarsiger indicus (Vieillot, 1817)",Muscicapidae,Tarsiger,indicus,Species,R,Whole year,213
36,Dali University,"Phoenicurus hodgsoni (Moore, 1854)",Muscicapidae,Phoenicurus,hodgsoni,Species,R,Whole year,213
36,Dali University,"Phoenicurus frontalis (Vigors, 1832)",Muscicapidae,Phoenicurus,frontalis,Species,R,Whole year,213
36,Dali University,"Phoenicurus auroreus (Pallas, 1776)",Muscicapidae,Phoenicurus,auroreus,Species,M,Whole year,213
36,Dali University,"Saxicola torquata (Linnaeus, 1766)",Muscicapidae,Saxicola,torquata,Species,R,Whole year,213
36,Dali University,"Pomatorhinus erythrocnemis (Gould, 1863)",Timaliidae,Pomatorhinus,erythrocnemis,Species,R,Whole year,213
36,Dali University,"Garrulax canorus (Linnaeus, 1758)",Leiothrichidae,Garrulax,canorus,Species,R,Whole year,213
36,Dali University,"Garrulax sannio (Swinhoe, 1867)",Leiothrichidae,Garrulax,sannio,Species,R,Whole year,213
36,Dali University,"Heterophasia annectens (Blyth, 1847)",Leiothrichidae,Heterophasia,annectens,Species,R,Whole year,213
36,Dali University,"Heterophasia melanoleuca (Blyth, 1859)",Leiothrichidae,Heterophasia,melanoleuca,Species,R,Whole year,213
36,Dali University,"Yuhina diademata (J.Verreaux, 1869)",Zosteropidae,Yuhina,diademata,Species,R,Whole year,213
36,Dali University,"Yuhina occipitalis (Hodgson, 1836)",Zosteropidae,Yuhina,occipitalis,Species,R,Whole year,213
36,Dali University,"Paradoxornis guttaticollis (David, 1871)",Paradoxornithidae,Paradoxornis,guttaticollis,Species,R,Whole year,213
36,Dali University,"Acrocephalus orientalis (Temminck & Schlegel, 1847)",Acrocephalidae,Acrocephalus,orientalis,Species,R,Whole year,213
36,Dali University,"Phylloscopus pulcher (Blyth, 1845)",Phylloscopidae,Phylloscopus,pulcher,Species,R,Whole year,213
36,Dali University,"Phylloscopus inornatus (Blyth, 1842)",Phylloscopidae,Phylloscopus,inornatus,Species,M,Whole year,213
36,Dali University,"Prinia subflava (Gmelin, 1789)",Cisticolidae,Prinia,subflava,Species,R,Whole year,213
36,Dali University,"Prinia flaviventris (Delessert, 1840)",Cisticolidae,Prinia,flaviventris,Species,R,Whole year,213
36,Dali University,"Ficedula parva (Bechstein, 1792)",Muscicapidae,Ficedula,parva,Species,M,Whole year,213
36,Dali University,"Niltava davidi (La Touche, 1907)",Muscicapidae,Niltava,davidi,Species,R,Whole year,213
36,Dali University,"Niltava sundara (Hodgson, 1837)",Muscicapidae,Niltava,sundara,Species,R,Whole year,213
36,Dali University,"Muscicapa thalassina (Swainson, 1838)",Muscicapidae,Muscicapa,thalassina,Species,R,Whole year,213
36,Dali University,"Culicicapa ceylonensis (Swainson, 1820)",Muscicapidae,Culicicapa,ceylonensis,Species,R,Whole year,213
36,Dali University,"Parus major (Linnaeus, 1758)",Paridae,Parus,major,Species,R,Whole year,213
36,Dali University,"Parus monticolus (Vigors, 1831)",Paridae,Parus,monticolus,Species,R,Whole year,213
36,Dali University,"Aegithalos concinnus (Gould, 1855)",Aegithalidae,Aegithalos,concinnus,Species,R,Whole year,213
36,Dali University,"Aegithalos iouschistos (Blyth, 1845)",Aegithalidae,Aegithalos,iouschistos,Species,R,Whole year,213
36,Dali University,"Zosterops japonica (Temminck & Schlegel, 1845)",Zosteropidae,Zosterops,japonica,Species,R,Whole year,213
36,Dali University,"Passer montanus (Linnaeus, 1758)",Passeridae,Passer,montanus,Species,R,Whole year,213
36,Dali University,"Passer rutilans (Temminck, 1836)",Passeridae,Passer,rutilans,Species,R,Whole year,213
36,Dali University,"Carduelis ambigua (Oustalet, 1896)",Fringillidae,Carduelis,ambigua,Species,R,Whole year,213
36,Dali University,"Emberiza pusilla (Pallas, 1776)",Emberizidae,Emberiza,pusilla,Species,M,Whole year,213
36,Dali University,"Tachybaptus ruficollis (Pallas, 1764)",Podicipedidae,Tachybaptus,ruficollis,Species,R,Whole year,213
44,Fujian Agriculture and Forestry University,"Zosterops japonicus (Temminck & Schlegel, 1845)",Zosteropidae,Zosterops,japonicus,Species,R,Whole year,125
44,Fujian Agriculture and Forestry University,"Acridotheres cristatellus (Linnaeus, 1758)",Sturnidae,Acridotheres,cristatellus,Species,R,Whole year,125
44,Fujian Agriculture and Forestry University,"Motacilla alba (Linnaeus, 1758)",Motacillidae,Motacilla,alba,Species,R,Whole year,125
44,Fujian Agriculture and Forestry University,"Egretta garzetta (Linnaeus, 1766)",Ardeidae,Egretta,garzetta,Species,M,Whole year,125
44,Fujian Agriculture and Forestry University,"Pycnonotus sinensis (Gmelin, 1789)",Pycnonotidae,Pycnonotus,sinensis,Species,R,Whole year,125
44,Fujian Agriculture and Forestry University,"Lophura nycthemera (Linnaeus, 1758)",Phasianidae,Lophura,nycthemera,Species,R,Whole year,125
44,Fujian Agriculture and Forestry University,"Halcyon smyrnensis (Linnaeus, 1758)",Alcedinidae,Halcyon,smyrnensis,Species,R,Whole year,125
44,Fujian Agriculture and Forestry University,"Amaurornis phoenicurus (Pennant, 1769)",Rallidae,Amaurornis,phoenicurus,Species,R,Whole year,125
44,Fujian Agriculture and Forestry University,"Lonchura striata (Linnaeus, 1766)",Estrildidae,Lonchura,striata,Species,R,Whole year,125
44,Fujian Agriculture and Forestry University,"Glaucidium cuculoides (Vigors, 1831)",Strigidae,Glaucidium,cuculoides,Species,R,Whole year,125
44,Fujian Agriculture and Forestry University,"Lonchura punctulata (Linnaeus, 1758)",Estrildidae,Lonchura,punctulata,Species,R,Whole year,125
44,Fujian Agriculture and Forestry University,"Ceryle rudis (Linnaeus, 1758)",Alcedinidae,Ceryle,rudis,Species,R,Whole year,125
44,Fujian Agriculture and Forestry University,"Phoenicurus auroreus (Pallas, 1776)",Muscicapidae,Phoenicurus,auroreus,Species,M,Whole year,125
44,Fujian Agriculture and Forestry University,"Aethopyga christinae (Swinhoe, 1869)",Nectariniidae,Aethopyga,christinae,Species,R,Whole year,125
44,Fujian Agriculture and Forestry University,"Chloropsis hardwickii (Jardine & Selby, 1830)",Chloropseidae,Chloropsis,hardwickii,Species,R,Whole year,125
44,Fujian Agriculture and Forestry University,"Ardeola bacchus (Bonaparte, 1855)",Ardeidae,Ardeola,bacchus,Species,M,Whole year,125
44,Fujian Agriculture and Forestry University,"Parus major (Linnaeus, 1758)",Paridae,Parus,major,Species,R,Whole year,125
44,Fujian Agriculture and Forestry University,"Upupa epops (Linnaeus, 1758)",Upupidae,Upupa,epops,Species,M,Whole year,125
44,Fujian Agriculture and Forestry University,"Dicrurus hottentottus (Linnaeus, 1766)",Dicruridae,Dicrurus,hottentottus,Species,M,Whole year,125
44,Fujian Agriculture and Forestry University,"Accipiter trivirgatus (Temminck, 1824)",Accipitridae,Accipiter,trivirgatus,Species,M,Whole year,125
44,Fujian Agriculture and Forestry University,"Centropus sinensis (Stephens, 1815)",Cuculidae,Centropus,sinensis,Species,M,Whole year,125
44,Fujian Agriculture and Forestry University,"Prinia inornata (Sykes, 1832)",Cisticolidae,Prinia,inornata,Species,R,Whole year,125
44,Fujian Agriculture and Forestry University,"Garrulax perspicillatus (Gmelin, 1789)",Leiothrichidae,Garrulax,perspicillatus,Species,R,Whole year,125
44,Fujian Agriculture and Forestry University,"Sturnus nigricollis (Paykull, 1807)",Sturnidae,Sturnus,nigricollis,Species,R,Whole year,125
44,Fujian Agriculture and Forestry University,"Gallinula chloropus (Linnaeus, 1758)",Rallidae,Gallinula,chloropus,Species,R,Whole year,125
44,Fujian Agriculture and Forestry University,"Eophona migratoria (Hartert, 1903)",Fringillidae,Eophona,migratoria,Species,M,Whole year,125
44,Fujian Agriculture and Forestry University,"Pycnonotus jocosus (Linnaeus, 1758)",Pycnonotidae,Pycnonotus,jocosus,Species,R,Whole year,125
44,Fujian Agriculture and Forestry University,"Falco tinnunculus (Linnaeus, 1758)",Falconidae,Falco,tinnunculus,Species,R,Whole year,125
44,Fujian Agriculture and Forestry University,"Harpactes erythrocephalus (Gould, 1834)",Trogonidae,Harpactes,erythrocephalus,Species,M,Whole year,125
44,Fujian Agriculture and Forestry University,"Lanius cristatus (Linnaeus, 1758)",Laniidae,Lanius,cristatus,Species,M,Whole year,125
44,Fujian Agriculture and Forestry University,"Tarsiger cyanurus (Pallas, 1773)",Muscicapidae,Tarsiger,cyanurus,Species,M,Whole year,125
44,Fujian Agriculture and Forestry University,"Dicaeum ignipectus (Blyth, 1843)",Dicaeidae,Dicaeum,ignipectus,Species,R,Whole year,125
44,Fujian Agriculture and Forestry University,"Urocissa erythrorhyncha (Boddaert, 1783)",Corvidae,Urocissa,erythrorhyncha,Species,R,Whole year,125
44,Fujian Agriculture and Forestry University,"Zoothera dauma (Latham, 1790)",Turdidae,Zoothera,dauma,Species,M,Whole year,125
44,Fujian Agriculture and Forestry University,"Garrulax canorus (Linnaeus, 1758)",Leiothrichidae,Garrulax,canorus,Species,R,Whole year,125
44,Fujian Agriculture and Forestry University,"Charadrius alexandrinus (Linnaeus, 1758)",Charadriidae,Charadrius,alexandrinus,Species,M,Whole year,125
44,Fujian Agriculture and Forestry University,"Phasianus colchicus (Linnaeus, 1758)",Jacanidae,Phasianus,colchicus,Species,R,Whole year,125
44,Fujian Agriculture and Forestry University,"Prinia flaviventris (Delessert, 1840)",Cisticolidae,Prinia,flaviventris,Species,R,Whole year,125
44,Fujian Agriculture and Forestry University,"Parus venustulus (R. Swinhoe, 1870)",Paridae,Parus,venustulus,Species,R,Whole year,125
44,Fujian Agriculture and Forestry University,"Emberiza chrysophrys (Pallas, 1776)",Emberizidae,Emberiza,chrysophrys,Species,M,Whole year,125
44,Fujian Agriculture and Forestry University,"Turdus hortulorum (P.L.Sclater, 1863)",Turdidae,Turdus,hortulorum,Species,M,Whole year,125
44,Fujian Agriculture and Forestry University,"Hirundo rustica (Linnaeus, 1758)",Laridae,Hirundo,rustica,Species,M,Whole year,125
44,Fujian Agriculture and Forestry University,"Carduelis sinica (Linnaeus, 1766)",Fringillidae,Carduelis,sinica,Species,R,Whole year,125
44,Fujian Agriculture and Forestry University,"Charadrius dubius (Scopoli, 1786)",Charadriidae,Charadrius,dubius,Species,M,Whole year,125
44,Fujian Agriculture and Forestry University,"Hirundo daurica (Laxmann, 1769)",Laridae,Hirundo,daurica,Species,M,Whole year,125
44,Fujian Agriculture and Forestry University,"Passer montanus (Linnaeus, 1758)",Passeridae,Passer,montanus,Species,R,Whole year,125
44,Fujian Agriculture and Forestry University,"Bubulcus ibis (Linnaeus, 1758)",Ardeidae,Bubulcus,ibis,Species,M,Whole year,125
44,Fujian Agriculture and Forestry University,"Alcedo atthis (Linnaeus, 1758)",Alcedinidae,Alcedo,atthis,Species,R,Whole year,125
44,Fujian Agriculture and Forestry University,"Copsychus saularis (Linnaeus, 1758)",Muscicapidae,Copsychus,saularis,Species,R,Whole year,125
44,Fujian Agriculture and Forestry University,"Streptopelia orientalis (Latham, 1790)",Columbidae,Streptopelia,orientalis,Species,R,Whole year,125
44,Fujian Agriculture and Forestry University,"Anthus hodgsoni (Richmond, 1907)",Motacillidae,Anthus,hodgsoni,Species,R,Whole year,125
44,Fujian Agriculture and Forestry University,"Sturnus sericeus (Gmelin, 1789)",Sturnidae,Sturnus,sericeus,Species,R,Whole year,125
44,Fujian Agriculture and Forestry University,"Turdus merula (Linnaeus, 1758)",Turdidae,Turdus,merula,Species,M,Whole year,125
44,Fujian Agriculture and Forestry University,"Pica pica (Linnaeus, 1758)",Corvidae,Pica,pica,Species,R,Whole year,125
44,Fujian Agriculture and Forestry University,"Tachybaptus ruficollis (Pallas, 1764)",Podicipedidae,Tachybaptus,ruficollis,Species,M,Whole year,125
44,Fujian Agriculture and Forestry University,"Porzana pusilla (Pallas, 1776)",Rallidae,Porzana,pusilla,Species,M,Whole year,125
44,Fujian Agriculture and Forestry University,"Alauda gulgula (Franklin, 1831)",Alaudidae,Alauda,gulgula,Species,M,Whole year,125
44,Fujian Agriculture and Forestry University,"Nycticorax nycticorax (Linnaeus, 1758)",Ardeidae,Nycticorax,nycticorax,Species,M,Whole year,125
44,Fujian Agriculture and Forestry University,"Streptopelia capicola (Sundevall, 1857)",Columbidae,Streptopelia,capicola,Species,R,Whole year,125
44,Fujian Agriculture and Forestry University,"Myophonus caeruleus (Scopoli, 1786)",Muscicapidae,Myophonus,caeruleus,Species,R,Whole year,125
44,Fujian Agriculture and Forestry University,"Lanius schach (Linnaeus, 1758)",Laniidae,Lanius,schach,Species,R,Whole year,125
82,Hechi University,"Zosterops japonicus (Temminck & Schlegel, 1845)",Zosteropidae,Zosterops,japonicus,Species,R,Whole year,101
82,Hechi University,"Acridotheres cristatellus (Linnaeus, 1758)",Sturnidae,Acridotheres,cristatellus,Species,R,Whole year,101
82,Hechi University,"Cacomantis merulinus (Scopoli, 1786)",Cuculidae,Cacomantis,merulinus,Species,M,Whole year,101
82,Hechi University,"Egretta garzetta (Linnaeus, 1766)",Ardeidae,Egretta,garzetta,Species,R,Whole year,101
82,Hechi University,"Ficedula zanthopygia (Hay, 1845)",Muscicapidae,Ficedula,zanthopygia,Species,M,Whole year,101
82,Hechi University,"Pycnonotus sinensis (Gmelin, 1789)",Pycnonotidae,Pycnonotus,sinensis,Species,R,Whole year,101
82,Hechi University,"Halcyon smyrnensis (Linnaeus, 1758)",Alcedinidae,Halcyon,smyrnensis,Species,R,Whole year,101
82,Hechi University,"Amaurornis phoenicurus (Pennant, 1769)",Rallidae,Amaurornis,phoenicurus,Species,R,Whole year,101
82,Hechi University,"Tringa ochropus (Linnaeus, 1758)",Scolopacidae,Tringa,ochropus,Species,M,Whole year,101
82,Hechi University,"Lonchura striata (Linnaeus, 1766)",Estrildidae,Lonchura,striata,Species,R,Whole year,101
82,Hechi University,"Glaucidium cuculoides (Vigors, 1831)",Strigidae,Glaucidium,cuculoides,Species,R,Whole year,101
82,Hechi University,"Lonchura punctulata (Linnaeus, 1758)",Estrildidae,Lonchura,punctulata,Species,R,Whole year,101
82,Hechi University,"Phoenicurus auroreus (Pallas, 1776)",Muscicapidae,Phoenicurus,auroreus,Species,M,Whole year,101
82,Hechi University,"Muscicapa dauurica (Pallas, 1811)",Muscicapidae,Muscicapa,dauurica,Species,M,Whole year,101
82,Hechi University,"Aethopyga christinae (Swinhoe, 1869)",Nectariniidae,Aethopyga,christinae,Species,R,Whole year,101
82,Hechi University,"Ardeola bacchus (Bonaparte, 1855)",Ardeidae,Ardeola,bacchus,Species,R,Whole year,101
82,Hechi University,"Prinia inornata (Sykes, 1832)",Cisticolidae,Prinia,inornata,Species,R,Whole year,101
82,Hechi University,"Dicaeum concolor (Jerdon, 1840)",Dicaeidae,Dicaeum,concolor,Species,R,Whole year,101
82,Hechi University,"Parus major (Linnaeus, 1758)",Paridae,Parus,major,Species,R,Whole year,101
82,Hechi University,"Upupa epops (Linnaeus, 1758)",Upupidae,Upupa,epops,Species,M,Whole year,101
82,Hechi University,"Acrocephalus orientalis (Temminck & Schlegel, 1847)",Acrocephalidae,Acrocephalus,orientalis,Species,M,Whole year,101
82,Hechi University,"Melophus lathami (J.E.Gray, 1831)",Emberizidae,Melophus,lathami,Species,R,Whole year,101
82,Hechi University,"Niltava hainanus (Ogilvie-Grant, 1900)",Muscicapidae,Niltava,hainanus,Species,M,Whole year,101
82,Hechi University,"Centropus sinensis (Stephens, 1815)",Cuculidae,Centropus,sinensis,Species,R,Whole year,101
82,Hechi University,"Phylloscopus fuscatus (Blyth, 1842)",Phylloscopidae,Phylloscopus,fuscatus,Species,M,Whole year,101
82,Hechi University,"Motacilla lugens (Gloger, 1829)",Motacillidae,Motacilla,lugens,Species,R,Whole year,101
82,Hechi University,"Prinia atrogularis (Moore, 1854)",Cisticolidae,Prinia,atrogularis,Species,R,Whole year,101
82,Hechi University,"Saxicola torquatus (Linnaeus, 1766)",Muscicapidae,Saxicola,torquatus,Species,M,Whole year,101
82,Hechi University,"Dicrurus macrocercus (Vieillot, 1817)",Dicruridae,Dicrurus,macrocercus,Species,M,Whole year,101
82,Hechi University,"Gallinula chloropus (Linnaeus, 1758)",Rallidae,Gallinula,chloropus,Species,M,Whole year,101
82,Hechi University,"Eophona personata (Temminck & Schlegel, 1848)",Fringillidae,Eophona,personata,Species,M,Whole year,101
82,Hechi University,"Milvus migrans (Boddaert, 1783)",Accipitridae,Milvus,migrans,Species,R,Whole year,101
82,Hechi University,"Oriolus chinensis (Linnaeus, 1766)",Oriolidae,Oriolus,chinensis,Species,M,Whole year,101
82,Hechi University,"Hypothymis azurea (Boddaert, 1783)",Muscicapidae,Hypothymis,azurea,Species,M,Whole year,101
82,Hechi University,"Pycnonotus jocosus (Linnaeus, 1758)",Pycnonotidae,Pycnonotus,jocosus,Species,R,Whole year,101
82,Hechi University,"Luscinia calliope (Pallas, 1776)",Muscicapidae,Luscinia,calliope,Species,M,Whole year,101
82,Hechi University,"Amaurornis akool (Sykes, 1832)",Rallidae,Amaurornis,akool,Species,R,Whole year,101
82,Hechi University,"Falco tinnunculus (Linnaeus, 1758)",Falconidae,Falco,tinnunculus,Species,R,Whole year,101
82,Hechi University,"Stachyris ruficeps (Blyth, 1847)",Timaliidae,Stachyris,ruficeps,Species,R,Whole year,101
82,Hechi University,"Aegithalos concinnus (Gould, 1855)",Aegithalidae,Aegithalos,concinnus,Species,R,Whole year,101
82,Hechi University,"Turdus naumanni (Temminck, 1820)",Turdidae,Turdus,naumanni,Species,M,Whole year,101
82,Hechi University,"Rhyacornis fuliginosa (Vigors, 1831)",Muscicapidae,Rhyacornis,fuliginosa,Species,R,Whole year,101
82,Hechi University,"Tarsiger cyanurus (Pallas, 1773)",Muscicapidae,Tarsiger,cyanurus,Species,M,Whole year,101
82,Hechi University,"Zosterops erythropleurus (Swinhoe, 1863)",Zosteropidae,Zosterops,erythropleurus,Species,M,Whole year,101
82,Hechi University,"Urocissa erythrorhyncha (Boddaert, 1783)",Corvidae,Urocissa,erythrorhyncha,Species,R,Whole year,101
82,Hechi University,"Garrulax canorus (Linnaeus, 1758)",Leiothrichidae,Garrulax,canorus,Species,R,Whole year,101
82,Hechi University,"Ixobrychus sinensis (Gmelin, 1789)",Ardeidae,Ixobrychus,sinensis,Species,R,Whole year,101
82,Hechi University,"Nectarinia jugularis (Linnaeus, 1766)",Nectariniidae,Nectarinia,jugularis,Species,R,Whole year,101
82,Hechi University,"Prinia flaviventris (Delessert, 1840)",Cisticolidae,Prinia,flaviventris,Species,R,Whole year,101
82,Hechi University,"Phylloscopus inornatus (Blyth, 1842)",Phylloscopidae,Phylloscopus,inornatus,Species,M,Whole year,101
82,Hechi University,"Pycnonotus xanthorrhous (Anderson, 1869)",Pycnonotidae,Pycnonotus,xanthorrhous,Species,R,Whole year,101
82,Hechi University,"Phylloscopus proregulus (Pallas, 1811)",Phylloscopidae,Phylloscopus,proregulus,Species,M,Whole year,101
82,Hechi University,"Turdus hortulorum (P.L.Sclater, 1863)",Turdidae,Turdus,hortulorum,Species,M,Whole year,101
82,Hechi University,"Motacilla cinerea (Tunstall, 1771)",Motacillidae,Motacilla,cinerea,Species,M,Whole year,101
82,Hechi University,"Dicrurus leucophaeus (Vieillot, 1817)",Dicruridae,Dicrurus,leucophaeus,Species,M,Whole year,101
82,Hechi University,"Alcippe morrisonia (Swinhoe, 1863)",Pellorneidae,Alcippe,morrisonia,Species,R,Whole year,101
82,Hechi University,"Sturnus cineraceus (Temminck, 1835)",Sturnidae,Sturnus,cineraceus,Species,M,Whole year,101
82,Hechi University,"Pericrocotus cantonensis (Swinhoe & P.L.Sclater, 1861)",Campephagidae,Pericrocotus,cantonensis,Species,M,Whole year,101
82,Hechi University,"Muscicapa griseisticta (Swinhoe, 1861)",Muscicapidae,Muscicapa,griseisticta,Species,M,Whole year,101
82,Hechi University,"Prinia hodgsonii (Blyth, 1844)",Cisticolidae,Prinia,hodgsonii,Species,R,Whole year,101
82,Hechi University,"Gallirallus striatus (Linnaeus, 1766)",Rallidae,Gallirallus,striatus,Species,R,Whole year,101
82,Hechi University,"Actitis hypoleucos (Linnaeus, 1758)",Scolopacidae,Actitis,hypoleucos,Species,M,Whole year,101
82,Hechi University,"Phylloscopus borealis (J.H.Blasius, 1858)",Phylloscopidae,Phylloscopus,borealis,Species,M,Whole year,101
82,Hechi University,"Hirundo rustica (Linnaeus, 1758)",Laridae,Hirundo,rustica,Species,M,Whole year,101
82,Hechi University,"Carduelis sinica (Linnaeus, 1766)",Fringillidae,Carduelis,sinica,Species,R,Whole year,101
82,Hechi University,"Hirundo daurica (Laxmann, 1769)",Laridae,Hirundo,daurica,Species,M,Whole year,101
82,Hechi University,"Monticola solitarius (Linnaeus, 1758)",Muscicapidae,Monticola,solitarius,Species,R,Whole year,101
82,Hechi University,"Urosphena squameiceps (Swinhoe, 1863)",Cettiidae,Urosphena,squameiceps,Species,M,Whole year,101
82,Hechi University,"Otus bakkamoena (Pennant, 1769)",Campephagidae,Otus,bakkamoena,Species,R,Whole year,101
82,Hechi University,"Spizixos semitorques (Swinhoe, 1861)",Pycnonotidae,Spizixos,semitorques,Species,R,Whole year,101
82,Hechi University,"Butorides striata (Linnaeus, 1758)",Ardeidae,Butorides,striata,Species,R,Whole year,101
82,Hechi University,"Passer montanus (Linnaeus, 1758)",Passeridae,Passer,montanus,Species,R,Whole year,101
82,Hechi University,"Phylloscopus coronatus (Temminck & Schlegel, 1847)",Phylloscopidae,Phylloscopus,coronatus,Species,M,Whole year,101
82,Hechi University,"Alcedo atthis (Linnaeus, 1758)",Alcedinidae,Alcedo,atthis,Species,R,Whole year,101
82,Hechi University,"Buteo buteo (Linnaeus, 1758)",Accipitridae,Buteo,buteo,Species,M,Whole year,101
82,Hechi University,"Cettia fortipes (Hodgson, 1845)",Cettiidae,Cettia,fortipes,Species,R,Whole year,101
82,Hechi University,"Copsychus saularis (Linnaeus, 1758)",Muscicapidae,Copsychus,saularis,Species,R,Whole year,101
82,Hechi University,"Cyornis banyumas (Horsfield, 1821)",Muscicapidae,Cyornis,banyumas,Species,M,Whole year,101
82,Hechi University,"Anthus hodgsoni (Richmond, 1907)",Motacillidae,Anthus,hodgsoni,Species,M,Whole year,101
82,Hechi University,"Cuculus micropterus (Gould, 1838)",scolopacea,Cuculus,micropterus,Species,M,Whole year,101
82,Hechi University,"Anthus richerdi (Vieillot, 1818)",Motacillidae,Anthus,richerdi,Species,R,Whole year,101
82,Hechi University,"Turdus merula (Linnaeus, 1758)",Turdidae,Turdus,merula,Species,R,Whole year,101
82,Hechi University,"Turdus cardis (Temminck, 1831)",Turdidae,Turdus,cardis,Species,M,Whole year,101
82,Hechi University,"Surniculus lugubris (Horsfield, 1821)",Cuculidae,Surniculus,lugubris,Species,M,Whole year,101
82,Hechi University,"Muscicapa sibirica (Gmelin, 1789)",Muscicapidae,Muscicapa,sibirica,Species,M,Whole year,101
82,Hechi University,"Apus affinis (J.E.Gray, 1830)",Apodidae,Apus,affinis,Species,M,Whole year,101
82,Hechi University,"Centropus bengalensis (Gmelin, 1788)",Cuculidae,Centropus,bengalensis,Species,M,Whole year,101
82,Hechi University,"Falco subbuteo (Linnaeus, 1758)",Falconidae,Falco,subbuteo,Species,M,Whole year,101
82,Hechi University,"Nycticorax nycticorax (Linnaeus, 1758)",Ardeidae,Nycticorax,nycticorax,Species,M,Whole year,101
82,Hechi University,"Ninox scutulata (Raffles, 1822)",Strigidae,Ninox,scutulata,Species,R,Whole year,101
82,Hechi University,"Acrocephalus stentoreus (Hemprich & Ehrenberg, 1833)",Acrocephalidae,Acrocephalus,stentoreus,Species,R,Whole year,101
82,Hechi University,"Eudynamys scolopaceus (Linnaeus, 1758)",Cuculidae,Eudynamys,scolopaceus,Species,M,Whole year,101
82,Hechi University,"Orthotomus sutorius (Pennant, 1769)",Cisticolidae,Orthotomus,sutorius,Species,R,Whole year,101
82,Hechi University,"Dicaeum cruentatum (Linnaeus, 1758)",Dicaeidae,Dicaeum,cruentatum,Species,R,Whole year,101
82,Hechi University,"Streptopelia capicola (Sundevall, 1857)",Columbidae,Streptopelia,capicola,Species,R,Whole year,101
82,Hechi University,"Myophonus caeruleus (Scopoli, 1786)",Muscicapidae,Myophonus,caeruleus,Species,R,Whole year,101
82,Hechi University,"Lanius schach (Linnaeus, 1758)",Laniidae,Lanius,schach,Species,R,Whole year,101
82,Hechi University,"Dendrocopos hyperythrus (Vigors, 1831)",Picidae,Dendrocopos,hyperythrus,Species,M,Whole year,101
82,Hechi University,"Pomatorhinus ruficollis (Hodgson, 1836)",Timaliidae,Pomatorhinus,ruficollis,Species,R,Whole year,101
82,Hechi University,"Paradoxornis webbianus (Gould, 1852)",Paradoxornithidae,Paradoxornis,webbianus,Species,R,Whole year,101
85,Henan Institute of Education,"Acridotheres cristatellus (Linnaeus, 1758)",Sturnidae,Acridotheres,cristatellus,Species,M,Summer,239
85,Henan Institute of Education,"Alauda gulgula (Franklin, 1831)",Alaudidae,Alauda,gulgula,Species,R,Summer,239
85,Henan Institute of Education,"Anthus hodgsoni (Richmond, 1907)",Motacillidae,Anthus,hodgsoni,Species,R,Summer,239
85,Henan Institute of Education,"Apus apus (Linnaeus, 1758)",Apodidae,Apus,apus,Species,M,Summer,239
85,Henan Institute of Education,"Carduelis sinica (Linnaeus, 1766)",Fringillidae,Carduelis,sinica,Species,R,Summer,239
85,Henan Institute of Education,"Corvus macrorhynchos (Wagler, 1827)",Corvidae,Corvus,macrorhynchos,Species,R,Summer,239
85,Henan Institute of Education,"Cuculus canorus (Linnaeus, 1758)",scolopacea,Cuculus,canorus,Species,M,Summer,239
85,Henan Institute of Education,"Cuculus micropterus (Gould, 1838)",scolopacea,Cuculus,micropterus,Species,M,Summer,239
85,Henan Institute of Education,"Cyanopica cyanus (Pallas, 1776)",Corvidae,Cyanopica,cyanus,Species,R,Summer,239
85,Henan Institute of Education,"Dicrurus macrocercus (Vieillot, 1817)",Dicruridae,Dicrurus,macrocercus,Species,M,Summer,239
85,Henan Institute of Education,"Emberiza elegans (Temminck, 1836)",Emberizidae,Emberiza,elegans,Species,M,Summer,239
85,Henan Institute of Education,"Emberiza pusilla (Pallas, 1776)",Emberizidae,Emberiza,pusilla,Species,M,Summer,239
85,Henan Institute of Education,"Emberiza spodocephala (Pallas, 1776)",Emberizidae,Emberiza,spodocephala,Species,M,Summer,239
85,Henan Institute of Education,"Eophona migratoria (Hartert, 1903)",Fringillidae,Eophona,migratoria,Species,M,Summer,239
85,Henan Institute of Education,"Eophona personata (Temminck & Schlegel, 1848)",Fringillidae,Eophona,personata,Species,M,Summer,239
85,Henan Institute of Education,"Hirundo daurica (Laxmann, 1769)",Laridae,Hirundo,daurica,Species,M,Summer,239
85,Henan Institute of Education,"Hirundo rustica (Linnaeus, 1758)",Laridae,Hirundo,rustica,Species,M,Summer,239
85,Henan Institute of Education,"Lanius schach (Linnaeus, 1758)",Laniidae,Lanius,schach,Species,R,Summer,239
85,Henan Institute of Education,"Motacilla alba (Linnaeus, 1758)",Motacillidae,Motacilla,alba,Species,R,Summer,239
85,Henan Institute of Education,"Oriolus chinensis (Linnaeus, 1766)",Oriolidae,Oriolus,chinensis,Species,M,Summer,239
85,Henan Institute of Education,"Parus major (Linnaeus, 1758)",Paridae,Parus,major,Species,R,Summer,239
85,Henan Institute of Education,"Passer montanus (Linnaeus, 1758)",Passeridae,Passer,montanus,Species,M,Summer,239
85,Henan Institute of Education,"Phasianus colchicus (Linnaeus, 1758)",Jacanidae,Phasianus,colchicus,Species,R,Summer,239
85,Henan Institute of Education,"Phoenicurus auroreus (Pallas, 1776)",Muscicapidae,Phoenicurus,auroreus,Species,R,Summer,239
85,Henan Institute of Education,"Phylloscopus proregulus (Pallas, 1811)",Phylloscopidae,Phylloscopus,proregulus,Species,M,Summer,239
85,Henan Institute of Education,"Pica pica (Linnaeus, 1758)",Corvidae,Pica,pica,Species,R,Summer,239
85,Henan Institute of Education,"Pycnonotus sinensis (Gmelin, 1789)",Pycnonotidae,Pycnonotus,sinensis,Species,R,Summer,239
85,Henan Institute of Education,"Streptopelia capicola (Sundevall, 1857)",Columbidae,Streptopelia,capicola,Species,R,Summer,239
85,Henan Institute of Education,"Streptopelia decaocto (Frivaldszky, 1838)",Columbidae,Streptopelia,decaocto,Species,R,Summer,239
85,Henan Institute of Education,"Sturnus cineraceus (Temminck, 1835)",Sturnidae,Sturnus,cineraceus,Species,M,Summer,239
85,Henan Institute of Education,"Sturnus sericeus (Gmelin, 1789)",Sturnidae,Sturnus,sericeus,Species,M,Summer,239
85,Henan Institute of Education,"Tarsiger cyanurus (Pallas, 1773)",Muscicapidae,Tarsiger,cyanurus,Species,M,Summer,239
85,Henan Institute of Education,"Turdus merula (Linnaeus, 1758)",Turdidae,Turdus,merula,Species,R,Summer,239
85,Henan Institute of Education,"Upupa epops (Linnaeus, 1758)",Upupidae,Upupa,epops,Species,R,Summer,239
90,"Henan University, Minglun Campus","Acridotheres cristatellus (Linnaeus, 1758)",Sturnidae,Acridotheres,cristatellus,Species,R,Whole year,264
90,"Henan University, Minglun Campus","Motacilla alba (Linnaeus, 1758)",Motacillidae,Motacilla,alba,Species,M,Whole year,264
90,"Henan University, Minglun Campus","Egretta garzetta (Linnaeus, 1766)",Ardeidae,Egretta,garzetta,Species,M,Whole year,264
90,"Henan University, Minglun Campus","Pycnonotus sinensis (Gmelin, 1789)",Pycnonotidae,Pycnonotus,sinensis,Species,R,Whole year,264
90,"Henan University, Minglun Campus","Phoenicurus auroreus (Pallas, 1776)",Muscicapidae,Phoenicurus,auroreus,Species,M,Whole year,264
90,"Henan University, Minglun Campus","Ardea purpurea (Linnaeus, 1766)",Ardeidae,Ardea,purpurea,Species,M,Whole year,264
90,"Henan University, Minglun Campus","Ardeola bacchus (Bonaparte, 1855)",Ardeidae,Ardeola,bacchus,Species,M,Whole year,264
90,"Henan University, Minglun Campus","Dendrocopos major (Linnaeus, 1758)",Picidae,Dendrocopos,major,Species,R,Whole year,264
90,"Henan University, Minglun Campus","Cuculus canorus (Linnaeus, 1758)",scolopacea,Cuculus,canorus,Species,M,Whole year,264
90,"Henan University, Minglun Campus","Parus major (Linnaeus, 1758)",Paridae,Parus,major,Species,R,Whole year,264
90,"Henan University, Minglun Campus","Corvus macrorhynchos (Wagler, 1827)",Corvidae,Corvus,macrorhynchos,Species,R,Whole year,264
90,"Henan University, Minglun Campus","Upupa epops (Linnaeus, 1758)",Upupidae,Upupa,epops,Species,R,Whole year,264
90,"Henan University, Minglun Campus","Dicrurus macrocercus (Vieillot, 1817)",Dicruridae,Dicrurus,macrocercus,Species,M,Whole year,264
90,"Henan University, Minglun Campus","Eophona migratoria (Hartert, 1903)",Fringillidae,Eophona,migratoria,Species,M,Whole year,264
90,"Henan University, Minglun Campus","Oriolus chinensis (Linnaeus, 1766)",Oriolidae,Oriolus,chinensis,Species,M,Whole year,264
90,"Henan University, Minglun Campus","Lanius cristatus (Linnaeus, 1758)",Laniidae,Lanius,cristatus,Species,M,Whole year,264
90,"Henan University, Minglun Campus","Zosterops erythropleurus (Swinhoe, 1863)",Zosteropidae,Zosterops,erythropleurus,Species,M,Whole year,264
90,"Henan University, Minglun Campus","Phasianus colchicus (Linnaeus, 1758)",Jacanidae,Phasianus,colchicus,Species,R,Whole year,264
90,"Henan University, Minglun Campus","Emberiza elegans (Temminck, 1836)",Emberizidae,Emberiza,elegans,Species,M,Whole year,264
90,"Henan University, Minglun Campus","Phylloscopus proregulus (Pallas, 1811)",Phylloscopidae,Phylloscopus,proregulus,Species,M,Whole year,264
90,"Henan University, Minglun Campus","Sturnus cineraceus (Temminck, 1835)",Sturnidae,Sturnus,cineraceus,Species,R,Whole year,264
90,"Henan University, Minglun Campus","Cyanopica cyanus (Pallas, 1776)",Corvidae,Cyanopica,cyanus,Species,R,Whole year,264
90,"Henan University, Minglun Campus","Hirundo rustica (Linnaeus, 1758)",Laridae,Hirundo,rustica,Species,M,Whole year,264
90,"Henan University, Minglun Campus","Carduelis sinica (Linnaeus, 1766)",Fringillidae,Carduelis,sinica,Species,R,Whole year,264
90,"Henan University, Minglun Campus","Charadrius dubius (Scopoli, 1786)",Charadriidae,Charadrius,dubius,Species,M,Whole year,264
90,"Henan University, Minglun Campus","Hirundo daurica (Laxmann, 1769)",Laridae,Hirundo,daurica,Species,M,Whole year,264
90,"Henan University, Minglun Campus","Luscinia svecica (Linnaeus, 1758)",Muscicapidae,Luscinia,svecica,Species,M,Whole year,264
90,"Henan University, Minglun Campus","Passer montanus (Linnaeus, 1758)",Passeridae,Passer,montanus,Species,R,Whole year,264
90,"Henan University, Minglun Campus","Alcedo atthis (Linnaeus, 1758)",Alcedinidae,Alcedo,atthis,Species,R,Whole year,264
90,"Henan University, Minglun Campus","Buteo buteo (Linnaeus, 1758)",Accipitridae,Buteo,buteo,Species,M,Whole year,264
90,"Henan University, Minglun Campus","Apus apus (Linnaeus, 1758)",Apodidae,Apus,apus,Species,M,Whole year,264
90,"Henan University, Minglun Campus","Sterna hirundo (Linnaeus, 1758)",Laridae,Sterna,hirundo,Species,M,Whole year,264
90,"Henan University, Minglun Campus","Accipiter nisus (Linnaeus, 1758)",Accipitridae,Accipiter,nisus,Species,M,Whole year,264
90,"Henan University, Minglun Campus","Emberiza cioides (von J.F.Brandt, 1843)",Emberizidae,Emberiza,cioides,Species,R,Whole year,264
90,"Henan University, Minglun Campus","Streptopelia orientalis (Latham, 1790)",Columbidae,Streptopelia,orientalis,Species,R,Whole year,264
90,"Henan University, Minglun Campus","Anthus hodgsoni (Richmond, 1907)",Motacillidae,Anthus,hodgsoni,Species,M,Whole year,264
90,"Henan University, Minglun Campus","Sturnus sericeus (Gmelin, 1789)",Sturnidae,Sturnus,sericeus,Species,R,Whole year,264
90,"Henan University, Minglun Campus","Cuculus micropterus (Gould, 1838)",scolopacea,Cuculus,micropterus,Species,M,Whole year,264
90,"Henan University, Minglun Campus","Corvus frugilegus (Linnaeus, 1758)",Corvidae,Corvus,frugilegus,Species,R,Whole year,264
90,"Henan University, Minglun Campus","Pica pica (Linnaeus, 1758)",Corvidae,Pica,pica,Species,R,Whole year,264
90,"Henan University, Minglun Campus","Lanius sphenocercus (Cabanis, 1873)",Laniidae,Lanius,sphenocercus,Species,M,Whole year,264
90,"Henan University, Minglun Campus","Streptopelia capicola (Sundevall, 1857)",Columbidae,Streptopelia,capicola,Species,R,Whole year,264
90,"Henan University, Minglun Campus","Lanius schach (Linnaeus, 1758)",Laniidae,Lanius,schach,Species,R,Whole year,264
90,"Henan University, Minglun Campus","Paradoxornis webbianus (Gould, 1852)",Paradoxornithidae,Paradoxornis,webbianus,Species,R,Whole year,264
92,Hetao University,"Passer montanus (Linnaeus, 1758)",Passeridae,Passer,montanus,Species,R,Whole year,133
92,Hetao University,"Carduelis sinica (Linnaeus, 1766)",Fringillidae,Carduelis,sinica,Species,R,Whole year,133
92,Hetao University,"Corvus dauuricus (Pallas, 1776)",Corvidae,Corvus,dauuricus,Species,R,Whole year,133
92,Hetao University,"Streptopelia decaocto (Frivaldszky, 1838)",Columbidae,Streptopelia,decaocto,Species,R,Whole year,133
92,Hetao University,"Corvus corone (Linnaeus, 1758)",Corvidae,Corvus,corone,Species,R,Whole year,133
92,Hetao University,"Hirundo rustica (Linnaeus, 1758)",Laridae,Hirundo,rustica,Species,M,Whole year,133
92,Hetao University,"Pica pica (Linnaeus, 1758)",Corvidae,Pica,pica,Species,R,Whole year,133
92,Hetao University,"Rhodopechys obsoletus (Lichtenstein, MHC, 1823)",Fringillidae,Rhodopechys,obsoletus,Species,R,Whole year,133
92,Hetao University,"Turdus ruficollis (Pallas, 1776)",Turdidae,Turdus,ruficollis,Species,M,Whole year,133
104,Hunan City University,"Acridotheres cristatellus (Linnaeus, 1758)",Sturnidae,Acridotheres,cristatellus,Species,NA,Summer,193
104,Hunan City University,"Alcedo atthis (Linnaeus, 1758)",Alcedinidae,Alcedo,atthis,Species,NA,Summer,193
104,Hunan City University,"Bambusicola thoracicus (Temminck, 1815)",Phasianidae,Bambusicola,thoracicus,Species,NA,Summer,193
104,Hunan City University,"Carduelis carduelis (Linnaeus, 1758)",Fringillidae,Carduelis,carduelis,Species,NA,Summer,193
104,Hunan City University,"Columba livia (Gmelin, 1789)",Columbidae,Columba,livia,Species,NA,Summer,193
104,Hunan City University,"Garrulax canorus (Linnaeus, 1758)",Leiothrichidae,Garrulax,canorus,Species,NA,Summer,193
104,Hunan City University,"Garrulax perspicillatus (Gmelin, 1789)",Leiothrichidae,Garrulax,perspicillatus,Species,NA,Summer,193
104,Hunan City University,"Garrulax sannio (Swinhoe, 1867)",Leiothrichidae,Garrulax,sannio,Species,NA,Summer,193
104,Hunan City University,"Hirundo rustica (Linnaeus, 1758)",Laridae,Hirundo,rustica,Species,NA,Summer,193
104,Hunan City University,"Lanius bucephalus (Temminck & Schlegel, 1845)",Laniidae,Lanius,bucephalus,Species,NA,Summer,193
104,Hunan City University,"Lanius schach (Linnaeus, 1758)",Laniidae,Lanius,schach,Species,NA,Summer,193
104,Hunan City University,"Lonchura striata (Linnaeus, 1766)",Estrildidae,Lonchura,striata,Species,NA,Summer,193
104,Hunan City University,"Motacilla alba (Linnaeus, 1758)",Motacillidae,Motacilla,alba,Species,NA,Summer,193
104,Hunan City University,"Paradoxornis webbianus (Gould, 1852)",Paradoxornithidae,Paradoxornis,webbianus,Species,NA,Summer,193
104,Hunan City University,"Parus major (Linnaeus, 1758)",Paridae,Parus,major,Species,NA,Summer,193
104,Hunan City University,"Passer montanus (Linnaeus, 1758)",Passeridae,Passer,montanus,Species,NA,Summer,193
104,Hunan City University,"Pycnonotus sinensis (Gmelin, 1789)",Pycnonotidae,Pycnonotus,sinensis,Species,NA,Summer,193
104,Hunan City University,"Streptopelia orientalis (Latham, 1790)",Columbidae,Streptopelia,orientalis,Species,NA,Summer,193
104,Hunan City University,"Tachybaptus ruficollis (Pallas, 1764)",Podicipedidae,Tachybaptus,ruficollis,Species,NA,Summer,193
104,Hunan City University,"Terpsiphone paradisi (Linnaeus, 1758)",Monarchidae,Terpsiphone,paradisi,Species,NA,Summer,193
104,Hunan City University,"Turdus merula (Linnaeus, 1758)",Turdidae,Turdus,merula,Species,NA,Summer,193
104,Hunan City University,"Urocissa erythrorhyncha (Boddaert, 1783)",Corvidae,Urocissa,erythrorhyncha,Species,NA,Summer,193
108,"Inner Mongolia Agricultural University, East Campus","Passer montanus (Linnaeus, 1758)",Passeridae,Passer,montanus,Species,R,Whole year,133
108,"Inner Mongolia Agricultural University, East Campus","Carduelis sinica (Linnaeus, 1766)",Fringillidae,Carduelis,sinica,Species,R,Whole year,133
108,"Inner Mongolia Agricultural University, East Campus","Pica pica (Linnaeus, 1758)",Corvidae,Pica,pica,Species,R,Whole year,133
108,"Inner Mongolia Agricultural University, East Campus","Streptopelia decaocto (Frivaldszky, 1838)",Columbidae,Streptopelia,decaocto,Species,R,Whole year,133
108,"Inner Mongolia Agricultural University, East Campus","Cyanopica cyanus (Pallas, 1776)",Corvidae,Cyanopica,cyanus,Species,R,Whole year,133
108,"Inner Mongolia Agricultural University, East Campus","Bombycilla garrulus (Linnaeus, 1758)",Bombycillidae,Bombycilla,garrulus,Species,M,Whole year,133
108,"Inner Mongolia Agricultural University, East Campus","Turdus naumanni (Temminck, 1820)",Turdidae,Turdus,naumanni,Species,M,Whole year,133
108,"Inner Mongolia Agricultural University, East Campus","Sitta villosa (J.Verreaux, 1865)",Sittidae,Sitta,villosa,Species,R,Whole year,133
108,"Inner Mongolia Agricultural University, East Campus","Turdus ruficollis (Pallas, 1776)",Turdidae,Turdus,ruficollis,Species,M,Whole year,133
108,"Inner Mongolia Agricultural University, East Campus","Hirundo rustica (Linnaeus, 1758)",Laridae,Hirundo,rustica,Species,M,Whole year,133
108,"Inner Mongolia Agricultural University, East Campus","Dendrocopos major (Linnaeus, 1758)",Picidae,Dendrocopos,major,Species,R,Whole year,133
109,"Inner Mongolia Agricultural University, West Campus","Passer montanus (Linnaeus, 1758)",Passeridae,Passer,montanus,Species,R,Whole year,133
109,"Inner Mongolia Agricultural University, West Campus","Pica pica (Linnaeus, 1758)",Corvidae,Pica,pica,Species,R,Whole year,133
109,"Inner Mongolia Agricultural University, West Campus","Streptopelia decaocto (Frivaldszky, 1838)",Columbidae,Streptopelia,decaocto,Species,R,Whole year,133
109,"Inner Mongolia Agricultural University, West Campus","Stigmatopelia chinensis (Scopoli, 1768)",Columbidae,Stigmatopelia,chinensis,Species,R,Whole year,133
109,"Inner Mongolia Agricultural University, West Campus","Carduelis sinica (Linnaeus, 1766)",Fringillidae,Carduelis,sinica,Species,R,Whole year,133
109,"Inner Mongolia Agricultural University, West Campus","Parus ater (Linnaeus, 1758)",Paridae,Parus,ater,Species,R,Whole year,133
109,"Inner Mongolia Agricultural University, West Campus","Hirundo rustica (Linnaeus, 1758)",Laridae,Hirundo,rustica,Species,M,Whole year,133
109,"Inner Mongolia Agricultural University, West Campus","Turdus ruficollis (Pallas, 1776)",Turdidae,Turdus,ruficollis,Species,M,Whole year,133
109,"Inner Mongolia Agricultural University, West Campus","Parus major (Linnaeus, 1758)",Paridae,Parus,major,Species,R,Whole year,133
109,"Inner Mongolia Agricultural University, West Campus","Ficedula albicilla (Pallas, 1811)",Muscicapidae,Ficedula,albicilla,Species,M,Whole year,133
109,"Inner Mongolia Agricultural University, West Campus","Phylloscopus inornatus (Blyth, 1842)",Phylloscopidae,Phylloscopus,inornatus,Species,M,Whole year,133
110,"Inner Mongolia Normal University, Saihan Campus","Passer montanus (Linnaeus, 1758)",Passeridae,Passer,montanus,Species,R,Whole year,133
110,"Inner Mongolia Normal University, Saihan Campus","Pica pica (Linnaeus, 1758)",Corvidae,Pica,pica,Species,R,Whole year,133
110,"Inner Mongolia Normal University, Saihan Campus","Carduelis sinica (Linnaeus, 1766)",Fringillidae,Carduelis,sinica,Species,R,Whole year,133
110,"Inner Mongolia Normal University, Saihan Campus","Bombycilla garrulus (Linnaeus, 1758)",Bombycillidae,Bombycilla,garrulus,Species,M,Whole year,133
110,"Inner Mongolia Normal University, Saihan Campus","Stigmatopelia chinensis (Scopoli, 1768)",Columbidae,Stigmatopelia,chinensis,Species,R,Whole year,133
110,"Inner Mongolia Normal University, Saihan Campus","Streptopelia decaocto (Frivaldszky, 1838)",Columbidae,Streptopelia,decaocto,Species,R,Whole year,133
110,"Inner Mongolia Normal University, Saihan Campus","Parus ater (Linnaeus, 1758)",Paridae,Parus,ater,Species,R,Whole year,133
110,"Inner Mongolia Normal University, Saihan Campus","Hirundo rustica (Linnaeus, 1758)",Laridae,Hirundo,rustica,Species,M,Whole year,133
110,"Inner Mongolia Normal University, Saihan Campus","Phylloscopus inornatus (Blyth, 1842)",Phylloscopidae,Phylloscopus,inornatus,Species,M,Whole year,133
110,"Inner Mongolia Normal University, Saihan Campus","Dendrocopos major (Linnaeus, 1758)",Picidae,Dendrocopos,major,Species,R,Whole year,133
110,"Inner Mongolia Normal University, Saihan Campus","Sitta villosa (J.Verreaux, 1865)",Sittidae,Sitta,villosa,Species,R,Whole year,133
110,"Inner Mongolia Normal University, Saihan Campus","Parus montanus (Baldenstein, 1827)",Paridae,Parus,montanus,Species,R,Whole year,133
110,"Inner Mongolia Normal University, Saihan Campus","Turdus ruficollis (Pallas, 1776)",Turdidae,Turdus,ruficollis,Species,M,Whole year,133
110,"Inner Mongolia Normal University, Saihan Campus","Parus major (Linnaeus, 1758)",Paridae,Parus,major,Species,R,Whole year,133
110,"Inner Mongolia Normal University, Saihan Campus","Lanius cristatus (Linnaeus, 1758)",Laniidae,Lanius,cristatus,Species,M,Whole year,133
110,"Inner Mongolia Normal University, Saihan Campus","Upupa epops (Linnaeus, 1758)",Upupidae,Upupa,epops,Species,M,Whole year,133
111,Inner Mongolia University,"Passer montanus (Linnaeus, 1758)",Passeridae,Passer,montanus,Species,R,Whole year,133
111,Inner Mongolia University,"Hirundo rustica (Linnaeus, 1758)",Laridae,Hirundo,rustica,Species,M,Whole year,133
111,Inner Mongolia University,"Pica pica (Linnaeus, 1758)",Corvidae,Pica,pica,Species,R,Whole year,133
111,Inner Mongolia University,"Streptopelia decaocto (Frivaldszky, 1838)",Columbidae,Streptopelia,decaocto,Species,R,Whole year,133
111,Inner Mongolia University,"Carduelis sinica (Linnaeus, 1766)",Fringillidae,Carduelis,sinica,Species,R,Whole year,133
111,Inner Mongolia University,"Stigmatopelia chinensis (Scopoli, 1768)",Columbidae,Stigmatopelia,chinensis,Species,R,Whole year,133
111,Inner Mongolia University,"Ficedula albicilla (Pallas, 1811)",Muscicapidae,Ficedula,albicilla,Species,M,Whole year,133
111,Inner Mongolia University,"Phylloscopus inornatus (Blyth, 1842)",Phylloscopidae,Phylloscopus,inornatus,Species,M,Whole year,133
111,Inner Mongolia University,"Parus ater (Linnaeus, 1758)",Paridae,Parus,ater,Species,R,Whole year,133
111,Inner Mongolia University,"Parus montanus (Baldenstein, 1827)",Paridae,Parus,montanus,Species,R,Whole year,133
111,Inner Mongolia University,"Anthus hodgsoni (Richmond, 1907)",Motacillidae,Anthus,hodgsoni,Species,M,Whole year,133
111,Inner Mongolia University,"Sitta villosa (J.Verreaux, 1865)",Sittidae,Sitta,villosa,Species,R,Whole year,133
111,Inner Mongolia University,"Dendrocopos major (Linnaeus, 1758)",Picidae,Dendrocopos,major,Species,R,Whole year,133
111,Inner Mongolia University,"Parus major (Linnaeus, 1758)",Paridae,Parus,major,Species,R,Whole year,133
111,Inner Mongolia University,"Turdus ruficollis (Pallas, 1776)",Turdidae,Turdus,ruficollis,Species,M,Whole year,133
111,Inner Mongolia University,"Alcedo atthis (Linnaeus, 1758)",Alcedinidae,Alcedo,atthis,Species,M,Whole year,133
111,Inner Mongolia University,"Coccothraustes coccothraustes (Linnaeus, 1758)",Fringillidae,Coccothraustes,coccothraustes,Species,R,Whole year,133
111,Inner Mongolia University,"Phoenicurus auroreus (Pallas, 1776)",Muscicapidae,Phoenicurus,auroreus,Species,M,Whole year,133
112,Inner Mongolia University For Nationalities,"Passer montanus (Linnaeus, 1758)",Passeridae,Passer,montanus,Species,R,Whole year,133
112,Inner Mongolia University For Nationalities,"Carduelis sinica (Linnaeus, 1766)",Fringillidae,Carduelis,sinica,Species,R,Whole year,133
112,Inner Mongolia University For Nationalities,"Cyanopica cyanus (Pallas, 1776)",Corvidae,Cyanopica,cyanus,Species,R,Whole year,133
112,Inner Mongolia University For Nationalities,"Pica pica (Linnaeus, 1758)",Corvidae,Pica,pica,Species,R,Whole year,133
112,Inner Mongolia University For Nationalities,"Hirundo daurica (Laxmann, 1769)",Laridae,Hirundo,daurica,Species,M,Whole year,133
112,Inner Mongolia University For Nationalities,"Hirundo rustica (Linnaeus, 1758)",Laridae,Hirundo,rustica,Species,M,Whole year,133
112,Inner Mongolia University For Nationalities,"Apus apus (Linnaeus, 1758)",Apodidae,Apus,apus,Species,M,Whole year,133
112,Inner Mongolia University For Nationalities,"Pycnonotus sinensis (Gmelin, 1789)",Pycnonotidae,Pycnonotus,sinensis,Species,R,Whole year,133
112,Inner Mongolia University For Nationalities,"Lanius cristatus (Linnaeus, 1758)",Laniidae,Lanius,cristatus,Species,M,Whole year,133
112,Inner Mongolia University For Nationalities,"Parus ater (Linnaeus, 1758)",Paridae,Parus,ater,Species,R,Whole year,133
112,Inner Mongolia University For Nationalities,"Lanius isabellinus (Hemprich & Ehrenberg, 1833)",Laniidae,Lanius,isabellinus,Species,M,Whole year,133
112,Inner Mongolia University For Nationalities,"Phylloscopus fuscatus (Blyth, 1842)",Phylloscopidae,Phylloscopus,fuscatus,Species,M,Whole year,133
112,Inner Mongolia University For Nationalities,"Streptopelia decaocto (Frivaldszky, 1838)",Columbidae,Streptopelia,decaocto,Species,R,Whole year,133
112,Inner Mongolia University For Nationalities,"Stigmatopelia chinensis (Scopoli, 1768)",Columbidae,Stigmatopelia,chinensis,Species,R,Whole year,133
112,Inner Mongolia University For Nationalities,"Corvus corone (Linnaeus, 1758)",Corvidae,Corvus,corone,Species,R,Whole year,133
112,Inner Mongolia University For Nationalities,"Emberiza pusilla (Pallas, 1776)",Emberizidae,Emberiza,pusilla,Species,M,Whole year,133
113,Inner Mongolia University of Finance and Economics,"Passer montanus (Linnaeus, 1758)",Passeridae,Passer,montanus,Species,R,Whole year,133
113,Inner Mongolia University of Finance and Economics,"Bombycilla garrulus (Linnaeus, 1758)",Bombycillidae,Bombycilla,garrulus,Species,M,Whole year,133
113,Inner Mongolia University of Finance and Economics,"Pica pica (Linnaeus, 1758)",Corvidae,Pica,pica,Species,R,Whole year,133
113,Inner Mongolia University of Finance and Economics,"Corvus dauuricus (Pallas, 1776)",Corvidae,Corvus,dauuricus,Species,R,Whole year,133
113,Inner Mongolia University of Finance and Economics,"Hirundo rustica (Linnaeus, 1758)",Laridae,Hirundo,rustica,Species,M,Whole year,133
113,Inner Mongolia University of Finance and Economics,"Coccothraustes coccothraustes (Linnaeus, 1758)",Fringillidae,Coccothraustes,coccothraustes,Species,R,Whole year,133
113,Inner Mongolia University of Finance and Economics,"Streptopelia decaocto (Frivaldszky, 1838)",Columbidae,Streptopelia,decaocto,Species,R,Whole year,133
113,Inner Mongolia University of Finance and Economics,"Phoenicurus auroreus (Pallas, 1776)",Muscicapidae,Phoenicurus,auroreus,Species,M,Whole year,133
113,Inner Mongolia University of Finance and Economics,"Carduelis sinica (Linnaeus, 1766)",Fringillidae,Carduelis,sinica,Species,R,Whole year,133
113,Inner Mongolia University of Finance and Economics,"Stigmatopelia chinensis (Scopoli, 1768)",Columbidae,Stigmatopelia,chinensis,Species,R,Whole year,133
113,Inner Mongolia University of Finance and Economics,"Dendrocopos major (Linnaeus, 1758)",Picidae,Dendrocopos,major,Species,R,Whole year,133
113,Inner Mongolia University of Finance and Economics,"Rhopophilus pekinensis (Swinhoe, 1868)",Muscicapidae,Rhopophilus,pekinensis,Species,R,Whole year,133
113,Inner Mongolia University of Finance and Economics,"Garrulax davidi (Swinhoe, 1868)",Leiothrichidae,Garrulax,davidi,Species,R,Whole year,133
113,Inner Mongolia University of Finance and Economics,"Falco subbuteo (Linnaeus, 1758)",Falconidae,Falco,subbuteo,Species,M,Whole year,133
113,Inner Mongolia University of Finance and Economics,"Falco amurensis (Radde, 1863)",Falconidae,Falco,amurensis,Species,M,Whole year,133
113,Inner Mongolia University of Finance and Economics,"Emberiza pusilla (Pallas, 1776)",Emberizidae,Emberiza,pusilla,Species,M,Whole year,133
113,Inner Mongolia University of Finance and Economics,"Anthus hodgsoni (Richmond, 1907)",Motacillidae,Anthus,hodgsoni,Species,M,Whole year,133
113,Inner Mongolia University of Finance and Economics,"Phylloscopus inornatus (Blyth, 1842)",Phylloscopidae,Phylloscopus,inornatus,Species,M,Whole year,133
113,Inner Mongolia University of Finance and Economics,"Lanius cristatus (Linnaeus, 1758)",Laniidae,Lanius,cristatus,Species,M,Whole year,133
113,Inner Mongolia University of Finance and Economics,"Motacilla alba (Linnaeus, 1758)",Motacillidae,Motacilla,alba,Species,M,Whole year,133
113,Inner Mongolia University of Finance and Economics,"Phylloscopus fuscatus (Blyth, 1842)",Phylloscopidae,Phylloscopus,fuscatus,Species,M,Whole year,133
113,Inner Mongolia University of Finance and Economics,"Nucifraga caryocatactes (Linnaeus, 1758)",Corvidae,Nucifraga,caryocatactes,Species,R,Whole year,133
114,Inner Mongolia University of Science & Technology,"Passer montanus (Linnaeus, 1758)",Passeridae,Passer,montanus,Species,R,Whole year,133
114,Inner Mongolia University of Science & Technology,"Streptopelia decaocto (Frivaldszky, 1838)",Columbidae,Streptopelia,decaocto,Species,R,Whole year,133
114,Inner Mongolia University of Science & Technology,"Hirundo rustica (Linnaeus, 1758)",Laridae,Hirundo,rustica,Species,M,Whole year,133
114,Inner Mongolia University of Science & Technology,"Pica pica (Linnaeus, 1758)",Corvidae,Pica,pica,Species,R,Whole year,133
114,Inner Mongolia University of Science & Technology,"Corvus dauuricus (Pallas, 1776)",Corvidae,Corvus,dauuricus,Species,R,Whole year,133
114,Inner Mongolia University of Science & Technology,"Carduelis sinica (Linnaeus, 1766)",Fringillidae,Carduelis,sinica,Species,R,Whole year,133
114,Inner Mongolia University of Science & Technology,"Fringilla montifringilla (Linnaeus, 1758)",Fringillidae,Fringilla,montifringilla,Species,M,Whole year,133
114,Inner Mongolia University of Science & Technology,"Phoenicurus auroreus (Pallas, 1776)",Muscicapidae,Phoenicurus,auroreus,Species,M,Whole year,133
114,Inner Mongolia University of Science & Technology,"Phylloscopus proregulus (Pallas, 1811)",Phylloscopidae,Phylloscopus,proregulus,Species,M,Whole year,133
114,Inner Mongolia University of Science & Technology,"Tarsiger cyanurus (Pallas, 1773)",Muscicapidae,Tarsiger,cyanurus,Species,M,Whole year,133
114,Inner Mongolia University of Science & Technology,"Stigmatopelia chinensis (Scopoli, 1768)",Columbidae,Stigmatopelia,chinensis,Species,R,Whole year,133
114,Inner Mongolia University of Science & Technology,"Muscicapa dauurica (Pallas, 1811)",Muscicapidae,Muscicapa,dauurica,Species,M,Whole year,133
114,Inner Mongolia University of Science & Technology,"Ficedula albicilla (Pallas, 1811)",Muscicapidae,Ficedula,albicilla,Species,M,Whole year,133
114,Inner Mongolia University of Science & Technology,"Dendrocopos major (Linnaeus, 1758)",Picidae,Dendrocopos,major,Species,R,Whole year,133
115,"Inner Mongolia University of Technology, Jinchuan Campus","Passer montanus (Linnaeus, 1758)",Passeridae,Passer,montanus,Species,R,Whole year,133
115,"Inner Mongolia University of Technology, Jinchuan Campus","Bombycilla garrulus (Linnaeus, 1758)",Bombycillidae,Bombycilla,garrulus,Species,M,Whole year,133
115,"Inner Mongolia University of Technology, Jinchuan Campus","Pica pica (Linnaeus, 1758)",Corvidae,Pica,pica,Species,R,Whole year,133
115,"Inner Mongolia University of Technology, Jinchuan Campus","Coccothraustes coccothraustes (Linnaeus, 1758)",Fringillidae,Coccothraustes,coccothraustes,Species,R,Whole year,133
115,"Inner Mongolia University of Technology, Jinchuan Campus","Carduelis sinica (Linnaeus, 1766)",Fringillidae,Carduelis,sinica,Species,R,Whole year,133
115,"Inner Mongolia University of Technology, Jinchuan Campus","Streptopelia decaocto (Frivaldszky, 1838)",Columbidae,Streptopelia,decaocto,Species,R,Whole year,133
115,"Inner Mongolia University of Technology, Jinchuan Campus","Turdus ruficollis (Pallas, 1776)",Turdidae,Turdus,ruficollis,Species,M,Whole year,133
115,"Inner Mongolia University of Technology, Jinchuan Campus","Corvus dauuricus (Pallas, 1776)",Corvidae,Corvus,dauuricus,Species,R,Whole year,133
115,"Inner Mongolia University of Technology, Jinchuan Campus","Stigmatopelia chinensis (Scopoli, 1768)",Columbidae,Stigmatopelia,chinensis,Species,R,Whole year,133
115,"Inner Mongolia University of Technology, Jinchuan Campus","Turdus naumanni (Temminck, 1820)",Turdidae,Turdus,naumanni,Species,M,Whole year,133
115,"Inner Mongolia University of Technology, Jinchuan Campus","Falco amurensis (Radde, 1863)",Falconidae,Falco,amurensis,Species,M,Whole year,133
115,"Inner Mongolia University of Technology, Jinchuan Campus","Upupa epops (Linnaeus, 1758)",Upupidae,Upupa,epops,Species,M,Whole year,133
115,"Inner Mongolia University of Technology, Jinchuan Campus","Phoenicurus auroreus (Pallas, 1776)",Muscicapidae,Phoenicurus,auroreus,Species,M,Whole year,133
115,"Inner Mongolia University of Technology, Jinchuan Campus","Picus canus (Gmelin, 1788)",Picidae,Picus,canus,Species,R,Whole year,133
115,"Inner Mongolia University of Technology, Jinchuan Campus","Phylloscopus proregulus (Pallas, 1811)",Phylloscopidae,Phylloscopus,proregulus,Species,M,Whole year,133
115,"Inner Mongolia University of Technology, Jinchuan Campus","Dendrocopos minor (Linnaeus, 1758)",Picidae,Dendrocopos,minor,Species,R,Whole year,133
116,"Inner Mongolia University, South Campus","Passer montanus (Linnaeus, 1758)",Passeridae,Passer,montanus,Species,R,Whole year,133
116,"Inner Mongolia University, South Campus","Corvus dauuricus (Pallas, 1776)",Corvidae,Corvus,dauuricus,Species,R,Whole year,133
116,"Inner Mongolia University, South Campus","Pica pica (Linnaeus, 1758)",Corvidae,Pica,pica,Species,R,Whole year,133
116,"Inner Mongolia University, South Campus","Streptopelia decaocto (Frivaldszky, 1838)",Columbidae,Streptopelia,decaocto,Species,R,Whole year,133
116,"Inner Mongolia University, South Campus","Carduelis sinica (Linnaeus, 1766)",Fringillidae,Carduelis,sinica,Species,R,Whole year,133
116,"Inner Mongolia University, South Campus","Corvus frugilegus (Linnaeus, 1758)",Corvidae,Corvus,frugilegus,Species,R,Whole year,133
116,"Inner Mongolia University, South Campus","Hirundo rustica (Linnaeus, 1758)",Laridae,Hirundo,rustica,Species,M,Whole year,133
116,"Inner Mongolia University, South Campus","Hirundo rupestris (Scopoli, 1769)",Laridae,Hirundo,rupestris,Species,M,Whole year,133
116,"Inner Mongolia University, South Campus","Anthus hodgsoni (Richmond, 1907)",Motacillidae,Anthus,hodgsoni,Species,M,Whole year,133
116,"Inner Mongolia University, South Campus","Dendrocopos major (Linnaeus, 1758)",Picidae,Dendrocopos,major,Species,R,Whole year,133
116,"Inner Mongolia University, South Campus","Parus major (Linnaeus, 1758)",Paridae,Parus,major,Species,R,Whole year,133
116,"Inner Mongolia University, South Campus","Coccothraustes coccothraustes (Linnaeus, 1758)",Fringillidae,Coccothraustes,coccothraustes,Species,R,Whole year,133
116,"Inner Mongolia University, South Campus","Phoenicurus auroreus (Pallas, 1776)",Muscicapidae,Phoenicurus,auroreus,Species,M,Whole year,133
116,"Inner Mongolia University, South Campus","Motacilla alba (Linnaeus, 1758)",Motacillidae,Motacilla,alba,Species,M,Whole year,133
116,"Inner Mongolia University, South Campus","Acrocephalus arundinaceus (Linnaeus, 1758)",Acrocephalidae,Acrocephalus,arundinaceus,Species,M,Whole year,133
116,"Inner Mongolia University, South Campus","Picus canus (Gmelin, 1788)",Picidae,Picus,canus,Species,R,Whole year,133
118,Jianghan University,"Zosterops japonicus (Temminck & Schlegel, 1845)",Zosteropidae,Zosterops,japonicus,Species,R,Whole year,16
118,Jianghan University,"Acridotheres cristatellus (Linnaeus, 1758)",Sturnidae,Acridotheres,cristatellus,Species,R,Whole year,16
118,Jianghan University,"Motacilla alba (Linnaeus, 1758)",Motacillidae,Motacilla,alba,Species,M,Whole year,16
118,Jianghan University,"Egretta garzetta (Linnaeus, 1766)",Ardeidae,Egretta,garzetta,Species,R,Whole year,16
118,Jianghan University,"Emberiza tristrami (Swinhoe, 1870)",Emberizidae,Emberiza,tristrami,Species,M,Whole year,16
118,Jianghan University,"Pycnonotus sinensis (Gmelin, 1789)",Pycnonotidae,Pycnonotus,sinensis,Species,R,Whole year,16
118,Jianghan University,"Tringa ochropus (Linnaeus, 1758)",Scolopacidae,Tringa,ochropus,Species,M,Whole year,16
118,Jianghan University,"Lonchura striata (Linnaeus, 1766)",Estrildidae,Lonchura,striata,Species,R,Whole year,16
118,Jianghan University,"Ceryle rudis (Linnaeus, 1758)",Alcedinidae,Ceryle,rudis,Species,R,Whole year,16
118,Jianghan University,"Anas poecilorhyncha (J.R.Forster, 1781)",Anatidae,Anas,poecilorhyncha,Species,M,Whole year,16
118,Jianghan University,"Phoenicurus auroreus (Pallas, 1776)",Muscicapidae,Phoenicurus,auroreus,Species,M,Whole year,16
118,Jianghan University,"Muscicapa dauurica (Pallas, 1811)",Muscicapidae,Muscicapa,dauurica,Species,M,Whole year,16
118,Jianghan University,"Ardea cinerea (Linnaeus, 1758)",Ardeidae,Ardea,cinerea,Species,R,Whole year,16
118,Jianghan University,"Ardeola bacchus (Bonaparte, 1855)",Ardeidae,Ardeola,bacchus,Species,M,Whole year,16
118,Jianghan University,"Egretta alba (Linnaeus, 1758)",Ardeidae,Egretta,alba,Species,R,Whole year,16
118,Jianghan University,"Parus major (Linnaeus, 1758)",Paridae,Parus,major,Species,R,Whole year,16
118,Jianghan University,"Upupa epops (Linnaeus, 1758)",Upupidae,Upupa,epops,Species,M,Whole year,16
118,Jianghan University,"Acrocephalus orientalis (Temminck & Schlegel, 1847)",Acrocephalidae,Acrocephalus,orientalis,Species,M,Whole year,16
118,Jianghan University,"Recurvirostra avosetta (Linnaeus, 1758)",Recurvirostridae,Recurvirostra,avosetta,Species,M,Whole year,16
118,Jianghan University,"Culicicapa ceylonensis (Swainson, 1820)",Muscicapidae,Culicicapa,ceylonensis,Species,M,Whole year,16
118,Jianghan University,"Podiceps cristatus (Linnaeus, 1758)",Podicipedidae,Podiceps,cristatus,Species,M,Whole year,16
118,Jianghan University,"Vanellus vanellus (Linnaeus, 1758)",Charadriidae,Vanellus,vanellus,Species,M,Whole year,16
118,Jianghan University,"Prinia inornata (Sykes, 1832)",Cisticolidae,Prinia,inornata,Species,R,Whole year,16
118,Jianghan University,"Tringa erythropus (Pallas, 1764)",Scolopacidae,Tringa,erythropus,Species,M,Whole year,16
118,Jianghan University,"Himantopus himantopus (Linnaeus, 1758)",Recurvirostridae,Himantopus,himantopus,Species,M,Whole year,16
118,Jianghan University,"Saxicola torquatus (Linnaeus, 1766)",Muscicapidae,Saxicola,torquatus,Species,M,Whole year,16
118,Jianghan University,"Dicrurus macrocercus (Vieillot, 1817)",Dicruridae,Dicrurus,macrocercus,Species,M,Whole year,16
118,Jianghan University,"Garrulax perspicillatus (Gmelin, 1789)",Leiothrichidae,Garrulax,perspicillatus,Species,R,Whole year,16
118,Jianghan University,"Gallinula chloropus (Linnaeus, 1758)",Rallidae,Gallinula,chloropus,Species,M,Whole year,16
118,Jianghan University,"Eophona migratoria (Hartert, 1903)",Fringillidae,Eophona,migratoria,Species,M,Whole year,16
118,Jianghan University,"Amaurornis akool (Sykes, 1832)",Rallidae,Amaurornis,akool,Species,M,Whole year,16
118,Jianghan University,"Lanius cristatus (Linnaeus, 1758)",Laniidae,Lanius,cristatus,Species,M,Whole year,16
118,Jianghan University,"Turdus naumanni (Temminck, 1820)",Turdidae,Turdus,naumanni,Species,M,Whole year,16
118,Jianghan University,"Tarsiger cyanurus (Pallas, 1773)",Muscicapidae,Tarsiger,cyanurus,Species,M,Whole year,16
118,Jianghan University,"Larus ridibundus (Linnaeus, 1766)",Laridae,Larus,ridibundus,Species,M,Whole year,16
118,Jianghan University,"Phasianus colchicus (Linnaeus, 1758)",Jacanidae,Phasianus,colchicus,Species,R,Whole year,16
118,Jianghan University,"Parus venustulus (R. Swinhoe, 1870)",Paridae,Parus,venustulus,Species,R,Whole year,16
118,Jianghan University,"Phylloscopus inornatus (Blyth, 1842)",Phylloscopidae,Phylloscopus,inornatus,Species,M,Whole year,16
118,Jianghan University,"Emberiza chrysophrys (Pallas, 1776)",Emberizidae,Emberiza,chrysophrys,Species,M,Whole year,16
118,Jianghan University,"Ixobrychus sinensis (Gmelin, 1789)",Ardeidae,Ixobrychus,sinensis,Species,M,Whole year,16
118,Jianghan University,"Phylloscopus proregulus (Pallas, 1811)",Phylloscopidae,Phylloscopus,proregulus,Species,M,Whole year,16
118,Jianghan University,"Turdus hortulorum (P.L.Sclater, 1863)",Turdidae,Turdus,hortulorum,Species,M,Whole year,16
118,Jianghan University,"Motacilla cinerea (Tunstall, 1771)",Motacillidae,Motacilla,cinerea,Species,M,Whole year,16
118,Jianghan University,"Dicrurus leucophaeus (Vieillot, 1817)",Dicruridae,Dicrurus,leucophaeus,Species,M,Whole year,16
118,Jianghan University,"Sturnus cineraceus (Temminck, 1835)",Sturnidae,Sturnus,cineraceus,Species,M,Whole year,16
118,Jianghan University,"Vanellus cinereus (Blyth, 1842)",Charadriidae,Vanellus,cinereus,Species,M,Whole year,16
118,Jianghan University,"Emberiza spodocephala (Pallas, 1776)",Emberizidae,Emberiza,spodocephala,Species,M,Whole year,16
118,Jianghan University,"Cyanopica cyanus (Pallas, 1776)",Corvidae,Cyanopica,cyanus,Species,R,Whole year,16
118,Jianghan University,"Actitis hypoleucos (Linnaeus, 1758)",Scolopacidae,Actitis,hypoleucos,Species,M,Whole year,16
118,Jianghan University,"Hirundo rustica (Linnaeus, 1758)",Laridae,Hirundo,rustica,Species,M,Whole year,16
118,Jianghan University,"Carduelis sinica (Linnaeus, 1766)",Fringillidae,Carduelis,sinica,Species,R,Whole year,16
118,Jianghan University,"Hirundo daurica (Laxmann, 1769)",Laridae,Hirundo,daurica,Species,M,Whole year,16
118,Jianghan University,"Halcyon pileata (Boddaert, 1783)",Alcedinidae,Halcyon,pileata,Species,M,Whole year,16
118,Jianghan University,"Spizixos semitorques (Swinhoe, 1861)",Pycnonotidae,Spizixos,semitorques,Species,R,Whole year,16
118,Jianghan University,"Butorides striata (Linnaeus, 1758)",Ardeidae,Butorides,striata,Species,R,Whole year,16
118,Jianghan University,"Passer montanus (Linnaeus, 1758)",Passeridae,Passer,montanus,Species,R,Whole year,16
118,Jianghan University,"Alcedo atthis (Linnaeus, 1758)",Alcedinidae,Alcedo,atthis,Species,R,Whole year,16
118,Jianghan University,"Cettia fortipes (Hodgson, 1845)",Cettiidae,Cettia,fortipes,Species,R,Whole year,16
118,Jianghan University,"Tringa nebularia (Gunnerus, 1767)",Scolopacidae,Tringa,nebularia,Species,M,Whole year,16
118,Jianghan University,"Copsychus saularis (Linnaeus, 1758)",Muscicapidae,Copsychus,saularis,Species,R,Whole year,16
118,Jianghan University,"Anthus hodgsoni (Richmond, 1907)",Motacillidae,Anthus,hodgsoni,Species,M,Whole year,16
118,Jianghan University,"Anthus spinoletta (Linnaeus, 1758)",Motacillidae,Anthus,spinoletta,Species,M,Whole year,16
118,Jianghan University,"Sturnus sericeus (Gmelin, 1789)",Sturnidae,Sturnus,sericeus,Species,R,Whole year,16
118,Jianghan University,"Garrulus glandarius (Linnaeus, 1758)",Corvidae,Garrulus,glandarius,Species,R,Whole year,16
118,Jianghan University,"Turdus merula (Linnaeus, 1758)",Turdidae,Turdus,merula,Species,R,Whole year,16
118,Jianghan University,"Turdus cardis (Temminck, 1831)",Turdidae,Turdus,cardis,Species,M,Whole year,16
118,Jianghan University,"Pica pica (Linnaeus, 1758)",Corvidae,Pica,pica,Species,R,Whole year,16
118,Jianghan University,"Tachybaptus ruficollis (Pallas, 1764)",Podicipedidae,Tachybaptus,ruficollis,Species,R,Whole year,16
118,Jianghan University,"Emberiza pusilla (Pallas, 1776)",Emberizidae,Emberiza,pusilla,Species,M,Whole year,16
118,Jianghan University,"Chlidonias hybrida (Pallas, 1811)",Laridae,Chlidonias,hybrida,Species,M,Whole year,16
118,Jianghan University,"Fringilla montifringilla (Linnaeus, 1758)",Fringillidae,Fringilla,montifringilla,Species,M,Whole year,16
118,Jianghan University,"Nycticorax nycticorax (Linnaeus, 1758)",Ardeidae,Nycticorax,nycticorax,Species,M,Whole year,16
118,Jianghan University,"Eudynamys scolopaceus (Linnaeus, 1758)",Cuculidae,Eudynamys,scolopaceus,Species,M,Whole year,16
118,Jianghan University,"Calidris subminuta (Middendorff, 1853)",Scolopacidae,Calidris,subminuta,Species,M,Whole year,16
118,Jianghan University,"Ardea intermedia (Wagler, 1829)",Ardeidae,Ardea,intermedia,Species,M,Whole year,16
118,Jianghan University,"Streptopelia capicola (Sundevall, 1857)",Columbidae,Streptopelia,capicola,Species,R,Whole year,16
118,Jianghan University,"Lanius schach (Linnaeus, 1758)",Laniidae,Lanius,schach,Species,R,Whole year,16
118,Jianghan University,"Paradoxornis webbianus (Gould, 1852)",Paradoxornithidae,Paradoxornis,webbianus,Species,R,Whole year,16
123,Jiaying University,"Zosterops japonicus (Temminck & Schlegel, 1845)",Zosteropidae,Zosterops,japonicus,Species,R,Whole year,95
123,Jiaying University,"Acridotheres cristatellus (Linnaeus, 1758)",Sturnidae,Acridotheres,cristatellus,Species,R,Whole year,95
123,Jiaying University,"Pycnonotus aurigaster (Vieillot, 1818)",Pycnonotidae,Pycnonotus,aurigaster,Species,R,Whole year,95
123,Jiaying University,"Garrulax sannio (Swinhoe, 1867)",Leiothrichidae,Garrulax,sannio,Species,R,Whole year,95
123,Jiaying University,"Egretta garzetta (Linnaeus, 1766)",Ardeidae,Egretta,garzetta,Species,M,Whole year,95
123,Jiaying University,"Pycnonotus sinensis (Gmelin, 1789)",Pycnonotidae,Pycnonotus,sinensis,Species,R,Whole year,95
123,Jiaying University,"Amaurornis phoenicurus (Pennant, 1769)",Rallidae,Amaurornis,phoenicurus,Species,R,Whole year,95
123,Jiaying University,"Lonchura striata (Linnaeus, 1766)",Estrildidae,Lonchura,striata,Species,R,Whole year,95
123,Jiaying University,"Lonchura punctulata (Linnaeus, 1758)",Estrildidae,Lonchura,punctulata,Species,R,Whole year,95
123,Jiaying University,"Phoenicurus auroreus (Pallas, 1776)",Muscicapidae,Phoenicurus,auroreus,Species,M,Whole year,95
123,Jiaying University,"Aethopyga christinae (Swinhoe, 1869)",Nectariniidae,Aethopyga,christinae,Species,R,Whole year,95
123,Jiaying University,"Ardeola bacchus (Bonaparte, 1855)",Ardeidae,Ardeola,bacchus,Species,R,Whole year,95
123,Jiaying University,"Pericrocotus flammeus (J.R.Forster, 1781)",Campephagidae,Pericrocotus,flammeus,Species,R,Whole year,95
123,Jiaying University,"Parus major (Linnaeus, 1758)",Paridae,Parus,major,Species,R,Whole year,95
123,Jiaying University,"Centropus sinensis (Stephens, 1815)",Cuculidae,Centropus,sinensis,Species,R,Whole year,95
123,Jiaying University,"Prinia subflava (Gmelin, 1789)",Cisticolidae,Prinia,subflava,Species,R,Whole year,95
123,Jiaying University,"Hypsipetes leucocephalus (Gmelin, 1789)",Pycnonotidae,Hypsipetes,leucocephalus,Species,R,Whole year,95
123,Jiaying University,"Garrulax perspicillatus (Gmelin, 1789)",Leiothrichidae,Garrulax,perspicillatus,Species,R,Whole year,95
123,Jiaying University,"Sturnus sinensis (Gmelin, 1788)",Sturnidae,Sturnus,sinensis,Species,R,Whole year,95
123,Jiaying University,"Pycnonotus jocosus (Linnaeus, 1758)",Pycnonotidae,Pycnonotus,jocosus,Species,R,Whole year,95
123,Jiaying University,"Aegithalos concinnus (Gould, 1855)",Aegithalidae,Aegithalos,concinnus,Species,R,Whole year,95
123,Jiaying University,"Lanius cristatus (Linnaeus, 1758)",Laniidae,Lanius,cristatus,Species,M,Whole year,95
123,Jiaying University,"Rhyacornis fuliginosa (Vigors, 1831)",Muscicapidae,Rhyacornis,fuliginosa,Species,M,Whole year,95
123,Jiaying University,"Garrulax canorus (Linnaeus, 1758)",Leiothrichidae,Garrulax,canorus,Species,R,Whole year,95
123,Jiaying University,"Phylloscopus inornatus (Blyth, 1842)",Phylloscopidae,Phylloscopus,inornatus,Species,M,Whole year,95
123,Jiaying University,"Phylloscopus proregulus (Pallas, 1811)",Phylloscopidae,Phylloscopus,proregulus,Species,M,Whole year,95
123,Jiaying University,"Cyanopica cyanus (Pallas, 1776)",Corvidae,Cyanopica,cyanus,Species,R,Whole year,95
123,Jiaying University,"Streptopelia tranquebarica (Hermann, 1804)",Columbidae,Streptopelia,tranquebarica,Species,R,Whole year,95
123,Jiaying University,"Hirundo rustica (Linnaeus, 1758)",Laridae,Hirundo,rustica,Species,M,Whole year,95
123,Jiaying University,"Carduelis carduelis (Linnaeus, 1758)",Fringillidae,Carduelis,carduelis,Species,R,Whole year,95
123,Jiaying University,"Hirundo daurica (Laxmann, 1769)",Laridae,Hirundo,daurica,Species,R,Whole year,95
123,Jiaying University,"Halcyon pileata (Boddaert, 1783)",Alcedinidae,Halcyon,pileata,Species,M,Whole year,95
123,Jiaying University,"Hemixos castanonotus (Swinhoe, 1870)",Pycnonotidae,Hemixos,castanonotus,Species,M,Whole year,95
123,Jiaying University,"Passer montanus (Linnaeus, 1758)",Passeridae,Passer,montanus,Species,R,Whole year,95
123,Jiaying University,"Alcedo atthis (Linnaeus, 1758)",Alcedinidae,Alcedo,atthis,Species,R,Whole year,95
123,Jiaying University,"Copsychus saularis (Linnaeus, 1758)",Muscicapidae,Copsychus,saularis,Species,R,Whole year,95
123,Jiaying University,"Streptopelia orientalis (Latham, 1790)",Columbidae,Streptopelia,orientalis,Species,R,Whole year,95
123,Jiaying University,"Anthus hodgsoni (Richmond, 1907)",Motacillidae,Anthus,hodgsoni,Species,M,Whole year,95
123,Jiaying University,"Sturnus sericeus (Gmelin, 1789)",Sturnidae,Sturnus,sericeus,Species,R,Whole year,95
123,Jiaying University,"Anthus richerdi (Vieillot, 1818)",Motacillidae,Anthus,richerdi,Species,M,Whole year,95
123,Jiaying University,"Turdus merula (Linnaeus, 1758)",Turdidae,Turdus,merula,Species,M,Whole year,95
123,Jiaying University,"Centropus bengalensis (Gmelin, 1788)",Cuculidae,Centropus,bengalensis,Species,R,Whole year,95
123,Jiaying University,"Streptopelia capicola (Sundevall, 1857)",Columbidae,Streptopelia,capicola,Species,R,Whole year,95
123,Jiaying University,"Lanius schach (Linnaeus, 1758)",Laniidae,Lanius,schach,Species,R,Whole year,95
131,Jinggangshan University,"Acridotheres cristatellus (Linnaeus, 1758)",Sturnidae,Acridotheres,cristatellus,Species,R,Whole year,98
131,Jinggangshan University,"Motacilla alba (Linnaeus, 1758)",Motacillidae,Motacilla,alba,Species,R,Whole year,98
131,Jinggangshan University,"Egretta garzetta (Linnaeus, 1766)",Ardeidae,Egretta,garzetta,Species,R,Whole year,98
131,Jinggangshan University,"Pycnonotus sinensis (Gmelin, 1789)",Pycnonotidae,Pycnonotus,sinensis,Species,R,Whole year,98
131,Jinggangshan University,"Halcyon smyrnensis (Linnaeus, 1758)",Alcedinidae,Halcyon,smyrnensis,Species,R,Whole year,98
131,Jinggangshan University,"Phoenicurus auroreus (Pallas, 1776)",Muscicapidae,Phoenicurus,auroreus,Species,R,Whole year,98
131,Jinggangshan University,"Muscicapa dauurica (Pallas, 1811)",Muscicapidae,Muscicapa,dauurica,Species,M,Whole year,98
131,Jinggangshan University,"Botaurus stellaris (Linnaeus, 1758)",Ardeidae,Botaurus,stellaris,Species,M,Whole year,98
131,Jinggangshan University,"Parus major (Linnaeus, 1758)",Paridae,Parus,major,Species,R,Whole year,98
131,Jinggangshan University,"Corvus macrorhynchos (Wagler, 1827)",Corvidae,Corvus,macrorhynchos,Species,R,Whole year,98
131,Jinggangshan University,"Megaceryle lugubris (Temminck, 1834)",Alcedinidae,Megaceryle,lugubris,Species,R,Whole year,98
131,Jinggangshan University,"Motacilla lugens (Gloger, 1829)",Motacillidae,Motacilla,lugens,Species,M,Whole year,98
131,Jinggangshan University,"Garrulax perspicillatus (Gmelin, 1789)",Leiothrichidae,Garrulax,perspicillatus,Species,R,Whole year,98
131,Jinggangshan University,"Sturnus nigricollis (Paykull, 1807)",Sturnidae,Sturnus,nigricollis,Species,R,Whole year,98
131,Jinggangshan University,"Eophona migratoria (Hartert, 1903)",Fringillidae,Eophona,migratoria,Species,M,Whole year,98
131,Jinggangshan University,"Anthus cervinus (Pallas, 1811)",Motacillidae,Anthus,cervinus,Species,M,Whole year,98
131,Jinggangshan University,"Falco tinnunculus (Linnaeus, 1758)",Falconidae,Falco,tinnunculus,Species,R,Whole year,98
131,Jinggangshan University,"Rhyacornis fuliginosa (Vigors, 1831)",Muscicapidae,Rhyacornis,fuliginosa,Species,R,Whole year,98
131,Jinggangshan University,"Urocissa erythrorhyncha (Boddaert, 1783)",Corvidae,Urocissa,erythrorhyncha,Species,R,Whole year,98
131,Jinggangshan University,"Garrulax canorus (Linnaeus, 1758)",Leiothrichidae,Garrulax,canorus,Species,R,Whole year,98
131,Jinggangshan University,"Phasianus colchicus (Linnaeus, 1758)",Jacanidae,Phasianus,colchicus,Species,R,Whole year,98
131,Jinggangshan University,"Anthus rubescens (Tunstall, 1771)",Motacillidae,Anthus,rubescens,Species,M,Whole year,98
131,Jinggangshan University,"Parus venustulus (R. Swinhoe, 1870)",Paridae,Parus,venustulus,Species,R,Whole year,98
131,Jinggangshan University,"Phylloscopus inornatus (Blyth, 1842)",Phylloscopidae,Phylloscopus,inornatus,Species,M,Whole year,98
131,Jinggangshan University,"Motacilla cinerea (Tunstall, 1771)",Motacillidae,Motacilla,cinerea,Species,M,Whole year,98
131,Jinggangshan University,"Vanellus cinereus (Blyth, 1842)",Charadriidae,Vanellus,cinereus,Species,M,Whole year,98
131,Jinggangshan University,"Hirundo rustica (Linnaeus, 1758)",Laridae,Hirundo,rustica,Species,M,Whole year,98
131,Jinggangshan University,"Carduelis sinica (Linnaeus, 1766)",Fringillidae,Carduelis,sinica,Species,R,Whole year,98
131,Jinggangshan University,"Halcyon pileata (Boddaert, 1783)",Alcedinidae,Halcyon,pileata,Species,R,Whole year,98
131,Jinggangshan University,"Ixobrychus cinnamomeus (Gmelin, 1789)",Ardeidae,Ixobrychus,cinnamomeus,Species,R,Whole year,98
131,Jinggangshan University,"Emberiza rutila (Pallas, 1776)",Emberizidae,Emberiza,rutila,Species,M,Whole year,98
131,Jinggangshan University,"Passer montanus (Linnaeus, 1758)",Passeridae,Passer,montanus,Species,R,Whole year,98
131,Jinggangshan University,"Bubulcus ibis (Linnaeus, 1758)",Ardeidae,Bubulcus,ibis,Species,R,Whole year,98
131,Jinggangshan University,"Alcedo atthis (Linnaeus, 1758)",Alcedinidae,Alcedo,atthis,Species,R,Whole year,98
131,Jinggangshan University,"Tringa nebularia (Gunnerus, 1767)",Scolopacidae,Tringa,nebularia,Species,M,Whole year,98
131,Jinggangshan University,"Copsychus saularis (Linnaeus, 1758)",Muscicapidae,Copsychus,saularis,Species,R,Whole year,98
131,Jinggangshan University,"Streptopelia orientalis (Latham, 1790)",Columbidae,Streptopelia,orientalis,Species,R,Whole year,98
131,Jinggangshan University,"Dendronanthus indicus (Gmelin, 1789)",Motacillidae,Dendronanthus,indicus,Species,M,Whole year,98
131,Jinggangshan University,"Anthus sylvanus (Hodgson, 1845)",Motacillidae,Anthus,sylvanus,Species,R,Whole year,98
131,Jinggangshan University,"Sturnus sericeus (Gmelin, 1789)",Sturnidae,Sturnus,sericeus,Species,R,Whole year,98
131,Jinggangshan University,"Cuculus micropterus (Gould, 1838)",scolopacea,Cuculus,micropterus,Species,M,Whole year,98
131,Jinggangshan University,"Anthus richerdi (Vieillot, 1818)",Motacillidae,Anthus,richerdi,Species,R,Whole year,98
131,Jinggangshan University,"Turdus merula (Linnaeus, 1758)",Turdidae,Turdus,merula,Species,R,Whole year,98
131,Jinggangshan University,"Turdus cardis (Temminck, 1831)",Turdidae,Turdus,cardis,Species,M,Whole year,98
131,Jinggangshan University,"Pica pica (Linnaeus, 1758)",Corvidae,Pica,pica,Species,R,Whole year,98
131,Jinggangshan University,"Tachybaptus ruficollis (Pallas, 1764)",Podicipedidae,Tachybaptus,ruficollis,Species,R,Whole year,98
131,Jinggangshan University,"Emberiza pusilla (Pallas, 1776)",Emberizidae,Emberiza,pusilla,Species,M,Whole year,98
131,Jinggangshan University,"Alauda gulgula (Franklin, 1831)",Alaudidae,Alauda,gulgula,Species,R,Whole year,98
131,Jinggangshan University,"Fringilla montifringilla (Linnaeus, 1758)",Fringillidae,Fringilla,montifringilla,Species,M,Whole year,98
131,Jinggangshan University,"Falco subbuteo (Linnaeus, 1758)",Falconidae,Falco,subbuteo,Species,R,Whole year,98
131,Jinggangshan University,"Milvus korschun (Boddaert, 1783)",Accipitridae,Milvus,korschun,Species,R,Whole year,98
131,Jinggangshan University,"Streptopelia capicola (Sundevall, 1857)",Columbidae,Streptopelia,capicola,Species,R,Whole year,98
131,Jinggangshan University,"Lanius schach (Linnaeus, 1758)",Laniidae,Lanius,schach,Species,R,Whole year,98
131,Jinggangshan University,"Paradoxornis webbianus (Gould, 1852)",Paradoxornithidae,Paradoxornis,webbianus,Species,R,Whole year,98
133,"Jining Normal University, Quanshan Campus","Corvus dauuricus (Pallas, 1776)",Corvidae,Corvus,dauuricus,Species,R,Whole year,133
133,"Jining Normal University, Quanshan Campus","Passer montanus (Linnaeus, 1758)",Passeridae,Passer,montanus,Species,R,Whole year,133
133,"Jining Normal University, Quanshan Campus","Pica pica (Linnaeus, 1758)",Corvidae,Pica,pica,Species,R,Whole year,133
133,"Jining Normal University, Quanshan Campus","Carduelis sinica (Linnaeus, 1766)",Fringillidae,Carduelis,sinica,Species,R,Whole year,133
133,"Jining Normal University, Quanshan Campus","Streptopelia decaocto (Frivaldszky, 1838)",Columbidae,Streptopelia,decaocto,Species,R,Whole year,133
133,"Jining Normal University, Quanshan Campus","Hirundo rustica (Linnaeus, 1758)",Laridae,Hirundo,rustica,Species,M,Whole year,133
133,"Jining Normal University, Quanshan Campus","Parus major (Linnaeus, 1758)",Paridae,Parus,major,Species,R,Whole year,133
133,"Jining Normal University, Quanshan Campus","Ficedula albicilla (Pallas, 1811)",Muscicapidae,Ficedula,albicilla,Species,M,Whole year,133
133,"Jining Normal University, Quanshan Campus","Phylloscopus proregulus (Pallas, 1811)",Phylloscopidae,Phylloscopus,proregulus,Species,M,Whole year,133
133,"Jining Normal University, Quanshan Campus","Coturnix japonica (Temminck & Schlegel, 1849)",Phasianidae,Coturnix,japonica,Species,R,Whole year,133
133,"Jining Normal University, Quanshan Campus","Motacilla alba (Linnaeus, 1758)",Motacillidae,Motacilla,alba,Species,M,Whole year,133
133,"Jining Normal University, Quanshan Campus","Motacilla cinerea (Tunstall, 1771)",Motacillidae,Motacilla,cinerea,Species,M,Whole year,133
133,"Jining Normal University, Quanshan Campus","Halcyon pileata (Boddaert, 1783)",Alcedinidae,Halcyon,pileata,Species,M,Whole year,133
134,Kaili University,"Zosterops japonicus (Temminck & Schlegel, 1845)",Zosteropidae,Zosterops,japonicus,Species,R,Whole year,152
134,Kaili University,"Motacilla alba (Linnaeus, 1758)",Motacillidae,Motacilla,alba,Species,R,Whole year,152
134,Kaili University,"Garrulax sannio (Swinhoe, 1867)",Leiothrichidae,Garrulax,sannio,Species,R,Whole year,152
134,Kaili University,"Pycnonotus sinensis (Gmelin, 1789)",Pycnonotidae,Pycnonotus,sinensis,Species,R,Whole year,152
134,Kaili University,"Lonchura punctulata (Linnaeus, 1758)",Estrildidae,Lonchura,punctulata,Species,R,Whole year,152
134,Kaili University,"Phoenicurus auroreus (Pallas, 1776)",Muscicapidae,Phoenicurus,auroreus,Species,M,Whole year,152
134,Kaili University,"Serinus thibetanus (Hume, 1872)",Fringillidae,Serinus,thibetanus,Species,R,Whole year,152
134,Kaili University,"Prinia inornata (Sykes, 1832)",Cisticolidae,Prinia,inornata,Species,R,Whole year,152
134,Kaili University,"Cuculus canorus (Linnaeus, 1758)",scolopacea,Cuculus,canorus,Species,M,Whole year,152
134,Kaili University,"Parus major (Linnaeus, 1758)",Paridae,Parus,major,Species,R,Whole year,152
134,Kaili University,"Alcippe dubia (Hume, 1874)",Pellorneidae,Alcippe,dubia,Species,R,Whole year,152
134,Kaili University,"Saxicola torquatus (Linnaeus, 1766)",Muscicapidae,Saxicola,torquatus,Species,M,Whole year,152
134,Kaili University,"Carduelis ambigua (Oustalet, 1896)",Fringillidae,Carduelis,ambigua,Species,R,Whole year,152
134,Kaili University,"Tichodroma muraria (Linnaeus, 1766)",Tichodromadidae,Tichodroma,muraria,Species,M,Whole year,152
134,Kaili University,"Falco tinnunculus (Linnaeus, 1758)",Falconidae,Falco,tinnunculus,Species,R,Whole year,152
134,Kaili University,"Stachyris ruficeps (Blyth, 1847)",Timaliidae,Stachyris,ruficeps,Species,R,Whole year,152
134,Kaili University,"Aegithalos concinnus (Gould, 1855)",Aegithalidae,Aegithalos,concinnus,Species,R,Whole year,152
134,Kaili University,"Rhyacornis fuliginosa (Vigors, 1831)",Muscicapidae,Rhyacornis,fuliginosa,Species,R,Whole year,152
134,Kaili University,"Tarsiger cyanurus (Pallas, 1773)",Muscicapidae,Tarsiger,cyanurus,Species,M,Whole year,152
134,Kaili University,"Urocissa erythrorhyncha (Boddaert, 1783)",Corvidae,Urocissa,erythrorhyncha,Species,R,Whole year,152
134,Kaili University,"Lanius tigrinus (Drapiez, 1828)",Laniidae,Lanius,tigrinus,Species,M,Whole year,152
134,Kaili University,"Garrulax canorus (Linnaeus, 1758)",Leiothrichidae,Garrulax,canorus,Species,R,Whole year,152
134,Kaili University,"Anthus rubescens (Tunstall, 1771)",Motacillidae,Anthus,rubescens,Species,M,Whole year,152
134,Kaili University,"Pycnonotus xanthorrhous (Anderson, 1869)",Pycnonotidae,Pycnonotus,xanthorrhous,Species,R,Whole year,152
134,Kaili University,"Phylloscopus proregulus (Pallas, 1811)",Phylloscopidae,Phylloscopus,proregulus,Species,M,Whole year,152
134,Kaili University,"Bambusicola thoracicus (Temminck, 1815)",Phasianidae,Bambusicola,thoracicus,Species,R,Whole year,152
134,Kaili University,"Hirundo rustica (Linnaeus, 1758)",Laridae,Hirundo,rustica,Species,M,Whole year,152
134,Kaili University,"Carduelis sinica (Linnaeus, 1766)",Fringillidae,Carduelis,sinica,Species,R,Whole year,152
134,Kaili University,"Hirundo daurica (Laxmann, 1769)",Laridae,Hirundo,daurica,Species,M,Whole year,152
134,Kaili University,"Minla cyanouroptera (Hodgson, 1837)",Leiothrichidae,Minla,cyanouroptera,Species,R,Whole year,152
134,Kaili University,"Spizixos semitorques (Swinhoe, 1861)",Pycnonotidae,Spizixos,semitorques,Species,R,Whole year,152
134,Kaili University,"Parus monticolus (Vigors, 1831)",Paridae,Parus,monticolus,Species,R,Whole year,152
134,Kaili University,"Passer montanus (Linnaeus, 1758)",Passeridae,Passer,montanus,Species,R,Whole year,152
134,Kaili University,"Cettia fortipes (Hodgson, 1845)",Cettiidae,Cettia,fortipes,Species,R,Whole year,152
134,Kaili University,"Copsychus saularis (Linnaeus, 1758)",Muscicapidae,Copsychus,saularis,Species,R,Whole year,152
134,Kaili University,"Dendronanthus indicus (Gmelin, 1789)",Motacillidae,Dendronanthus,indicus,Species,M,Whole year,152
134,Kaili University,"Turdus merula (Linnaeus, 1758)",Turdidae,Turdus,merula,Species,R,Whole year,152
134,Kaili University,"Emberiza pusilla (Pallas, 1776)",Emberizidae,Emberiza,pusilla,Species,M,Whole year,152
134,Kaili University,"Lanius schach (Linnaeus, 1758)",Laniidae,Lanius,schach,Species,R,Whole year,152
134,Kaili University,"Paradoxornis webbianus (Gould, 1852)",Paradoxornithidae,Paradoxornis,webbianus,Species,R,Whole year,152
142,Manzhouli College Of Inner Mongolia University,"Corvus corone (Linnaeus, 1758)",Corvidae,Corvus,corone,Species,R,Whole year,133
142,Manzhouli College Of Inner Mongolia University,"Carduelis flammea (Linnaeus, 1758)",Fringillidae,Carduelis,flammea,Species,M,Whole year,133
142,Manzhouli College Of Inner Mongolia University,"Apus pacificus (Latham, 1802)",Apodidae,Apus,pacificus,Species,M,Whole year,133
142,Manzhouli College Of Inner Mongolia University,"Passer montanus (Linnaeus, 1758)",Passeridae,Passer,montanus,Species,R,Whole year,133
142,Manzhouli College Of Inner Mongolia University,"Corvus frugilegus (Linnaeus, 1758)",Corvidae,Corvus,frugilegus,Species,R,Whole year,133
142,Manzhouli College Of Inner Mongolia University,"Lanius isabellinus (Hemprich & Ehrenberg, 1833)",Laniidae,Lanius,isabellinus,Species,M,Whole year,133
142,Manzhouli College Of Inner Mongolia University,"Ficedula albicilla (Pallas, 1811)",Muscicapidae,Ficedula,albicilla,Species,M,Whole year,133
142,Manzhouli College Of Inner Mongolia University,"Motacilla alba (Linnaeus, 1758)",Motacillidae,Motacilla,alba,Species,M,Whole year,133
142,Manzhouli College Of Inner Mongolia University,"Phylloscopus fuscatus (Blyth, 1842)",Phylloscopidae,Phylloscopus,fuscatus,Species,M,Whole year,133
142,Manzhouli College Of Inner Mongolia University,"Phylloscopus proregulus (Pallas, 1811)",Phylloscopidae,Phylloscopus,proregulus,Species,M,Whole year,133
142,Manzhouli College Of Inner Mongolia University,"Motacilla cinerea (Tunstall, 1771)",Motacillidae,Motacilla,cinerea,Species,M,Whole year,133
142,Manzhouli College Of Inner Mongolia University,"Emberiza spodocephala (Pallas, 1776)",Emberizidae,Emberiza,spodocephala,Species,M,Whole year,133
142,Manzhouli College Of Inner Mongolia University,"Carpodacus roseus (Pallas, 1776)",Fringillidae,Carpodacus,roseus,Species,M,Whole year,133
142,Manzhouli College Of Inner Mongolia University,"Acrocephalus arundinaceus (Linnaeus, 1758)",Acrocephalidae,Acrocephalus,arundinaceus,Species,M,Whole year,133
142,Manzhouli College Of Inner Mongolia University,"Prunella fulvescens (Severtzov, 1873)",Prunellidae,Prunella,fulvescens,Species,R,Whole year,133
142,Manzhouli College Of Inner Mongolia University,"Motacilla citreola (Pallas, 1776)",Motacillidae,Motacilla,citreola,Species,M,Whole year,133
152,NanJing XiaoZhuang University,"Acridotheres cristatellus (Linnaeus, 1758)",Sturnidae,Acridotheres,cristatellus,Species,R,Whole year,12
152,NanJing XiaoZhuang University,"Motacilla alba (Linnaeus, 1758)",Motacillidae,Motacilla,alba,Species,R,Whole year,12
152,NanJing XiaoZhuang University,"Egretta garzetta (Linnaeus, 1766)",Ardeidae,Egretta,garzetta,Species,M,Whole year,12
152,NanJing XiaoZhuang University,"Pycnonotus sinensis (Gmelin, 1789)",Pycnonotidae,Pycnonotus,sinensis,Species,R,Whole year,12
152,NanJing XiaoZhuang University,"Turdus naumanni (Temminck, 1820)",Turdidae,Turdus,naumanni,Species,M,Whole year,12
152,NanJing XiaoZhuang University,"Ardeola bacchus (Bonaparte, 1855)",Ardeidae,Ardeola,bacchus,Species,M,Whole year,12
152,NanJing XiaoZhuang University,"Parus major (Linnaeus, 1758)",Paridae,Parus,major,Species,R,Whole year,12
152,NanJing XiaoZhuang University,"Dicrurus macrocercus (Vieillot, 1817)",Dicruridae,Dicrurus,macrocercus,Species,M,Whole year,12
152,NanJing XiaoZhuang University,"Garrulax perspicillatus (Gmelin, 1789)",Leiothrichidae,Garrulax,perspicillatus,Species,R,Whole year,12
152,NanJing XiaoZhuang University,"Gallinula chloropus (Linnaeus, 1758)",Rallidae,Gallinula,chloropus,Species,R,Whole year,12
152,NanJing XiaoZhuang University,"Lanius cristatus (Linnaeus, 1758)",Laniidae,Lanius,cristatus,Species,M,Whole year,12
152,NanJing XiaoZhuang University,"Sturnus cineraceus (Temminck, 1835)",Sturnidae,Sturnus,cineraceus,Species,R,Whole year,12
152,NanJing XiaoZhuang University,"Heteroscelus brevipes (Vieillot, 1816)",Scolopacidae,Heteroscelus,brevipes,Species,M,Whole year,12
152,NanJing XiaoZhuang University,"Cyanopica cyanus (Pallas, 1776)",Corvidae,Cyanopica,cyanus,Species,R,Whole year,12
152,NanJing XiaoZhuang University,"Hirundo rustica (Linnaeus, 1758)",Laridae,Hirundo,rustica,Species,M,Whole year,12
152,NanJing XiaoZhuang University,"Spizixos semitorques (Swinhoe, 1861)",Pycnonotidae,Spizixos,semitorques,Species,R,Whole year,12
152,NanJing XiaoZhuang University,"Butorides striata (Linnaeus, 1758)",Ardeidae,Butorides,striata,Species,M,Whole year,12
152,NanJing XiaoZhuang University,"Passer montanus (Linnaeus, 1758)",Passeridae,Passer,montanus,Species,R,Whole year,12
152,NanJing XiaoZhuang University,"Bubulcus ibis (Linnaeus, 1758)",Ardeidae,Bubulcus,ibis,Species,M,Whole year,12
152,NanJing XiaoZhuang University,"Alcedo atthis (Linnaeus, 1758)",Alcedinidae,Alcedo,atthis,Species,R,Whole year,12
152,NanJing XiaoZhuang University,"Streptopelia orientalis (Latham, 1790)",Columbidae,Streptopelia,orientalis,Species,R,Whole year,12
152,NanJing XiaoZhuang University,"Hydrophasianus chirurgus (Scopoli, 1786)",Jacanidae,Hydrophasianus,chirurgus,Species,M,Whole year,12
152,NanJing XiaoZhuang University,"Turdus merula (Linnaeus, 1758)",Turdidae,Turdus,merula,Species,R,Whole year,12
152,NanJing XiaoZhuang University,"Pica pica (Linnaeus, 1758)",Corvidae,Pica,pica,Species,R,Whole year,12
152,NanJing XiaoZhuang University,"Tachybaptus ruficollis (Pallas, 1764)",Podicipedidae,Tachybaptus,ruficollis,Species,R,Whole year,12
152,NanJing XiaoZhuang University,"Nycticorax nycticorax (Linnaeus, 1758)",Ardeidae,Nycticorax,nycticorax,Species,R,Whole year,12
152,NanJing XiaoZhuang University,"Streptopelia capicola (Sundevall, 1857)",Columbidae,Streptopelia,capicola,Species,R,Whole year,12
152,NanJing XiaoZhuang University,"Lanius schach (Linnaeus, 1758)",Laniidae,Lanius,schach,Species,R,Whole year,12
152,NanJing XiaoZhuang University,"Paradoxornis webbianus (Gould, 1852)",Paradoxornithidae,Paradoxornis,webbianus,Species,R,Whole year,12
154,Nanyang Normal University,"Aanthus richardi (Vieillot, 1818)",NA,Aanthus,richardi,Species,M,Whole year,134
154,Nanyang Normal University,"Phylloscopus trochiloides (Sundevall, 1837)",Phylloscopidae,Phylloscopus,trochiloides,Species,M,Whole year,134
154,Nanyang Normal University,"Zosterops japonicus (Temminck & Schlegel, 1845)",Zosteropidae,Zosterops,japonicus,Species,M,Whole year,134
154,Nanyang Normal University,"Acridotheres cristatellus (Linnaeus, 1758)",Sturnidae,Acridotheres,cristatellus,Species,R,Whole year,134
154,Nanyang Normal University,"Motacilla alba (Linnaeus, 1758)",Motacillidae,Motacilla,alba,Species,R,Whole year,134
154,Nanyang Normal University,"Egretta garzetta (Linnaeus, 1766)",Ardeidae,Egretta,garzetta,Species,M,Whole year,134
154,Nanyang Normal University,"Pycnonotus sinensis (Gmelin, 1789)",Pycnonotidae,Pycnonotus,sinensis,Species,R,Whole year,134
154,Nanyang Normal University,"Phoenicurus auroreus (Pallas, 1776)",Muscicapidae,Phoenicurus,auroreus,Species,M,Whole year,134
154,Nanyang Normal University,"Ardeola bacchus (Bonaparte, 1855)",Ardeidae,Ardeola,bacchus,Species,M,Whole year,134
154,Nanyang Normal University,"Dendrocopos major (Linnaeus, 1758)",Picidae,Dendrocopos,major,Species,R,Whole year,134
154,Nanyang Normal University,"Parus major (Linnaeus, 1758)",Paridae,Parus,major,Species,R,Whole year,134
154,Nanyang Normal University,"Upupa epops (Linnaeus, 1758)",Upupidae,Upupa,epops,Species,M,Whole year,134
154,Nanyang Normal University,"Dicrurus macrocercus (Vieillot, 1817)",Dicruridae,Dicrurus,macrocercus,Species,M,Whole year,134
154,Nanyang Normal University,"Eophona migratoria (Hartert, 1903)",Fringillidae,Eophona,migratoria,Species,M,Whole year,134
154,Nanyang Normal University,"Milvus migrans (Boddaert, 1783)",Accipitridae,Milvus,migrans,Species,R,Whole year,134
154,Nanyang Normal University,"Picus canus (Gmelin, 1788)",Picidae,Picus,canus,Species,R,Whole year,134
154,Nanyang Normal University,"Otus scops (Linnaeus, 1758)",Campephagidae,Otus,scops,Species,M,Whole year,134
154,Nanyang Normal University,"Phasianus colchicus (Linnaeus, 1758)",Jacanidae,Phasianus,colchicus,Species,R,Whole year,134
154,Nanyang Normal University,"Pycnonotus xanthorrhous (Anderson, 1869)",Pycnonotidae,Pycnonotus,xanthorrhous,Species,M,Whole year,134
154,Nanyang Normal University,"Motacilla cinerea (Tunstall, 1771)",Motacillidae,Motacilla,cinerea,Species,M,Whole year,134
154,Nanyang Normal University,"Sturnus cineraceus (Temminck, 1835)",Sturnidae,Sturnus,cineraceus,Species,R,Whole year,134
154,Nanyang Normal University,"Cyanopica cyanus (Pallas, 1776)",Corvidae,Cyanopica,cyanus,Species,R,Whole year,134
154,Nanyang Normal University,"Streptopelia tranquebarica (Hermann, 1804)",Columbidae,Streptopelia,tranquebarica,Species,M,Whole year,134
154,Nanyang Normal University,"Hirundo rustica (Linnaeus, 1758)",Laridae,Hirundo,rustica,Species,M,Whole year,134
154,Nanyang Normal University,"Carduelis sinica (Linnaeus, 1766)",Fringillidae,Carduelis,sinica,Species,R,Whole year,134
154,Nanyang Normal University,"Charadrius dubius (Scopoli, 1786)",Charadriidae,Charadrius,dubius,Species,M,Whole year,134
154,Nanyang Normal University,"Hirundo daurica (Laxmann, 1769)",Laridae,Hirundo,daurica,Species,M,Whole year,134
154,Nanyang Normal University,"Glaucidium brodiei (Burton, 1836)",Strigidae,Glaucidium,brodiei,Species,R,Whole year,134
154,Nanyang Normal University,"Passer rutilans (Temminck, 1836)",Passeridae,Passer,rutilans,Species,R,Whole year,134
154,Nanyang Normal University,"Alcedo atthis (Linnaeus, 1758)",Alcedinidae,Alcedo,atthis,Species,R,Whole year,134
154,Nanyang Normal University,"Accipiter nisus (Linnaeus, 1758)",Accipitridae,Accipiter,nisus,Species,M,Whole year,134
154,Nanyang Normal University,"Copsychus saularis (Linnaeus, 1758)",Muscicapidae,Copsychus,saularis,Species,R,Whole year,134
154,Nanyang Normal University,"Streptopelia orientalis (Latham, 1790)",Columbidae,Streptopelia,orientalis,Species,R,Whole year,134
154,Nanyang Normal University,"Terpsiphone paradisi (Linnaeus, 1758)",Monarchidae,Terpsiphone,paradisi,Species,M,Whole year,134
154,Nanyang Normal University,"Cuculus micropterus (Gould, 1838)",scolopacea,Cuculus,micropterus,Species,M,Whole year,134
154,Nanyang Normal University,"Turdus merula (Linnaeus, 1758)",Turdidae,Turdus,merula,Species,R,Whole year,134
154,Nanyang Normal University,"Pica pica (Linnaeus, 1758)",Corvidae,Pica,pica,Species,R,Whole year,134
154,Nanyang Normal University,"Alauda gulgula (Franklin, 1831)",Alaudidae,Alauda,gulgula,Species,M,Whole year,134
154,Nanyang Normal University,"Dendrocopos canicapillus (Blyth, 1845)",Picidae,Dendrocopos,canicapillus,Species,R,Whole year,134
154,Nanyang Normal University,"Streptopelia capicola (Sundevall, 1857)",Columbidae,Streptopelia,capicola,Species,R,Whole year,134
154,Nanyang Normal University,"Lanius schach (Linnaeus, 1758)",Laniidae,Lanius,schach,Species,R,Whole year,134
164,Nei Meng Gu Jiao Tong Zhi Ye Ji Shu Xue Xiao,"Bombycilla garrulus (Linnaeus, 1758)",Bombycillidae,Bombycilla,garrulus,Species,M,Whole year,133
164,Nei Meng Gu Jiao Tong Zhi Ye Ji Shu Xue Xiao,"Passer montanus (Linnaeus, 1758)",Passeridae,Passer,montanus,Species,R,Whole year,133
164,Nei Meng Gu Jiao Tong Zhi Ye Ji Shu Xue Xiao,"Carduelis sinica (Linnaeus, 1766)",Fringillidae,Carduelis,sinica,Species,R,Whole year,133
164,Nei Meng Gu Jiao Tong Zhi Ye Ji Shu Xue Xiao,"Hirundo daurica (Laxmann, 1769)",Laridae,Hirundo,daurica,Species,M,Whole year,133
164,Nei Meng Gu Jiao Tong Zhi Ye Ji Shu Xue Xiao,"Hirundo rustica (Linnaeus, 1758)",Laridae,Hirundo,rustica,Species,M,Whole year,133
164,Nei Meng Gu Jiao Tong Zhi Ye Ji Shu Xue Xiao,"Pycnonotus sinensis (Gmelin, 1789)",Pycnonotidae,Pycnonotus,sinensis,Species,R,Whole year,133
164,Nei Meng Gu Jiao Tong Zhi Ye Ji Shu Xue Xiao,"Ficedula albicilla (Pallas, 1811)",Muscicapidae,Ficedula,albicilla,Species,M,Whole year,133
164,Nei Meng Gu Jiao Tong Zhi Ye Ji Shu Xue Xiao,"Lanius cristatus (Linnaeus, 1758)",Laniidae,Lanius,cristatus,Species,M,Whole year,133
164,Nei Meng Gu Jiao Tong Zhi Ye Ji Shu Xue Xiao,"Corvus corone (Linnaeus, 1758)",Corvidae,Corvus,corone,Species,R,Whole year,133
164,Nei Meng Gu Jiao Tong Zhi Ye Ji Shu Xue Xiao,"Falco tinnunculus (Linnaeus, 1758)",Falconidae,Falco,tinnunculus,Species,R,Whole year,133
164,Nei Meng Gu Jiao Tong Zhi Ye Ji Shu Xue Xiao,"Falco amurensis (Radde, 1863)",Falconidae,Falco,amurensis,Species,M,Whole year,133
164,Nei Meng Gu Jiao Tong Zhi Ye Ji Shu Xue Xiao,"Sitta europaea (Linnaeus, 1758)",Sittidae,Sitta,europaea,Species,R,Whole year,133
164,Nei Meng Gu Jiao Tong Zhi Ye Ji Shu Xue Xiao,"Pica pica (Linnaeus, 1758)",Corvidae,Pica,pica,Species,R,Whole year,133
164,Nei Meng Gu Jiao Tong Zhi Ye Ji Shu Xue Xiao,"Phylloscopus fuscatus (Blyth, 1842)",Phylloscopidae,Phylloscopus,fuscatus,Species,M,Whole year,133
166,Ningxia University,"Oenanthe hispanica (Linnaeus, 1758)",Muscicapidae,Oenanthe,hispanica,Species,M,Whole year,15
166,Ningxia University,"Turdus pallidus (Gmelin, 1789)",Turdidae,Turdus,pallidus,Species,M,Whole year,15
166,Ningxia University,"Motacilla alba (Linnaeus, 1758)",Motacillidae,Motacilla,alba,Species,M,Whole year,15
166,Ningxia University,"Pycnonotus sinensis (Gmelin, 1789)",Pycnonotidae,Pycnonotus,sinensis,Species,R,Whole year,15
166,Ningxia University,"Anas poecilorhyncha (J.R.Forster, 1781)",Anatidae,Anas,poecilorhyncha,Species,M,Whole year,15
166,Ningxia University,"Phoenicurus auroreus (Pallas, 1776)",Muscicapidae,Phoenicurus,auroreus,Species,R,Whole year,15
166,Ningxia University,"Turdus ruficollis (Pallas, 1776)",Turdidae,Turdus,ruficollis,Species,R,Whole year,15
166,Ningxia University,"Tadorna ferruginea (Pallas, 1764)",Laridae,Tadorna,ferruginea,Species,M,Whole year,15
166,Ningxia University,"Alcedo atthis (Linnaeus, 1758)",Alcedinidae,Alcedo,atthis,Species,M,Whole year,15
166,Ningxia University,"Dendrocopos major (Linnaeus, 1758)",Picidae,Dendrocopos,major,Species,R,Whole year,15
166,Ningxia University,"Cuculus canorus (Linnaeus, 1758)",scolopacea,Cuculus,canorus,Species,M,Whole year,15
166,Ningxia University,"Parus major (Linnaeus, 1758)",Paridae,Parus,major,Species,R,Whole year,15
166,Ningxia University,"Acrocephalus arundinaceus (Linnaeus, 1758)",Acrocephalidae,Acrocephalus,arundinaceus,Species,M,Whole year,15
166,Ningxia University,"Regulus regulus (Linnaeus, 1758)",Regulidae,Regulus,regulus,Species,M,Whole year,15
166,Ningxia University,"Upupa epops (Linnaeus, 1758)",Upupidae,Upupa,epops,Species,R,Whole year,15
166,Ningxia University,"Calandrella cinerea (Gmelin, 1789)",Alaudidae,Calandrella,cinerea,Species,R,Whole year,15
166,Ningxia University,"Galerida cristata (Linnaeus, 1758)",Alaudidae,Galerida,cristata,Species,R,Whole year,15
166,Ningxia University,"Fulica atra (Linnaeus, 1758)",Rallidae,Fulica,atra,Species,R,Whole year,15
166,Ningxia University,"Prunella koslowi (Prjevalsky, 1887)",Prunellidae,Prunella,koslowi,Species,M,Whole year,15
166,Ningxia University,"Parus montanus (Baldenstein, 1827)",Paridae,Parus,montanus,Species,M,Whole year,15
166,Ningxia University,"Passer ammodendri (Gould, 1872)",Passeridae,Passer,ammodendri,Species,R,Whole year,15
166,Ningxia University,"Saxicola torquatus (Linnaeus, 1766)",Muscicapidae,Saxicola,torquatus,Species,M,Whole year,15
166,Ningxia University,"Larus crassirostris (Vieillot, 1818)",Laridae,Larus,crassirostris,Species,M,Whole year,15
166,Ningxia University,"Falco vespertinus (Linnaeus, 1766)",Falconidae,Falco,vespertinus,Species,M,Whole year,15
166,Ningxia University,"Falco tinnunculus (Linnaeus, 1758)",Falconidae,Falco,tinnunculus,Species,R,Whole year,15
166,Ningxia University,"Lanius cristatus (Linnaeus, 1758)",Laniidae,Lanius,cristatus,Species,M,Whole year,15
166,Ningxia University,"Rhyacornis fuliginosa (Vigors, 1831)",Muscicapidae,Rhyacornis,fuliginosa,Species,R,Whole year,15
166,Ningxia University,"Larus ridibundus (Linnaeus, 1766)",Laridae,Larus,ridibundus,Species,M,Whole year,15
166,Ningxia University,"Motacilla flava (Linnaeus, 1758)",Motacillidae,Motacilla,flava,Species,M,Whole year,15
166,Ningxia University,"Phylloscopus inornatus (Blyth, 1842)",Phylloscopidae,Phylloscopus,inornatus,Species,M,Whole year,15
166,Ningxia University,"Motacilla citreola (Pallas, 1776)",Motacillidae,Motacilla,citreola,Species,M,Whole year,15
166,Ningxia University,"Streptopelia decaocto (Frivaldszky, 1838)",Columbidae,Streptopelia,decaocto,Species,R,Whole year,15
166,Ningxia University,"Lanius tephronotus (Vigors, 1831)",Laniidae,Lanius,tephronotus,Species,M,Whole year,15
166,Ningxia University,"Lanius excubitor (Linnaeus, 1758)",Laniidae,Lanius,excubitor,Species,M,Whole year,15
166,Ningxia University,"Motacilla cinerea (Tunstall, 1771)",Motacillidae,Motacilla,cinerea,Species,M,Whole year,15
166,Ningxia University,"Sturnus cineraceus (Temminck, 1835)",Sturnidae,Sturnus,cineraceus,Species,M,Whole year,15
166,Ningxia University,"Riparia riparia (Linnaeus, 1758)",Hirundinidae,Riparia,riparia,Species,M,Whole year,15
166,Ningxia University,"Emberiza spodocephala (Pallas, 1776)",Emberizidae,Emberiza,spodocephala,Species,M,Whole year,15
166,Ningxia University,"Cyanopica cyanus (Pallas, 1776)",Corvidae,Cyanopica,cyanus,Species,M,Whole year,15
166,Ningxia University,"Hirundo rustica (Linnaeus, 1758)",Laridae,Hirundo,rustica,Species,M,Whole year,15
166,Ningxia University,"Eremophila alpestris (Linnaeus, 1758)",Alaudidae,Eremophila,alpestris,Species,R,Whole year,15
166,Ningxia University,"Carduelis sinica (Linnaeus, 1766)",Fringillidae,Carduelis,sinica,Species,R,Whole year,15
166,Ningxia University,"Hirundo daurica (Laxmann, 1769)",Laridae,Hirundo,daurica,Species,M,Whole year,15
166,Ningxia University,"Apus apus (Linnaeus, 1758)",Apodidae,Apus,apus,Species,M,Whole year,15
166,Ningxia University,"Passer montanus (Linnaeus, 1758)",Passeridae,Passer,montanus,Species,R,Whole year,15
166,Ningxia University,"Oenanthe deserti (Temminck, 1825)",Muscicapidae,Oenanthe,deserti,Species,M,Whole year,15
166,Ningxia University,"Sterna hirundo (Linnaeus, 1758)",Laridae,Sterna,hirundo,Species,M,Whole year,15
166,Ningxia University,"Dendronanthus indicus (Gmelin, 1789)",Motacillidae,Dendronanthus,indicus,Species,M,Whole year,15
166,Ningxia University,"Anthus hodgsoni (Richmond, 1907)",Motacillidae,Anthus,hodgsoni,Species,M,Whole year,15
166,Ningxia University,"Bombycilla garrulus (Linnaeus, 1758)",Bombycillidae,Bombycilla,garrulus,Species,M,Whole year,15
166,Ningxia University,"Anthus richerdi (Vieillot, 1818)",Motacillidae,Anthus,richerdi,Species,R,Whole year,15
166,Ningxia University,"Emberiza rustica (Pallas, 1776)",Emberizidae,Emberiza,rustica,Species,M,Whole year,15
166,Ningxia University,"Emberiza pallasi (Cabanis, 1851)",Emberizidae,Emberiza,pallasi,Species,M,Whole year,15
166,Ningxia University,"Phylloscopus magnirostris (Blyth, 1843)",Phylloscopidae,Phylloscopus,magnirostris,Species,M,Whole year,15
166,Ningxia University,"Coccothraustes coccothraustes (Linnaeus, 1758)",Fringillidae,Coccothraustes,coccothraustes,Species,M,Whole year,15
166,Ningxia University,"Pica pica (Linnaeus, 1758)",Corvidae,Pica,pica,Species,R,Whole year,15
166,Ningxia University,"Locustella certhiola (Pallas, 1811)",Locustellidae,Locustella,certhiola,Species,R,Whole year,15
166,Ningxia University,"Tachybaptus ruficollis (Pallas, 1764)",Podicipedidae,Tachybaptus,ruficollis,Species,R,Whole year,15
166,Ningxia University,"Emberiza pusilla (Pallas, 1776)",Emberizidae,Emberiza,pusilla,Species,M,Whole year,15
166,Ningxia University,"Alauda gulgula (Franklin, 1831)",Alaudidae,Alauda,gulgula,Species,M,Whole year,15
166,Ningxia University,"Columba rupestris (Pallas, 1811)",Columbidae,Columba,rupestris,Species,R,Whole year,15
166,Ningxia University,"Falco subbuteo (Linnaeus, 1758)",Falconidae,Falco,subbuteo,Species,M,Whole year,15
166,Ningxia University,"Aegithalos caudatus (Linnaeus, 1758)",Aegithalidae,Aegithalos,caudatus,Species,M,Whole year,15
166,Ningxia University,"Lanius sphenocercus (Cabanis, 1873)",Laniidae,Lanius,sphenocercus,Species,R,Whole year,15
166,Ningxia University,"Phoenicurus ochruros (S.G.Gmelin, 1774)",Muscicapidae,Phoenicurus,ochruros,Species,M,Whole year,15
166,Ningxia University,"Cuculus saturatus (Blyth, 1843)",scolopacea,Cuculus,saturatus,Species,M,Whole year,15
166,Ningxia University,"Streptopelia capicola (Sundevall, 1857)",Columbidae,Streptopelia,capicola,Species,R,Whole year,15
166,Ningxia University,"Athene noctua (Scopoli, 1769)",Strigidae,Athene,noctua,Species,R,Whole year,15
174,Northwest A&F University,"Motacilla alba (Linnaeus, 1758)",Motacillidae,Motacilla,alba,Species,R,Whole year,108
174,Northwest A&F University,"Pycnonotus sinensis (Gmelin, 1789)",Pycnonotidae,Pycnonotus,sinensis,Species,R,Whole year,108
174,Northwest A&F University,"Phoenicurus auroreus (Pallas, 1776)",Muscicapidae,Phoenicurus,auroreus,Species,R,Whole year,108
174,Northwest A&F University,"Dendrocopos major (Linnaeus, 1758)",Picidae,Dendrocopos,major,Species,R,Whole year,108
174,Northwest A&F University,"Cuculus canorus (Linnaeus, 1758)",scolopacea,Cuculus,canorus,Species,M,Whole year,108
174,Northwest A&F University,"Parus major (Linnaeus, 1758)",Paridae,Parus,major,Species,R,Whole year,108
174,Northwest A&F University,"Upupa epops (Linnaeus, 1758)",Upupidae,Upupa,epops,Species,M,Whole year,108
174,Northwest A&F University,"Galerida cristata (Linnaeus, 1758)",Alaudidae,Galerida,cristata,Species,R,Whole year,108
174,Northwest A&F University,"Centropus sinensis (Stephens, 1815)",Cuculidae,Centropus,sinensis,Species,R,Whole year,108
174,Northwest A&F University,"Turdus feae (Salvadori, 1887)",Turdidae,Turdus,feae,Species,M,Whole year,108
174,Northwest A&F University,"Dicrurus macrocercus (Vieillot, 1817)",Dicruridae,Dicrurus,macrocercus,Species,M,Whole year,108
174,Northwest A&F University,"Sitta villosa (J.Verreaux, 1865)",Sittidae,Sitta,villosa,Species,R,Whole year,108
174,Northwest A&F University,"Eophona personata (Temminck & Schlegel, 1848)",Fringillidae,Eophona,personata,Species,M,Whole year,108
174,Northwest A&F University,"Oriolus chinensis (Linnaeus, 1766)",Oriolidae,Oriolus,chinensis,Species,M,Whole year,108
174,Northwest A&F University,"Picus canus (Gmelin, 1788)",Picidae,Picus,canus,Species,R,Whole year,108
174,Northwest A&F University,"Lanius cristatus (Linnaeus, 1758)",Laniidae,Lanius,cristatus,Species,M,Whole year,108
174,Northwest A&F University,"Turdus naumanni (Temminck, 1820)",Turdidae,Turdus,naumanni,Species,M,Whole year,108
174,Northwest A&F University,"Cissa erythrorhyncha (Boddaert, 1783)",Corvidae,Cissa,erythrorhyncha,Species,R,Whole year,108
174,Northwest A&F University,"Lanius tigrinus (Drapiez, 1828)",Laniidae,Lanius,tigrinus,Species,M,Whole year,108
174,Northwest A&F University,"Garrulax canorus (Linnaeus, 1758)",Leiothrichidae,Garrulax,canorus,Species,R,Whole year,108
174,Northwest A&F University,"Phasianus colchicus (Linnaeus, 1758)",Jacanidae,Phasianus,colchicus,Species,R,Whole year,108
174,Northwest A&F University,"Cettia acanthizoides (J.Verreaux, 1870)",Cettiidae,Cettia,acanthizoides,Species,R,Whole year,108
174,Northwest A&F University,"Emberiza elegans (Temminck, 1836)",Emberizidae,Emberiza,elegans,Species,R,Whole year,108
174,Northwest A&F University,"Pycnonotus xanthorrhous (Anderson, 1869)",Pycnonotidae,Pycnonotus,xanthorrhous,Species,R,Whole year,108
174,Northwest A&F University,"Phylloscopus proregulus (Pallas, 1811)",Phylloscopidae,Phylloscopus,proregulus,Species,R,Whole year,108
174,Northwest A&F University,"Streptopelia decaocto (Frivaldszky, 1838)",Columbidae,Streptopelia,decaocto,Species,R,Whole year,108
174,Northwest A&F University,"Lanius tephronotus (Vigors, 1831)",Laniidae,Lanius,tephronotus,Species,M,Whole year,108
174,Northwest A&F University,"Motacilla cinerea (Tunstall, 1771)",Motacillidae,Motacilla,cinerea,Species,R,Whole year,108
174,Northwest A&F University,"Sturnus cineraceus (Temminck, 1835)",Sturnidae,Sturnus,cineraceus,Species,R,Whole year,108
174,Northwest A&F University,"Cyanopica cyanus (Pallas, 1776)",Corvidae,Cyanopica,cyanus,Species,R,Whole year,108
174,Northwest A&F University,"Hirundo rustica (Linnaeus, 1758)",Laridae,Hirundo,rustica,Species,M,Whole year,108
174,Northwest A&F University,"Carduelis sinica (Linnaeus, 1766)",Fringillidae,Carduelis,sinica,Species,R,Whole year,108
174,Northwest A&F University,"Hirundo daurica (Laxmann, 1769)",Laridae,Hirundo,daurica,Species,M,Whole year,108
174,Northwest A&F University,"Spizixos semitorques (Swinhoe, 1861)",Pycnonotidae,Spizixos,semitorques,Species,R,Whole year,108
174,Northwest A&F University,"Apus apus (Linnaeus, 1758)",Apodidae,Apus,apus,Species,M,Whole year,108
174,Northwest A&F University,"Passer montanus (Linnaeus, 1758)",Passeridae,Passer,montanus,Species,R,Whole year,108
174,Northwest A&F University,"Parus ater (Linnaeus, 1758)",Paridae,Parus,ater,Species,R,Whole year,108
174,Northwest A&F University,"Sitta europaea (Linnaeus, 1758)",Sittidae,Sitta,europaea,Species,R,Whole year,108
174,Northwest A&F University,"Cettia fortipes (Hodgson, 1845)",Cettiidae,Cettia,fortipes,Species,R,Whole year,108
174,Northwest A&F University,"Emberiza cioides (von J.F.Brandt, 1843)",Emberizidae,Emberiza,cioides,Species,R,Whole year,108
174,Northwest A&F University,"Streptopelia orientalis (Latham, 1790)",Columbidae,Streptopelia,orientalis,Species,R,Whole year,108
174,Northwest A&F University,"Cuculus micropterus (Gould, 1838)",scolopacea,Cuculus,micropterus,Species,M,Whole year,108
174,Northwest A&F University,"Turdus merula (Linnaeus, 1758)",Turdidae,Turdus,merula,Species,R,Whole year,108
174,Northwest A&F University,"Pica pica (Linnaeus, 1758)",Corvidae,Pica,pica,Species,R,Whole year,108
174,Northwest A&F University,"Nucifraga caryocatactes (Linnaeus, 1758)",Corvidae,Nucifraga,caryocatactes,Species,R,Whole year,108
174,Northwest A&F University,"Aegithalos caudatus (Linnaeus, 1758)",Aegithalidae,Aegithalos,caudatus,Species,R,Whole year,108
174,Northwest A&F University,"Milvus korschun (Boddaert, 1783)",Accipitridae,Milvus,korschun,Species,R,Whole year,108
174,Northwest A&F University,"Parus palustris (Linnaeus, 1758)",Paridae,Parus,palustris,Species,R,Whole year,108
174,Northwest A&F University,"Streptopelia capicola (Sundevall, 1857)",Columbidae,Streptopelia,capicola,Species,R,Whole year,108
174,Northwest A&F University,"Lanius schach (Linnaeus, 1758)",Laniidae,Lanius,schach,Species,M,Whole year,108
174,Northwest A&F University,"Athene noctua (Scopoli, 1769)",Strigidae,Athene,noctua,Species,R,Whole year,108
178,ORDOS INSTITUDE OF TECHNOLOGY,"Passer montanus (Linnaeus, 1758)",Passeridae,Passer,montanus,Species,R,Whole year,133
178,ORDOS INSTITUDE OF TECHNOLOGY,"Bombycilla garrulus (Linnaeus, 1758)",Bombycillidae,Bombycilla,garrulus,Species,M,Whole year,133
178,ORDOS INSTITUDE OF TECHNOLOGY,"Carduelis sinica (Linnaeus, 1766)",Fringillidae,Carduelis,sinica,Species,R,Whole year,133
178,ORDOS INSTITUDE OF TECHNOLOGY,"Aegithalos caudatus (Linnaeus, 1758)",Aegithalidae,Aegithalos,caudatus,Species,R,Whole year,133
178,ORDOS INSTITUDE OF TECHNOLOGY,"Ficedula albicilla (Pallas, 1811)",Muscicapidae,Ficedula,albicilla,Species,M,Whole year,133
178,ORDOS INSTITUDE OF TECHNOLOGY,"Parus major (Linnaeus, 1758)",Paridae,Parus,major,Species,R,Whole year,133
178,ORDOS INSTITUDE OF TECHNOLOGY,"Pica pica (Linnaeus, 1758)",Corvidae,Pica,pica,Species,R,Whole year,133
178,ORDOS INSTITUDE OF TECHNOLOGY,"Phoenicurus auroreus (Pallas, 1776)",Muscicapidae,Phoenicurus,auroreus,Species,M,Whole year,133
178,ORDOS INSTITUDE OF TECHNOLOGY,"Phylloscopus proregulus (Pallas, 1811)",Phylloscopidae,Phylloscopus,proregulus,Species,M,Whole year,133
178,ORDOS INSTITUDE OF TECHNOLOGY,"Streptopelia decaocto (Frivaldszky, 1838)",Columbidae,Streptopelia,decaocto,Species,R,Whole year,133
178,ORDOS INSTITUDE OF TECHNOLOGY,"Emberiza pusilla (Pallas, 1776)",Emberizidae,Emberiza,pusilla,Species,M,Whole year,133
178,ORDOS INSTITUDE OF TECHNOLOGY,"Dendrocopos major (Linnaeus, 1758)",Picidae,Dendrocopos,major,Species,R,Whole year,133
178,ORDOS INSTITUDE OF TECHNOLOGY,"Motacilla alba (Linnaeus, 1758)",Motacillidae,Motacilla,alba,Species,M,Whole year,133
178,ORDOS INSTITUDE OF TECHNOLOGY,"Rhopophilus pekinensis (Swinhoe, 1868)",Muscicapidae,Rhopophilus,pekinensis,Species,R,Whole year,133
178,ORDOS INSTITUDE OF TECHNOLOGY,"Sturnus cineraceus (Temminck, 1835)",Sturnidae,Sturnus,cineraceus,Species,M,Whole year,133
178,ORDOS INSTITUDE OF TECHNOLOGY,"Sylvia curruca (Linnaeus, 1758)",Muscicapidae,Sylvia,curruca,Species,M,Whole year,133
178,ORDOS INSTITUDE OF TECHNOLOGY,"Stigmatopelia chinensis (Scopoli, 1768)",Columbidae,Stigmatopelia,chinensis,Species,R,Whole year,133
178,ORDOS INSTITUDE OF TECHNOLOGY,"Upupa epops (Linnaeus, 1758)",Upupidae,Upupa,epops,Species,M,Whole year,133
178,ORDOS INSTITUDE OF TECHNOLOGY,"Falco amurensis (Radde, 1863)",Falconidae,Falco,amurensis,Species,M,Whole year,133
178,ORDOS INSTITUDE OF TECHNOLOGY,"Eophona migratoria (Hartert, 1903)",Fringillidae,Eophona,migratoria,Species,M,Whole year,133
178,ORDOS INSTITUDE OF TECHNOLOGY,"Phasianus colchicus (Linnaeus, 1758)",Jacanidae,Phasianus,colchicus,Species,R,Whole year,133
179,Ordos Vocational College,"Passer montanus (Linnaeus, 1758)",Passeridae,Passer,montanus,Species,R,Whole year,133
179,Ordos Vocational College,"Pica pica (Linnaeus, 1758)",Corvidae,Pica,pica,Species,R,Whole year,133
179,Ordos Vocational College,"Carduelis sinica (Linnaeus, 1766)",Fringillidae,Carduelis,sinica,Species,R,Whole year,133
179,Ordos Vocational College,"Hirundo rustica (Linnaeus, 1758)",Laridae,Hirundo,rustica,Species,M,Whole year,133
179,Ordos Vocational College,"Phylloscopus proregulus (Pallas, 1811)",Phylloscopidae,Phylloscopus,proregulus,Species,M,Whole year,133
179,Ordos Vocational College,"Dendrocopos major (Linnaeus, 1758)",Picidae,Dendrocopos,major,Species,R,Whole year,133
179,Ordos Vocational College,"Parus major (Linnaeus, 1758)",Paridae,Parus,major,Species,R,Whole year,133
179,Ordos Vocational College,"Upupa epops (Linnaeus, 1758)",Upupidae,Upupa,epops,Species,M,Whole year,133
179,Ordos Vocational College,"Turdus ruficollis (Pallas, 1776)",Turdidae,Turdus,ruficollis,Species,M,Whole year,133
179,Ordos Vocational College,"Phoenicurus auroreus (Pallas, 1776)",Muscicapidae,Phoenicurus,auroreus,Species,M,Whole year,133
179,Ordos Vocational College,"Phasianus colchicus (Linnaeus, 1758)",Jacanidae,Phasianus,colchicus,Species,R,Whole year,133
179,Ordos Vocational College,"Tarsiger cyanurus (Pallas, 1773)",Muscicapidae,Tarsiger,cyanurus,Species,M,Whole year,133
179,Ordos Vocational College,"Lanius cristatus (Linnaeus, 1758)",Laniidae,Lanius,cristatus,Species,M,Whole year,133
179,Ordos Vocational College,"Muscicapa dauurica (Pallas, 1811)",Muscicapidae,Muscicapa,dauurica,Species,M,Whole year,133
179,Ordos Vocational College,"Picus canus (Gmelin, 1788)",Picidae,Picus,canus,Species,R,Whole year,133
179,Ordos Vocational College,"Falco tinnunculus (Linnaeus, 1758)",Falconidae,Falco,tinnunculus,Species,R,Whole year,133
179,Ordos Vocational College,"Prunella atrogularis (Brandt, 1843)",Prunellidae,Prunella,atrogularis,Species,M,Whole year,133
181,"Peking University, Yanyuan Campus","Coturnix japonica (Temminck & Schlegel, 1849)",Phasianidae,Coturnix,japonica,Species,M,Whole year,209
181,"Peking University, Yanyuan Campus","Zosterops japonicus (Temminck & Schlegel, 1845)",Zosteropidae,Zosterops,japonicus,Species,M,Whole year,209
181,"Peking University, Yanyuan Campus","Acridotheres cristatellus (Linnaeus, 1758)",Sturnidae,Acridotheres,cristatellus,Species,M,Whole year,209
181,"Peking University, Yanyuan Campus","Delichon urbicum (Linnaeus, 1758)",Hirundinidae,Delichon,urbicum,Species,M,Whole year,209
181,"Peking University, Yanyuan Campus","Egretta garzetta (Linnaeus, 1766)",Ardeidae,Egretta,garzetta,Species,R,Whole year,209
181,"Peking University, Yanyuan Campus","Zoothera sibirica (Pallas, 1776)",Turdidae,Zoothera,sibirica,Species,M,Whole year,209
181,"Peking University, Yanyuan Campus","Turdus obscurus (Gmelin, 1789)",Turdidae,Turdus,obscurus,Species,M,Whole year,209
181,"Peking University, Yanyuan Campus","Pycnonotus sinensis (Gmelin, 1789)",Pycnonotidae,Pycnonotus,sinensis,Species,M,Whole year,209
181,"Peking University, Yanyuan Campus","Circus cyaneus (Linnaeus, 1766)",Charadriidae,Circus,cyaneus,Species,M,Whole year,209
181,"Peking University, Yanyuan Campus","Amaurornis phoenicurus (Pennant, 1769)",Rallidae,Amaurornis,phoenicurus,Species,M,Whole year,209
181,"Peking University, Yanyuan Campus","Turdus naumanni (Temminck, 1820)",Turdidae,Turdus,naumanni,Species,M,Whole year,209
181,"Peking University, Yanyuan Campus","Turdus mupinensis (Laubmann, 1920)",Turdidae,Turdus,mupinensis,Species,M,Whole year,209
181,"Peking University, Yanyuan Campus","Bradypterus davidi (La Touche, 1923)",Muscicapidae,Bradypterus,davidi,Species,M,Whole year,209
181,"Peking University, Yanyuan Campus","Phoenicurus auroreus (Pallas, 1776)",Muscicapidae,Phoenicurus,auroreus,Species,M,Whole year,209
181,"Peking University, Yanyuan Campus","Sturnus sturninus (Pallas, 1776)",Sturnidae,Sturnus,sturninus,Species,M,Whole year,209
181,"Peking University, Yanyuan Campus","Ardea cinerea (Linnaeus, 1758)",Ardeidae,Ardea,cinerea,Species,M,Whole year,209
181,"Peking University, Yanyuan Campus","Accipiter gentilis (Linnaeus, 1758)",Accipitridae,Accipiter,gentilis,Species,M,Whole year,209
181,"Peking University, Yanyuan Campus","Ardeola bacchus (Bonaparte, 1855)",Ardeidae,Ardeola,bacchus,Species,M,Whole year,209
181,"Peking University, Yanyuan Campus","Turdus ruficollis (Pallas, 1776)",Turdidae,Turdus,ruficollis,Species,M,Whole year,209
181,"Peking University, Yanyuan Campus","Tadorna ferruginea (Pallas, 1764)",Laridae,Tadorna,ferruginea,Species,M,Whole year,209
181,"Peking University, Yanyuan Campus","Corvus dauuricus (Pallas, 1776)",Corvidae,Corvus,dauuricus,Species,M,Whole year,209
181,"Peking University, Yanyuan Campus","Dendrocopos major (Linnaeus, 1758)",Picidae,Dendrocopos,major,Species,M,Whole year,209
181,"Peking University, Yanyuan Campus","Cuculus canorus (Linnaeus, 1758)",scolopacea,Cuculus,canorus,Species,M,Whole year,209
181,"Peking University, Yanyuan Campus","Parus major (Linnaeus, 1758)",Paridae,Parus,major,Species,M,Whole year,209
181,"Peking University, Yanyuan Campus","Corvus macrorhynchos (Wagler, 1827)",Corvidae,Corvus,macrorhynchos,Species,M,Whole year,209
181,"Peking University, Yanyuan Campus","Regulus regulus (Linnaeus, 1758)",Regulidae,Regulus,regulus,Species,M,Whole year,209
181,"Peking University, Yanyuan Campus","Upupa epops (Linnaeus, 1758)",Upupidae,Upupa,epops,Species,M,Whole year,209
181,"Peking University, Yanyuan Campus","Phylloscopus tenellipes (Swinhoe, 1860)",Phylloscopidae,Phylloscopus,tenellipes,Species,R,Whole year,209
181,"Peking University, Yanyuan Campus","Phylloscopus humei (W.E.Brooks, 1878)",Phylloscopidae,Phylloscopus,humei,Species,M,Whole year,209
181,"Peking University, Yanyuan Campus","Acrocephalus orientalis (Temminck & Schlegel, 1847)",Acrocephalidae,Acrocephalus,orientalis,Species,M,Whole year,209
181,"Peking University, Yanyuan Campus","Pandion haliaetus (Linnaeus, 1758)",Pandionidae,Pandion,haliaetus,Species,M,Whole year,209
181,"Peking University, Yanyuan Campus","Dicrurus hottentottus (Linnaeus, 1766)",Dicruridae,Dicrurus,hottentottus,Species,M,Whole year,209
181,"Peking University, Yanyuan Campus","Pernis ptilorhynchus (Temminck, 1821)",Accipitridae,Pernis,ptilorhynchus,Species,M,Whole year,209
181,"Peking University, Yanyuan Campus","Phylloscopus reguloides (Blyth, 1842)",Phylloscopidae,Phylloscopus,reguloides,Species,M,Whole year,209
181,"Peking University, Yanyuan Campus","Megaceryle lugubris (Temminck, 1834)",Alcedinidae,Megaceryle,lugubris,Species,M,Whole year,209
181,"Peking University, Yanyuan Campus","Phylloscopus fuscatus (Blyth, 1842)",Phylloscopidae,Phylloscopus,fuscatus,Species,M,Whole year,209
181,"Peking University, Yanyuan Campus","Turdus feae (Salvadori, 1887)",Turdidae,Turdus,feae,Species,M,Whole year,209
181,"Peking University, Yanyuan Campus","Saxicola torquatus (Linnaeus, 1766)",Muscicapidae,Saxicola,torquatus,Species,M,Whole year,209
181,"Peking University, Yanyuan Campus","Turdus atrogularis (Jarocki, 1819)",Turdidae,Turdus,atrogularis,Species,M,Whole year,209
181,"Peking University, Yanyuan Campus","Dicrurus macrocercus (Vieillot, 1817)",Dicruridae,Dicrurus,macrocercus,Species,M,Whole year,209
181,"Peking University, Yanyuan Campus","Acrocephalus bistrigiceps (Swinhoe, 1860)",Acrocephalidae,Acrocephalus,bistrigiceps,Species,M,Whole year,209
181,"Peking University, Yanyuan Campus","Gallinula chloropus (Linnaeus, 1758)",Rallidae,Gallinula,chloropus,Species,M,Whole year,209
181,"Peking University, Yanyuan Campus","Milvus migrans (Boddaert, 1783)",Accipitridae,Milvus,migrans,Species,R,Whole year,209
181,"Peking University, Yanyuan Campus","Oriolus chinensis (Linnaeus, 1766)",Oriolidae,Oriolus,chinensis,Species,M,Whole year,209
181,"Peking University, Yanyuan Campus","Luscinia calliope (Pallas, 1776)",Muscicapidae,Luscinia,calliope,Species,R,Whole year,209
181,"Peking University, Yanyuan Campus","Otus scops (Linnaeus, 1758)",Campephagidae,Otus,scops,Species,M,Whole year,209
181,"Peking University, Yanyuan Campus","Falco amurensis (Radde, 1863)",Falconidae,Falco,amurensis,Species,M,Whole year,209
181,"Peking University, Yanyuan Campus","Falco tinnunculus (Linnaeus, 1758)",Falconidae,Falco,tinnunculus,Species,M,Whole year,209
181,"Peking University, Yanyuan Campus","Lanius cristatus (Linnaeus, 1758)",Laniidae,Lanius,cristatus,Species,M,Whole year,209
181,"Peking University, Yanyuan Campus","Luscinia sibilans (Swinhoe, 1863)",Muscicapidae,Luscinia,sibilans,Species,M,Whole year,209
181,"Peking University, Yanyuan Campus","Tarsiger cyanurus (Pallas, 1773)",Muscicapidae,Tarsiger,cyanurus,Species,R,Whole year,209
181,"Peking University, Yanyuan Campus","Zosterops erythropleurus (Swinhoe, 1863)",Zosteropidae,Zosterops,erythropleurus,Species,M,Whole year,209
181,"Peking University, Yanyuan Campus","Porzana fusca (Linnaeus, 1766)",Rallidae,Porzana,fusca,Species,M,Whole year,209
181,"Peking University, Yanyuan Campus","Urocissa erythrorhyncha (Boddaert, 1783)",Corvidae,Urocissa,erythrorhyncha,Species,M,Whole year,209
181,"Peking University, Yanyuan Campus","Acrocephalus aedon (Pallas, 1776)",Acrocephalidae,Acrocephalus,aedon,Species,M,Whole year,209
181,"Peking University, Yanyuan Campus","Zoothera dauma (Latham, 1790)",Turdidae,Zoothera,dauma,Species,M,Whole year,209
181,"Peking University, Yanyuan Campus","Parus venustulus (R. Swinhoe, 1870)",Paridae,Parus,venustulus,Species,M,Whole year,209
181,"Peking University, Yanyuan Campus","Turnix tanki (Blyth, 1843)",Phasianidae,Turnix,tanki,Species,R,Whole year,209
181,"Peking University, Yanyuan Campus","Phylloscopus inornatus (Blyth, 1842)",Phylloscopidae,Phylloscopus,inornatus,Species,M,Whole year,209
181,"Peking University, Yanyuan Campus","Ixobrychus sinensis (Gmelin, 1789)",Ardeidae,Ixobrychus,sinensis,Species,R,Whole year,209
181,"Peking University, Yanyuan Campus","Phylloscopus proregulus (Pallas, 1811)",Phylloscopidae,Phylloscopus,proregulus,Species,R,Whole year,209
181,"Peking University, Yanyuan Campus","Streptopelia decaocto (Frivaldszky, 1838)",Columbidae,Streptopelia,decaocto,Species,R,Whole year,209
181,"Peking University, Yanyuan Campus","Turdus hortulorum (P.L.Sclater, 1863)",Turdidae,Turdus,hortulorum,Species,M,Whole year,209
181,"Peking University, Yanyuan Campus","Butastur indicus (Gmelin, 1788)",Accipitridae,Butastur,indicus,Species,R,Whole year,209
181,"Peking University, Yanyuan Campus","Sturnus cineraceus (Temminck, 1835)",Sturnidae,Sturnus,cineraceus,Species,M,Whole year,209
181,"Peking University, Yanyuan Campus","Pericrocotus cantonensis (Swinhoe & P.L.Sclater, 1861)",Campephagidae,Pericrocotus,cantonensis,Species,M,Whole year,209
181,"Peking University, Yanyuan Campus","Picus canus (Gmelin, 1788)",Picidae,Picus,canus,Species,M,Whole year,209
181,"Peking University, Yanyuan Campus","Cyanopica cyanus (Pallas, 1776)",Corvidae,Cyanopica,cyanus,Species,M,Whole year,209
181,"Peking University, Yanyuan Campus","Streptopelia tranquebarica (Hermann, 1804)",Columbidae,Streptopelia,tranquebarica,Species,M,Whole year,209
181,"Peking University, Yanyuan Campus","Actitis hypoleucos (Linnaeus, 1758)",Scolopacidae,Actitis,hypoleucos,Species,M,Whole year,209
181,"Peking University, Yanyuan Campus","Phylloscopus borealis (J.H.Blasius, 1858)",Phylloscopidae,Phylloscopus,borealis,Species,M,Whole year,209
181,"Peking University, Yanyuan Campus","Hirundo rustica (Linnaeus, 1758)",Laridae,Hirundo,rustica,Species,R,Whole year,209
181,"Peking University, Yanyuan Campus","Troglodytes troglodytes (Linnaeus, 1758)",Troglodytidae,Troglodytes,troglodytes,Species,R,Whole year,209
181,"Peking University, Yanyuan Campus","Aquila chrysaetos (Linnaeus, 1758)",Accipitridae,Aquila,chrysaetos,Species,R,Whole year,209
181,"Peking University, Yanyuan Campus","Charadrius dubius (Scopoli, 1786)",Charadriidae,Charadrius,dubius,Species,R,Whole year,209
181,"Peking University, Yanyuan Campus","Hirundo daurica (Laxmann, 1769)",Laridae,Hirundo,daurica,Species,M,Whole year,209
181,"Peking University, Yanyuan Campus","Phylloscopus schwarzi (Radde, 1863)",Phylloscopidae,Phylloscopus,schwarzi,Species,M,Whole year,209
181,"Peking University, Yanyuan Campus","Halcyon pileata (Boddaert, 1783)",Alcedinidae,Halcyon,pileata,Species,R,Whole year,209
181,"Peking University, Yanyuan Campus","Luscinia svecica (Linnaeus, 1758)",Muscicapidae,Luscinia,svecica,Species,M,Whole year,209
181,"Peking University, Yanyuan Campus","Ixobrychus cinnamomeus (Gmelin, 1789)",Ardeidae,Ixobrychus,cinnamomeus,Species,M,Whole year,209
181,"Peking University, Yanyuan Campus","Urosphena squameiceps (Swinhoe, 1863)",Cettiidae,Urosphena,squameiceps,Species,R,Whole year,209
181,"Peking University, Yanyuan Campus","Otus bakkamoena (Pennant, 1769)",Campephagidae,Otus,bakkamoena,Species,M,Whole year,209
181,"Peking University, Yanyuan Campus","Anas crecca (Linnaeus, 1758)",Anatidae,Anas,crecca,Species,M,Whole year,209
181,"Peking University, Yanyuan Campus","Butorides striata (Linnaeus, 1758)",Ardeidae,Butorides,striata,Species,R,Whole year,209
181,"Peking University, Yanyuan Campus","Anas platyrhynchos (Linnaeus, 1758)",Anatidae,Anas,platyrhynchos,Species,M,Whole year,209
181,"Peking University, Yanyuan Campus","Locustella lanceolata (Temminck, 1840)",Locustellidae,Locustella,lanceolata,Species,R,Whole year,209
181,"Peking University, Yanyuan Campus","Parus ater (Linnaeus, 1758)",Paridae,Parus,ater,Species,M,Whole year,209
181,"Peking University, Yanyuan Campus","Phylloscopus coronatus (Temminck & Schlegel, 1847)",Phylloscopidae,Phylloscopus,coronatus,Species,M,Whole year,209
181,"Peking University, Yanyuan Campus","Bubulcus ibis (Linnaeus, 1758)",Ardeidae,Bubulcus,ibis,Species,M,Whole year,209
181,"Peking University, Yanyuan Campus","Erithacus rubecula (Linnaeus, 1758)",Muscicapidae,Erithacus,rubecula,Species,M,Whole year,209
181,"Peking University, Yanyuan Campus","Alcedo atthis (Linnaeus, 1758)",Alcedinidae,Alcedo,atthis,Species,M,Whole year,209
181,"Peking University, Yanyuan Campus","Buteo buteo (Linnaeus, 1758)",Accipitridae,Buteo,buteo,Species,M,Whole year,209
181,"Peking University, Yanyuan Campus","Apus apus (Linnaeus, 1758)",Apodidae,Apus,apus,Species,M,Whole year,209
181,"Peking University, Yanyuan Campus","Rallus aquaticus (Linnaeus, 1758)",Rallidae,Rallus,aquaticus,Species,M,Whole year,209
181,"Peking University, Yanyuan Campus","Caprimulgus indicus (Latham, 1790)",Caprimulgidae,Caprimulgus,indicus,Species,M,Whole year,209
181,"Peking University, Yanyuan Campus","Scolopax rusticola (Linnaeus, 1758)",Scolopacidae,Scolopax,rusticola,Species,M,Whole year,209
181,"Peking University, Yanyuan Campus","Accipiter nisus (Linnaeus, 1758)",Accipitridae,Accipiter,nisus,Species,M,Whole year,209
181,"Peking University, Yanyuan Campus","Copsychus saularis (Linnaeus, 1758)",Muscicapidae,Copsychus,saularis,Species,M,Whole year,209
181,"Peking University, Yanyuan Campus","Cettia diphone (Kittlitz, 1830)",Cettiidae,Cettia,diphone,Species,M,Whole year,209
181,"Peking University, Yanyuan Campus","Accipiter gularis (Temminck & Schlegel, 1844)",Accipitridae,Accipiter,gularis,Species,M,Whole year,209
181,"Peking University, Yanyuan Campus","Eurystomus orientalis (Linnaeus, 1766)",Coraciidae,Eurystomus,orientalis,Species,M,Whole year,209
181,"Peking University, Yanyuan Campus","Streptopelia orientalis (Latham, 1790)",Columbidae,Streptopelia,orientalis,Species,M,Whole year,209
181,"Peking University, Yanyuan Campus","Rhopophilus pekinensis (Swinhoe, 1868)",Muscicapidae,Rhopophilus,pekinensis,Species,M,Whole year,209
181,"Peking University, Yanyuan Campus","Gallinago gallinago (Linnaeus, 1758)",Scolopacidae,Gallinago,gallinago,Species,M,Whole year,209
181,"Peking University, Yanyuan Campus","Terpsiphone paradisi (Linnaeus, 1758)",Monarchidae,Terpsiphone,paradisi,Species,M,Whole year,209
181,"Peking University, Yanyuan Campus","Phylloscopus plumbeitarsus (Swinhoe, 1861)",Phylloscopidae,Phylloscopus,plumbeitarsus,Species,M,Whole year,209
181,"Peking University, Yanyuan Campus","Sturnus sericeus (Gmelin, 1789)",Sturnidae,Sturnus,sericeus,Species,M,Whole year,209
181,"Peking University, Yanyuan Campus","Cuculus micropterus (Gould, 1838)",scolopacea,Cuculus,micropterus,Species,M,Whole year,209
181,"Peking University, Yanyuan Campus","Garrulus glandarius (Linnaeus, 1758)",Corvidae,Garrulus,glandarius,Species,M,Whole year,209
181,"Peking University, Yanyuan Campus","Bombycilla garrulus (Linnaeus, 1758)",Bombycillidae,Bombycilla,garrulus,Species,M,Whole year,209
181,"Peking University, Yanyuan Campus","Turdus merula (Linnaeus, 1758)",Turdidae,Turdus,merula,Species,M,Whole year,209
181,"Peking University, Yanyuan Campus","Phylloscopus magnirostris (Blyth, 1843)",Phylloscopidae,Phylloscopus,magnirostris,Species,M,Whole year,209
181,"Peking University, Yanyuan Campus","Pica pica (Linnaeus, 1758)",Corvidae,Pica,pica,Species,M,Whole year,209
181,"Peking University, Yanyuan Campus","Acrocephalus sorghophilus (Swinhoe, 1863)",Acrocephalidae,Acrocephalus,sorghophilus,Species,M,Whole year,209
181,"Peking University, Yanyuan Campus","Cuculus poliocephalus (Latham, 1790)",scolopacea,Cuculus,poliocephalus,Species,M,Whole year,209
181,"Peking University, Yanyuan Campus","Locustella certhiola (Pallas, 1811)",Locustellidae,Locustella,certhiola,Species,R,Whole year,209
181,"Peking University, Yanyuan Campus","Tachybaptus ruficollis (Pallas, 1764)",Podicipedidae,Tachybaptus,ruficollis,Species,M,Whole year,209
181,"Peking University, Yanyuan Campus","Bombycilla japonica (Siebold, 1824)",Bombycillidae,Bombycilla,japonica,Species,M,Whole year,209
181,"Peking University, Yanyuan Campus","Cygnus columbianus (Ord, 1815)",Anatidae,Cygnus,columbianus,Species,M,Whole year,209
181,"Peking University, Yanyuan Campus","Corvus corone (Linnaeus, 1758)",Corvidae,Corvus,corone,Species,M,Whole year,209
181,"Peking University, Yanyuan Campus","Dendrocopos canicapillus (Blyth, 1845)",Picidae,Dendrocopos,canicapillus,Species,M,Whole year,209
181,"Peking University, Yanyuan Campus","Certhia familiaris (Linnaeus, 1758)",Certhiidae,Certhia,familiaris,Species,R,Whole year,209
181,"Peking University, Yanyuan Campus","Riparia riparia (Linnaeus, 1758)",Hirundinidae,Riparia,riparia,Species,R,Whole year,209
181,"Peking University, Yanyuan Campus","Falco subbuteo (Linnaeus, 1758)",Falconidae,Falco,subbuteo,Species,R,Whole year,209
181,"Peking University, Yanyuan Campus","Nycticorax nycticorax (Linnaeus, 1758)",Ardeidae,Nycticorax,nycticorax,Species,M,Whole year,209
181,"Peking University, Yanyuan Campus","Aegithalos caudatus (Linnaeus, 1758)",Aegithalidae,Aegithalos,caudatus,Species,M,Whole year,209
181,"Peking University, Yanyuan Campus","Cuculus sparverioides (Vigors, 1832)",scolopacea,Cuculus,sparverioides,Species,M,Whole year,209
181,"Peking University, Yanyuan Campus","Ninox scutulata (Raffles, 1822)",Strigidae,Ninox,scutulata,Species,M,Whole year,209
181,"Peking University, Yanyuan Campus","Falco peregrinus (Tunstall, 1771)",Falconidae,Falco,peregrinus,Species,R,Whole year,209
181,"Peking University, Yanyuan Campus","Aix galericulata (Linnaeus, 1758)",Anatidae,Aix,galericulata,Species,M,Whole year,209
181,"Peking University, Yanyuan Campus","Phylloscopus yunnanensis (La Touche, 1922)",Phylloscopidae,Phylloscopus,yunnanensis,Species,M,Whole year,209
181,"Peking University, Yanyuan Campus","Alauda arvensis (Linnaeus, 1758)",Alaudidae,Alauda,arvensis,Species,M,Whole year,209
181,"Peking University, Yanyuan Campus","Asio otus (Linnaeus, 1758)",Strigidae,Asio,otus,Species,M,Whole year,209
181,"Peking University, Yanyuan Campus","Pericrocotus ethologus (Bangs & J.C.Phillips, 1914)",Campephagidae,Pericrocotus,ethologus,Species,M,Whole year,209
181,"Peking University, Yanyuan Campus","Parus palustris (Linnaeus, 1758)",Paridae,Parus,palustris,Species,M,Whole year,209
181,"Peking University, Yanyuan Campus","Gallinago stenura (Bonaparte, 1831)",Scolopacidae,Gallinago,stenura,Species,M,Whole year,209
181,"Peking University, Yanyuan Campus","Streptopelia capicola (Sundevall, 1857)",Columbidae,Streptopelia,capicola,Species,M,Whole year,209
181,"Peking University, Yanyuan Campus","Ixobrychus eurhythmus (Swinhoe, 1873)",Ardeidae,Ixobrychus,eurhythmus,Species,M,Whole year,209
181,"Peking University, Yanyuan Campus","Dendrocopos hyperythrus (Vigors, 1831)",Picidae,Dendrocopos,hyperythrus,Species,M,Whole year,209
181,"Peking University, Yanyuan Campus","Phylloscopus armandii (Milne-Edwards, 1865)",Phylloscopidae,Phylloscopus,armandii,Species,M,Whole year,209
181,"Peking University, Yanyuan Campus","Cisticola juncidis (Rafinesque, 1810)",Cisticolidae,Cisticola,juncidis,Species,M,Whole year,209
181,"Peking University, Yanyuan Campus","Paradoxornis webbianus (Gould, 1852)",Paradoxornithidae,Paradoxornis,webbianus,Species,M,Whole year,209
181,"Peking University, Yanyuan Campus","Athene noctua (Scopoli, 1769)",Strigidae,Athene,noctua,Species,M,Whole year,209
181,"Peking University, Yanyuan Campus","Monticola gularis (Swinhoe, 1863)",Muscicapidae,Monticola,gularis,Species,M,Whole year,209
181,"Peking University, Yanyuan Campus","Muscicapa griseisticta (Swinhoe, 1861)",Muscicapidae,Muscicapa,griseisticta,Species,M,Whole year,209
181,"Peking University, Yanyuan Campus","Muscicapa sibirica (Gmelin, 1789)",Muscicapidae,Muscicapa,sibirica,Species,M,Whole year,209
181,"Peking University, Yanyuan Campus","Muscicapa dauurica (Pallas, 1811)",Muscicapidae,Muscicapa,dauurica,Species,M,Whole year,209
181,"Peking University, Yanyuan Campus","Ficedula zanthopygia (Hay, 1845)",Muscicapidae,Ficedula,zanthopygia,Species,M,Whole year,209
181,"Peking University, Yanyuan Campus","Ficedula elisae (Weigold, 1922)",Muscicapidae,Ficedula,elisae,Species,M,Whole year,209
181,"Peking University, Yanyuan Campus","Ficedula albicilla (Pallas, 1811)",Muscicapidae,Ficedula,albicilla,Species,M,Whole year,209
181,"Peking University, Yanyuan Campus","Passer montanus (Linnaeus, 1758)",Passeridae,Passer,montanus,Species,R,Whole year,209
181,"Peking University, Yanyuan Campus","Dendronanthus indicus (Gmelin, 1789)",Motacillidae,Dendronanthus,indicus,Species,M,Whole year,209
181,"Peking University, Yanyuan Campus","Motacilla flava (Linnaeus, 1758)",Motacillidae,Motacilla,flava,Species,M,Whole year,209
181,"Peking University, Yanyuan Campus","Motacilla citreola (Pallas, 1776)",Motacillidae,Motacilla,citreola,Species,M,Whole year,209
181,"Peking University, Yanyuan Campus","Motacilla cinerea (Tunstall, 1771)",Motacillidae,Motacilla,cinerea,Species,M,Whole year,209
181,"Peking University, Yanyuan Campus","Motacilla alba (Linnaeus, 1758)",Motacillidae,Motacilla,alba,Species,M,Whole year,209
181,"Peking University, Yanyuan Campus","Anthus richardi (Vieillot, 1818)",Motacillidae,Anthus,richardi,Species,M,Whole year,209
181,"Peking University, Yanyuan Campus","Anthus hodgsoni (Richmond, 1907)",Motacillidae,Anthus,hodgsoni,Species,M,Whole year,209
181,"Peking University, Yanyuan Campus","Anthus gustavi (Swinhoe, 1863)",Motacillidae,Anthus,gustavi,Species,M,Whole year,209
181,"Peking University, Yanyuan Campus","Prunella montanella (Pallas, 1776)",Prunellidae,Prunella,montanella,Species,M,Whole year,209
181,"Peking University, Yanyuan Campus","Fringilla coelebs (Linnaeus, 1758)",Fringillidae,Fringilla,coelebs,Species,M,Whole year,209
181,"Peking University, Yanyuan Campus","Fringilla montifringilla (Linnaeus, 1758)",Fringillidae,Fringilla,montifringilla,Species,M,Whole year,209
181,"Peking University, Yanyuan Campus","Carduelis sinica (Linnaeus, 1766)",Fringillidae,Carduelis,sinica,Species,R,Whole year,209
181,"Peking University, Yanyuan Campus","Carduelis flammea (Linnaeus, 1758)",Fringillidae,Carduelis,flammea,Species,M,Whole year,209
181,"Peking University, Yanyuan Campus","Carpodacus erythrinus (Pallas, 1770)",Fringillidae,Carpodacus,erythrinus,Species,M,Whole year,209
181,"Peking University, Yanyuan Campus","Carpodacus roseus (Pallas, 1776)",Fringillidae,Carpodacus,roseus,Species,M,Whole year,209
181,"Peking University, Yanyuan Campus","Carduelis spinus (Linnaeus, 1758)",Fringillidae,Carduelis,spinus,Species,M,Whole year,209
181,"Peking University, Yanyuan Campus","Emberiza leucocephalos (S.G.Gmelin, 1771)",Emberizidae,Emberiza,leucocephalos,Species,M,Whole year,209
181,"Peking University, Yanyuan Campus","Emberiza cioides (von J.F.Brandt, 1843)",Emberizidae,Emberiza,cioides,Species,M,Whole year,209
181,"Peking University, Yanyuan Campus","Emberiza tristrami (Swinhoe, 1870)",Emberizidae,Emberiza,tristrami,Species,M,Whole year,209
181,"Peking University, Yanyuan Campus","Emberiza pusilla (Pallas, 1776)",Emberizidae,Emberiza,pusilla,Species,M,Whole year,209
181,"Peking University, Yanyuan Campus","Emberiza elegans (Temminck, 1836)",Emberizidae,Emberiza,elegans,Species,M,Whole year,209
181,"Peking University, Yanyuan Campus","Emberiza rutila (Pallas, 1776)",Emberizidae,Emberiza,rutila,Species,M,Whole year,209
181,"Peking University, Yanyuan Campus","Emberiza spodocephala (Pallas, 1776)",Emberizidae,Emberiza,spodocephala,Species,M,Whole year,209
181,"Peking University, Yanyuan Campus","Emberiza aureola (Pallas, 1773)",Emberizidae,Emberiza,aureola,Species,M,Whole year,209
181,"Peking University, Yanyuan Campus","Eophona migratoria (Hartert, 1903)",Fringillidae,Eophona,migratoria,Species,R,Whole year,209
181,"Peking University, Yanyuan Campus","Coccothraustes coccothraustes (Linnaeus, 1758)",Fringillidae,Coccothraustes,coccothraustes,Species,M,Whole year,209
184,Qinghai university,"Aegithalos caudatus (Linnaeus, 1758)",Aegithalidae,Aegithalos,caudatus,Species,M,Spring and Summer,166
184,Qinghai university,"Asio otus (Linnaeus, 1758)",Strigidae,Asio,otus,Species,M,Spring and Summer,166
184,Qinghai university,"Carduelis sinica (Linnaeus, 1766)",Fringillidae,Carduelis,sinica,Species,M,Spring and Summer,166
184,Qinghai university,"Columba livia (Gmelin, 1789)",Columbidae,Columba,livia,Species,R,Spring and Summer,166
184,Qinghai university,"Corvus frugilegus (Linnaeus, 1758)",Corvidae,Corvus,frugilegus,Species,R,Spring and Summer,166
184,Qinghai university,"Cuculus canorus (Linnaeus, 1758)",scolopacea,Cuculus,canorus,Species,M,Spring and Summer,166
184,Qinghai university,"Cyanopica cyanus (Pallas, 1776)",Corvidae,Cyanopica,cyanus,Species,R,Spring and Summer,166
184,Qinghai university,"Dendrocopos major (Linnaeus, 1758)",Picidae,Dendrocopos,major,Species,R,Spring and Summer,166
184,Qinghai university,"Lanius cristatus (Linnaeus, 1758)",Laniidae,Lanius,cristatus,Species,M,Spring and Summer,166
184,Qinghai university,"Luscinia calliope (Pallas, 1776)",Muscicapidae,Luscinia,calliope,Species,M,Spring and Summer,166
184,Qinghai university,"Motacilla alba (Linnaeus, 1758)",Motacillidae,Motacilla,alba,Species,M,Spring and Summer,166
184,Qinghai university,"Motacilla cinerea (Tunstall, 1771)",Motacillidae,Motacilla,cinerea,Species,M,Spring and Summer,166
184,Qinghai university,"Parus ater (Linnaeus, 1758)",Paridae,Parus,ater,Species,M,Spring and Summer,166
184,Qinghai university,"Passer montanus (Linnaeus, 1758)",Passeridae,Passer,montanus,Species,R,Spring and Summer,166
184,Qinghai university,"Phasianus colchicus (Linnaeus, 1758)",Jacanidae,Phasianus,colchicus,Species,R,Spring and Summer,166
184,Qinghai university,"Phoenicurus auroreus (Pallas, 1776)",Muscicapidae,Phoenicurus,auroreus,Species,M,Spring and Summer,166
184,Qinghai university,"Phylloscopus inornatus (Blyth, 1842)",Phylloscopidae,Phylloscopus,inornatus,Species,M,Spring and Summer,166
184,Qinghai university,"Pica pica (Linnaeus, 1758)",Corvidae,Pica,pica,Species,R,Spring and Summer,166
184,Qinghai university,"Picus canus (Gmelin, 1788)",Picidae,Picus,canus,Species,R,Spring and Summer,166
184,Qinghai university,"Streptopelia decaocto (Frivaldszky, 1838)",Columbidae,Streptopelia,decaocto,Species,R,Spring and Summer,166
184,Qinghai university,"Turdus merula (Linnaeus, 1758)",Turdidae,Turdus,merula,Species,M,Spring and Summer,166
184,Qinghai university,"Upupa epops (Linnaeus, 1758)",Upupidae,Upupa,epops,Species,M,Spring and Summer,166
189,"Shaanxi Normal University, Changan Campus","Phylloscopus trochiloides (Sundevall, 1837)",Phylloscopidae,Phylloscopus,trochiloides,Species,M,Whole year,119
189,"Shaanxi Normal University, Changan Campus","Zosterops japonicus (Temminck & Schlegel, 1845)",Zosteropidae,Zosterops,japonicus,Species,M,Whole year,119
189,"Shaanxi Normal University, Changan Campus","Motacilla alba (Linnaeus, 1758)",Motacillidae,Motacilla,alba,Species,R,Whole year,119
189,"Shaanxi Normal University, Changan Campus","Pycnonotus sinensis (Gmelin, 1789)",Pycnonotidae,Pycnonotus,sinensis,Species,M,Whole year,119
189,"Shaanxi Normal University, Changan Campus","Circus cyaneus (Linnaeus, 1766)",Charadriidae,Circus,cyaneus,Species,M,Whole year,119
189,"Shaanxi Normal University, Changan Campus","Apus pacificus (Latham, 1802)",Apodidae,Apus,pacificus,Species,M,Whole year,119
189,"Shaanxi Normal University, Changan Campus","Phoenicurus auroreus (Pallas, 1776)",Muscicapidae,Phoenicurus,auroreus,Species,R,Whole year,119
189,"Shaanxi Normal University, Changan Campus","Dendrocopos major (Linnaeus, 1758)",Picidae,Dendrocopos,major,Species,R,Whole year,119
189,"Shaanxi Normal University, Changan Campus","Cuculus canorus (Linnaeus, 1758)",scolopacea,Cuculus,canorus,Species,M,Whole year,119
189,"Shaanxi Normal University, Changan Campus","Parus major (Linnaeus, 1758)",Paridae,Parus,major,Species,R,Whole year,119
189,"Shaanxi Normal University, Changan Campus","Upupa epops (Linnaeus, 1758)",Upupidae,Upupa,epops,Species,R,Whole year,119
189,"Shaanxi Normal University, Changan Campus","Bubo bubo (Linnaeus, 1758)",Strigidae,Bubo,bubo,Species,R,Whole year,119
189,"Shaanxi Normal University, Changan Campus","Asio flammeus (Pontoppidan, 1763)",Strigidae,Asio,flammeus,Species,M,Whole year,119
189,"Shaanxi Normal University, Changan Campus","Calandrella cinerea (Gmelin, 1789)",Alaudidae,Calandrella,cinerea,Species,R,Whole year,119
189,"Shaanxi Normal University, Changan Campus","Galerida cristata (Linnaeus, 1758)",Alaudidae,Galerida,cristata,Species,R,Whole year,119
189,"Shaanxi Normal University, Changan Campus","Megaceryle lugubris (Temminck, 1834)",Alcedinidae,Megaceryle,lugubris,Species,R,Whole year,119
189,"Shaanxi Normal University, Changan Campus","Dicrurus macrocercus (Vieillot, 1817)",Dicruridae,Dicrurus,macrocercus,Species,M,Whole year,119
189,"Shaanxi Normal University, Changan Campus","Eophona personata (Temminck & Schlegel, 1848)",Fringillidae,Eophona,personata,Species,M,Whole year,119
189,"Shaanxi Normal University, Changan Campus","Oriolus chinensis (Linnaeus, 1766)",Oriolidae,Oriolus,chinensis,Species,M,Whole year,119
189,"Shaanxi Normal University, Changan Campus","Picus canus (Gmelin, 1788)",Picidae,Picus,canus,Species,R,Whole year,119
189,"Shaanxi Normal University, Changan Campus","Lanius cristatus (Linnaeus, 1758)",Laniidae,Lanius,cristatus,Species,M,Whole year,119
189,"Shaanxi Normal University, Changan Campus","Cissa erythrorhyncha (Boddaert, 1783)",Corvidae,Cissa,erythrorhyncha,Species,R,Whole year,119
189,"Shaanxi Normal University, Changan Campus",Garrulax conorus,Leiothrichidae,Garrulax,conorus,Species,R,Whole year,119
189,"Shaanxi Normal University, Changan Campus","Parus venustulus (R. Swinhoe, 1870)",Paridae,Parus,venustulus,Species,M,Whole year,119
189,"Shaanxi Normal University, Changan Campus","Emberiza elegans (Temminck, 1836)",Emberizidae,Emberiza,elegans,Species,M,Whole year,119
189,"Shaanxi Normal University, Changan Campus","Carduelis spinus (Linnaeus, 1758)",Fringillidae,Carduelis,spinus,Species,M,Whole year,119
189,"Shaanxi Normal University, Changan Campus","Phylloscopus proregulus (Pallas, 1811)",Phylloscopidae,Phylloscopus,proregulus,Species,M,Whole year,119
189,"Shaanxi Normal University, Changan Campus","Streptopelia decaocto (Frivaldszky, 1838)",Columbidae,Streptopelia,decaocto,Species,R,Whole year,119
189,"Shaanxi Normal University, Changan Campus","Lanius tephronotus (Vigors, 1831)",Laniidae,Lanius,tephronotus,Species,M,Whole year,119
189,"Shaanxi Normal University, Changan Campus","Sturnus cineraceus (Temminck, 1835)",Sturnidae,Sturnus,cineraceus,Species,M,Whole year,119
189,"Shaanxi Normal University, Changan Campus","Cyanopica cyanus (Pallas, 1776)",Corvidae,Cyanopica,cyanus,Species,R,Whole year,119
189,"Shaanxi Normal University, Changan Campus","Hirundo rustica (Linnaeus, 1758)",Laridae,Hirundo,rustica,Species,R,Whole year,119
189,"Shaanxi Normal University, Changan Campus","Carduelis sinica (Linnaeus, 1766)",Fringillidae,Carduelis,sinica,Species,R,Whole year,119
189,"Shaanxi Normal University, Changan Campus","Apus apus (Linnaeus, 1758)",Apodidae,Apus,apus,Species,M,Whole year,119
189,"Shaanxi Normal University, Changan Campus","Parus monticolus (Vigors, 1831)",Paridae,Parus,monticolus,Species,M,Whole year,119
189,"Shaanxi Normal University, Changan Campus","Passer montanus (Linnaeus, 1758)",Passeridae,Passer,montanus,Species,R,Whole year,119
189,"Shaanxi Normal University, Changan Campus","Buteo buteo (Linnaeus, 1758)",Accipitridae,Buteo,buteo,Species,M,Whole year,119
189,"Shaanxi Normal University, Changan Campus","Emberiza cioides (von J.F.Brandt, 1843)",Emberizidae,Emberiza,cioides,Species,R,Whole year,119
189,"Shaanxi Normal University, Changan Campus","Streptopelia orientalis (Latham, 1790)",Columbidae,Streptopelia,orientalis,Species,R,Whole year,119
189,"Shaanxi Normal University, Changan Campus","Cuculus micropterus (Gould, 1838)",scolopacea,Cuculus,micropterus,Species,M,Whole year,119
189,"Shaanxi Normal University, Changan Campus","Garrulus glandarius (Linnaeus, 1758)",Corvidae,Garrulus,glandarius,Species,R,Whole year,119
189,"Shaanxi Normal University, Changan Campus","Turdus merula (Linnaeus, 1758)",Turdidae,Turdus,merula,Species,R,Whole year,119
189,"Shaanxi Normal University, Changan Campus","Corvus frugilegus (Linnaeus, 1758)",Corvidae,Corvus,frugilegus,Species,M,Whole year,119
189,"Shaanxi Normal University, Changan Campus","Pica pica (Linnaeus, 1758)",Corvidae,Pica,pica,Species,R,Whole year,119
189,"Shaanxi Normal University, Changan Campus","Calandrella rufescens (Vieillot, 1819)",Alaudidae,Calandrella,rufescens,Species,M,Whole year,119
189,"Shaanxi Normal University, Changan Campus","Emberiza pusilla (Pallas, 1776)",Emberizidae,Emberiza,pusilla,Species,M,Whole year,119
189,"Shaanxi Normal University, Changan Campus","Alauda gulgula (Franklin, 1831)",Alaudidae,Alauda,gulgula,Species,M,Whole year,119
189,"Shaanxi Normal University, Changan Campus","Milvus korschun (Boddaert, 1783)",Accipitridae,Milvus,korschun,Species,R,Whole year,119
189,"Shaanxi Normal University, Changan Campus","Asio otus (Linnaeus, 1758)",Strigidae,Asio,otus,Species,M,Whole year,119
189,"Shaanxi Normal University, Changan Campus","Streptopelia capicola (Sundevall, 1857)",Columbidae,Streptopelia,capicola,Species,R,Whole year,119
189,"Shaanxi Normal University, Changan Campus","Athene noctua (Scopoli, 1769)",Strigidae,Athene,noctua,Species,R,Whole year,119
192,"Shandong Agricultural University, South Campus","Zosterops japonicus (Temminck & Schlegel, 1845)",Zosteropidae,Zosterops,japonicus,Species,M,Whole year,172
192,"Shandong Agricultural University, South Campus","Acridotheres cristatellus (Linnaeus, 1758)",Sturnidae,Acridotheres,cristatellus,Species,R,Whole year,172
192,"Shandong Agricultural University, South Campus","Motacilla alba (Linnaeus, 1758)",Motacillidae,Motacilla,alba,Species,R,Whole year,172
192,"Shandong Agricultural University, South Campus","Egretta garzetta (Linnaeus, 1766)",Ardeidae,Egretta,garzetta,Species,M,Whole year,172
192,"Shandong Agricultural University, South Campus","Ficedula zanthopygia (Hay, 1845)",Muscicapidae,Ficedula,zanthopygia,Species,M,Whole year,172
192,"Shandong Agricultural University, South Campus","Pycnonotus sinensis (Gmelin, 1789)",Pycnonotidae,Pycnonotus,sinensis,Species,R,Whole year,172
192,"Shandong Agricultural University, South Campus","Tringa ochropus (Linnaeus, 1758)",Scolopacidae,Tringa,ochropus,Species,M,Whole year,172
192,"Shandong Agricultural University, South Campus","Phoenicurus auroreus (Pallas, 1776)",Muscicapidae,Phoenicurus,auroreus,Species,R,Whole year,172
192,"Shandong Agricultural University, South Campus","Ardeola bacchus (Bonaparte, 1855)",Ardeidae,Ardeola,bacchus,Species,M,Whole year,172
192,"Shandong Agricultural University, South Campus","Dendrocopos major (Linnaeus, 1758)",Picidae,Dendrocopos,major,Species,R,Whole year,172
192,"Shandong Agricultural University, South Campus","Cuculus canorus (Linnaeus, 1758)",scolopacea,Cuculus,canorus,Species,M,Whole year,172
192,"Shandong Agricultural University, South Campus","Parus major (Linnaeus, 1758)",Paridae,Parus,major,Species,R,Whole year,172
192,"Shandong Agricultural University, South Campus","Upupa epops (Linnaeus, 1758)",Upupidae,Upupa,epops,Species,R,Whole year,172
192,"Shandong Agricultural University, South Campus","Phylloscopus fuscatus (Blyth, 1842)",Phylloscopidae,Phylloscopus,fuscatus,Species,M,Whole year,172
192,"Shandong Agricultural University, South Campus","Saxicola torquatus (Linnaeus, 1766)",Muscicapidae,Saxicola,torquatus,Species,M,Whole year,172
192,"Shandong Agricultural University, South Campus","Dicrurus macrocercus (Vieillot, 1817)",Dicruridae,Dicrurus,macrocercus,Species,M,Whole year,172
192,"Shandong Agricultural University, South Campus","Eophona migratoria (Hartert, 1903)",Fringillidae,Eophona,migratoria,Species,M,Whole year,172
192,"Shandong Agricultural University, South Campus","Picus canus (Gmelin, 1788)",Picidae,Picus,canus,Species,R,Whole year,172
192,"Shandong Agricultural University, South Campus","Falco amurensis (Radde, 1863)",Falconidae,Falco,amurensis,Species,M,Whole year,172
192,"Shandong Agricultural University, South Campus","Falco tinnunculus (Linnaeus, 1758)",Falconidae,Falco,tinnunculus,Species,R,Whole year,172
192,"Shandong Agricultural University, South Campus","Lanius cristatus (Linnaeus, 1758)",Laniidae,Lanius,cristatus,Species,M,Whole year,172
192,"Shandong Agricultural University, South Campus","Turdus naumanni (Temminck, 1820)",Turdidae,Turdus,naumanni,Species,M,Whole year,172
192,"Shandong Agricultural University, South Campus","Tarsiger cyanurus (Pallas, 1773)",Muscicapidae,Tarsiger,cyanurus,Species,M,Whole year,172
192,"Shandong Agricultural University, South Campus","Zosterops erythropleurus (Swinhoe, 1863)",Zosteropidae,Zosterops,erythropleurus,Species,M,Whole year,172
192,"Shandong Agricultural University, South Campus","Acrocephalus aedon (Pallas, 1776)",Acrocephalidae,Acrocephalus,aedon,Species,M,Whole year,172
192,"Shandong Agricultural University, South Campus","Phasianus colchicus (Linnaeus, 1758)",Jacanidae,Phasianus,colchicus,Species,R,Whole year,172
192,"Shandong Agricultural University, South Campus","Emberiza elegans (Temminck, 1836)",Emberizidae,Emberiza,elegans,Species,M,Whole year,172
192,"Shandong Agricultural University, South Campus","Motacilla flava (Linnaeus, 1758)",Motacillidae,Motacilla,flava,Species,M,Whole year,172
192,"Shandong Agricultural University, South Campus","Phylloscopus inornatus (Blyth, 1842)",Phylloscopidae,Phylloscopus,inornatus,Species,M,Whole year,172
192,"Shandong Agricultural University, South Campus","Emberiza chrysophrys (Pallas, 1776)",Emberizidae,Emberiza,chrysophrys,Species,M,Whole year,172
192,"Shandong Agricultural University, South Campus","Emberiza aureola (Pallas, 1773)",Emberizidae,Emberiza,aureola,Species,M,Whole year,172
192,"Shandong Agricultural University, South Campus","Phylloscopus proregulus (Pallas, 1811)",Phylloscopidae,Phylloscopus,proregulus,Species,M,Whole year,172
192,"Shandong Agricultural University, South Campus","Motacilla cinerea (Tunstall, 1771)",Motacillidae,Motacilla,cinerea,Species,M,Whole year,172
192,"Shandong Agricultural University, South Campus","Sturnus cineraceus (Temminck, 1835)",Sturnidae,Sturnus,cineraceus,Species,R,Whole year,172
192,"Shandong Agricultural University, South Campus","Emberiza spodocephala (Pallas, 1776)",Emberizidae,Emberiza,spodocephala,Species,M,Whole year,172
192,"Shandong Agricultural University, South Campus","Cyanopica cyanus (Pallas, 1776)",Corvidae,Cyanopica,cyanus,Species,R,Whole year,172
192,"Shandong Agricultural University, South Campus","Phylloscopus borealis (J.H.Blasius, 1858)",Phylloscopidae,Phylloscopus,borealis,Species,M,Whole year,172
192,"Shandong Agricultural University, South Campus","Hirundo rustica (Linnaeus, 1758)",Laridae,Hirundo,rustica,Species,M,Whole year,172
192,"Shandong Agricultural University, South Campus","Carduelis sinica (Linnaeus, 1766)",Fringillidae,Carduelis,sinica,Species,R,Whole year,172
192,"Shandong Agricultural University, South Campus","Charadrius dubius (Scopoli, 1786)",Charadriidae,Charadrius,dubius,Species,M,Whole year,172
192,"Shandong Agricultural University, South Campus","Hirundo daurica (Laxmann, 1769)",Laridae,Hirundo,daurica,Species,M,Whole year,172
192,"Shandong Agricultural University, South Campus","Luscinia svecica (Linnaeus, 1758)",Muscicapidae,Luscinia,svecica,Species,M,Whole year,172
192,"Shandong Agricultural University, South Campus","Monticola solitarius (Linnaeus, 1758)",Muscicapidae,Monticola,solitarius,Species,M,Whole year,172
192,"Shandong Agricultural University, South Campus","Apus apus (Linnaeus, 1758)",Apodidae,Apus,apus,Species,M,Whole year,172
192,"Shandong Agricultural University, South Campus","Passer montanus (Linnaeus, 1758)",Passeridae,Passer,montanus,Species,R,Whole year,172
192,"Shandong Agricultural University, South Campus","Alcedo atthis (Linnaeus, 1758)",Alcedinidae,Alcedo,atthis,Species,R,Whole year,172
192,"Shandong Agricultural University, South Campus","Buteo buteo (Linnaeus, 1758)",Accipitridae,Buteo,buteo,Species,M,Whole year,172
192,"Shandong Agricultural University, South Campus","Accipiter nisus (Linnaeus, 1758)",Accipitridae,Accipiter,nisus,Species,M,Whole year,172
192,"Shandong Agricultural University, South Campus","Emberiza cioides (von J.F.Brandt, 1843)",Emberizidae,Emberiza,cioides,Species,R,Whole year,172
192,"Shandong Agricultural University, South Campus","Streptopelia orientalis (Latham, 1790)",Columbidae,Streptopelia,orientalis,Species,R,Whole year,172
192,"Shandong Agricultural University, South Campus","Gallinago gallinago (Linnaeus, 1758)",Scolopacidae,Gallinago,gallinago,Species,M,Whole year,172
192,"Shandong Agricultural University, South Campus","Anthus hodgsoni (Richmond, 1907)",Motacillidae,Anthus,hodgsoni,Species,M,Whole year,172
192,"Shandong Agricultural University, South Campus","Anthus spinoletta (Linnaeus, 1758)",Motacillidae,Anthus,spinoletta,Species,M,Whole year,172
192,"Shandong Agricultural University, South Campus","Sturnus sericeus (Gmelin, 1789)",Sturnidae,Sturnus,sericeus,Species,R,Whole year,172
192,"Shandong Agricultural University, South Campus","Cuculus micropterus (Gould, 1838)",scolopacea,Cuculus,micropterus,Species,M,Whole year,172
192,"Shandong Agricultural University, South Campus","Bombycilla garrulus (Linnaeus, 1758)",Bombycillidae,Bombycilla,garrulus,Species,M,Whole year,172
192,"Shandong Agricultural University, South Campus","Anthus richardi (Vieillot, 1818)",Motacillidae,Anthus,richardi,Species,M,Whole year,172
192,"Shandong Agricultural University, South Campus","Turdus merula (Linnaeus, 1758)",Turdidae,Turdus,merula,Species,R,Whole year,172
192,"Shandong Agricultural University, South Campus","Pica pica (Linnaeus, 1758)",Corvidae,Pica,pica,Species,R,Whole year,172
192,"Shandong Agricultural University, South Campus","Bombycilla japonica (Siebold, 1824)",Bombycillidae,Bombycilla,japonica,Species,M,Whole year,172
192,"Shandong Agricultural University, South Campus","Emberiza pusilla (Pallas, 1776)",Emberizidae,Emberiza,pusilla,Species,M,Whole year,172
192,"Shandong Agricultural University, South Campus","Fringilla montifringilla (Linnaeus, 1758)",Fringillidae,Fringilla,montifringilla,Species,M,Whole year,172
192,"Shandong Agricultural University, South Campus","Nycticorax nycticorax (Linnaeus, 1758)",Ardeidae,Nycticorax,nycticorax,Species,M,Whole year,172
192,"Shandong Agricultural University, South Campus","Streptopelia capicola (Sundevall, 1857)",Columbidae,Streptopelia,capicola,Species,R,Whole year,172
192,"Shandong Agricultural University, South Campus","Lanius schach (Linnaeus, 1758)",Laniidae,Lanius,schach,Species,R,Whole year,172
192,"Shandong Agricultural University, South Campus","Cisticola juncidis (Rafinesque, 1810)",Cisticolidae,Cisticola,juncidis,Species,M,Whole year,172
192,"Shandong Agricultural University, South Campus","Paradoxornis webbianus (Gould, 1852)",Paradoxornithidae,Paradoxornis,webbianus,Species,R,Whole year,172
192,"Shandong Agricultural University, South Campus","Athene noctua (Scopoli, 1769)",Strigidae,Athene,noctua,Species,R,Whole year,172
199,Shangqiu Normal University,"Acridotheres cristatellus (Linnaeus, 1758)",Sturnidae,Acridotheres,cristatellus,Species,R,Autumn,227
199,Shangqiu Normal University,"Acrocephalus bistrigiceps (Swinhoe, 1860)",Acrocephalidae,Acrocephalus,bistrigiceps,Species,M,Autumn,227
199,Shangqiu Normal University,"Alauda gulgula (Franklin, 1831)",Alaudidae,Alauda,gulgula,Species,M,Autumn,227
199,Shangqiu Normal University,"Alcedo atthis (Linnaeus, 1758)",Alcedinidae,Alcedo,atthis,Species,R,Autumn,227
199,Shangqiu Normal University,"Anthus hodgsoni (Richmond, 1907)",Motacillidae,Anthus,hodgsoni,Species,R,Autumn,227
199,Shangqiu Normal University,"Carduelis sinica (Linnaeus, 1766)",Fringillidae,Carduelis,sinica,Species,R,Autumn,227
199,Shangqiu Normal University,"Columba janthina (Temminck, 1830)",Columbidae,Columba,janthina,Species,R,Autumn,227
199,Shangqiu Normal University,"Columba livia (Gmelin, 1789)",Columbidae,Columba,livia,Species,R,Autumn,227
199,Shangqiu Normal University,"Columba rupestris (Pallas, 1811)",Columbidae,Columba,rupestris,Species,R,Autumn,227
199,Shangqiu Normal University,"Cyanopica cyanus (Pallas, 1776)",Corvidae,Cyanopica,cyanus,Species,R,Autumn,227
199,Shangqiu Normal University,"Dicrurus macrocercus (Vieillot, 1817)",Dicruridae,Dicrurus,macrocercus,Species,M,Autumn,227
199,Shangqiu Normal University,"Emberiza elegans (Temminck, 1836)",Emberizidae,Emberiza,elegans,Species,M,Autumn,227
199,Shangqiu Normal University,"Emberiza pusilla (Pallas, 1776)",Emberizidae,Emberiza,pusilla,Species,M,Autumn,227
199,Shangqiu Normal University,"Emberiza spodocephala (Pallas, 1776)",Emberizidae,Emberiza,spodocephala,Species,M,Autumn,227
199,Shangqiu Normal University,"Eophona migratoria (Hartert, 1903)",Fringillidae,Eophona,migratoria,Species,M,Autumn,227
199,Shangqiu Normal University,"Gallinula chloropus (Linnaeus, 1758)",Rallidae,Gallinula,chloropus,Species,M,Autumn,227
199,Shangqiu Normal University,"Hirundo daurica (Laxmann, 1769)",Laridae,Hirundo,daurica,Species,M,Autumn,227
199,Shangqiu Normal University,"Hirundo rustica (Linnaeus, 1758)",Laridae,Hirundo,rustica,Species,M,Autumn,227
199,Shangqiu Normal University,"Lanius schach (Linnaeus, 1758)",Laniidae,Lanius,schach,Species,M,Autumn,227
199,Shangqiu Normal University,"Motacilla alba (Linnaeus, 1758)",Motacillidae,Motacilla,alba,Species,R,Autumn,227
199,Shangqiu Normal University,"Parus major (Linnaeus, 1758)",Paridae,Parus,major,Species,R,Autumn,227
199,Shangqiu Normal University,"Passer montanus (Linnaeus, 1758)",Passeridae,Passer,montanus,Species,R,Autumn,227
199,Shangqiu Normal University,"Phasianus colchicus (Linnaeus, 1758)",Jacanidae,Phasianus,colchicus,Species,R,Autumn,227
199,Shangqiu Normal University,"Phoenicurus auroreus (Pallas, 1776)",Muscicapidae,Phoenicurus,auroreus,Species,M,Autumn,227
199,Shangqiu Normal University,"Phylloscopus borealis (J.H.Blasius, 1858)",Phylloscopidae,Phylloscopus,borealis,Species,M,Autumn,227
199,Shangqiu Normal University,"Phylloscopus fuscatus (Blyth, 1842)",Phylloscopidae,Phylloscopus,fuscatus,Species,M,Autumn,227
199,Shangqiu Normal University,"Phylloscopus inornatus (Blyth, 1842)",Phylloscopidae,Phylloscopus,inornatus,Species,M,Autumn,227
199,Shangqiu Normal University,"Pica pica (Linnaeus, 1758)",Corvidae,Pica,pica,Species,R,Autumn,227
199,Shangqiu Normal University,"Pycnonotus sinensis (Gmelin, 1789)",Pycnonotidae,Pycnonotus,sinensis,Species,R,Autumn,227
199,Shangqiu Normal University,"Streptopelia capicola (Sundevall, 1857)",Columbidae,Streptopelia,capicola,Species,R,Autumn,227
199,Shangqiu Normal University,"Streptopelia decaocto (Frivaldszky, 1838)",Columbidae,Streptopelia,decaocto,Species,R,Autumn,227
199,Shangqiu Normal University,"Sturnus cineraceus (Temminck, 1835)",Sturnidae,Sturnus,cineraceus,Species,R,Autumn,227
199,Shangqiu Normal University,"Tachybaptus ruficollis (Pallas, 1764)",Podicipedidae,Tachybaptus,ruficollis,Species,R,Autumn,227
199,Shangqiu Normal University,"Tarsiger cyanurus (Pallas, 1773)",Muscicapidae,Tarsiger,cyanurus,Species,M,Autumn,227
199,Shangqiu Normal University,"Turdus merula (Linnaeus, 1758)",Turdidae,Turdus,merula,Species,M,Autumn,227
199,Shangqiu Normal University,"Upupa epops (Linnaeus, 1758)",Upupidae,Upupa,epops,Species,R,Autumn,227
201,Shanxi Agricultural University,"Motacilla alba (Linnaeus, 1758)",Motacillidae,Motacilla,alba,Species,M,Whole year,28
201,Shanxi Agricultural University,"Emberiza tristrami (Swinhoe, 1870)",Emberizidae,Emberiza,tristrami,Species,M,Whole year,28
201,Shanxi Agricultural University,"Phoenicurus auroreus (Pallas, 1776)",Muscicapidae,Phoenicurus,auroreus,Species,M,Whole year,28
201,Shanxi Agricultural University,"Accipiter gentilis (Linnaeus, 1758)",Accipitridae,Accipiter,gentilis,Species,M,Whole year,28
201,Shanxi Agricultural University,"Dendrocopos major (Linnaeus, 1758)",Picidae,Dendrocopos,major,Species,R,Whole year,28
201,Shanxi Agricultural University,"Cuculus canorus (Linnaeus, 1758)",scolopacea,Cuculus,canorus,Species,M,Whole year,28
201,Shanxi Agricultural University,"Parus major (Linnaeus, 1758)",Paridae,Parus,major,Species,R,Whole year,28
201,Shanxi Agricultural University,"Upupa epops (Linnaeus, 1758)",Upupidae,Upupa,epops,Species,M,Whole year,28
201,Shanxi Agricultural University,"Galerida cristata (Linnaeus, 1758)",Alaudidae,Galerida,cristata,Species,R,Whole year,28
201,Shanxi Agricultural University,"Corvus monedula (Linnaeus, 1758)",Corvidae,Corvus,monedula,Species,M,Whole year,28
201,Shanxi Agricultural University,"Parus montanus (Baldenstein, 1827)",Paridae,Parus,montanus,Species,R,Whole year,28
201,Shanxi Agricultural University,"Oriolus chinensis (Linnaeus, 1766)",Oriolidae,Oriolus,chinensis,Species,M,Whole year,28
201,Shanxi Agricultural University,"Picus canus (Gmelin, 1788)",Picidae,Picus,canus,Species,R,Whole year,28
201,Shanxi Agricultural University,"Phoenicurus erythrogastrus (Guldenstadt, 1775)",Muscicapidae,Phoenicurus,erythrogastrus,Species,M,Whole year,28
201,Shanxi Agricultural University,"Falco vespertinus (Linnaeus, 1766)",Falconidae,Falco,vespertinus,Species,M,Whole year,28
201,Shanxi Agricultural University,"Falco tinnunculus (Linnaeus, 1758)",Falconidae,Falco,tinnunculus,Species,R,Whole year,28
201,Shanxi Agricultural University,"Tarsiger cyanurus (Pallas, 1773)",Muscicapidae,Tarsiger,cyanurus,Species,M,Whole year,28
201,Shanxi Agricultural University,"Zosterops erythropleurus (Swinhoe, 1863)",Zosteropidae,Zosterops,erythropleurus,Species,M,Whole year,28
201,Shanxi Agricultural University,"Cissa erythrorhyncha (Boddaert, 1783)",Corvidae,Cissa,erythrorhyncha,Species,M,Whole year,28
201,Shanxi Agricultural University,"Lanius tigrinus (Drapiez, 1828)",Laniidae,Lanius,tigrinus,Species,M,Whole year,28
201,Shanxi Agricultural University,"Phasianus colchicus (Linnaeus, 1758)",Jacanidae,Phasianus,colchicus,Species,M,Whole year,28
201,Shanxi Agricultural University,"Parus venustulus (R. Swinhoe, 1870)",Paridae,Parus,venustulus,Species,M,Whole year,28
201,Shanxi Agricultural University,"Phylloscopus inornatus (Blyth, 1842)",Phylloscopidae,Phylloscopus,inornatus,Species,M,Whole year,28
201,Shanxi Agricultural University,"Emberiza chrysophrys (Pallas, 1776)",Emberizidae,Emberiza,chrysophrys,Species,M,Whole year,28
201,Shanxi Agricultural University,"Carduelis spinus (Linnaeus, 1758)",Fringillidae,Carduelis,spinus,Species,M,Whole year,28
201,Shanxi Agricultural University,"Emberiza elegans (Temminck, 1836)",Emberizidae,Emberiza,elegans,Species,M,Whole year,28
201,Shanxi Agricultural University,"Phylloscopus proregulus (Pallas, 1811)",Phylloscopidae,Phylloscopus,proregulus,Species,M,Whole year,28
201,Shanxi Agricultural University,"Streptopelia orientalis (Latham, 1790)",Columbidae,Streptopelia,orientalis,Species,R,Whole year,28
201,Shanxi Agricultural University,"Motacilla cinerea (Tunstall, 1771)",Motacillidae,Motacilla,cinerea,Species,M,Whole year,28
201,Shanxi Agricultural University,"Sturnus cineraceus (Temminck, 1835)",Sturnidae,Sturnus,cineraceus,Species,M,Whole year,28
201,Shanxi Agricultural University,"Cyanopica cyanus (Pallas, 1776)",Corvidae,Cyanopica,cyanus,Species,R,Whole year,28
201,Shanxi Agricultural University,"Actitis hypoleucos (Linnaeus, 1758)",Scolopacidae,Actitis,hypoleucos,Species,M,Whole year,28
201,Shanxi Agricultural University,"Hirundo rustica (Linnaeus, 1758)",Laridae,Hirundo,rustica,Species,M,Whole year,28
201,Shanxi Agricultural University,"Carduelis sinica (Linnaeus, 1766)",Fringillidae,Carduelis,sinica,Species,R,Whole year,28
201,Shanxi Agricultural University,"Hirundo daurica (Laxmann, 1769)",Laridae,Hirundo,daurica,Species,M,Whole year,28
201,Shanxi Agricultural University,"Emberiza rutila (Pallas, 1776)",Emberizidae,Emberiza,rutila,Species,M,Whole year,28
201,Shanxi Agricultural University,"Apus apus (Linnaeus, 1758)",Apodidae,Apus,apus,Species,M,Whole year,28
201,Shanxi Agricultural University,"Passer montanus (Linnaeus, 1758)",Passeridae,Passer,montanus,Species,R,Whole year,28
201,Shanxi Agricultural University,"Parus ater (Linnaeus, 1758)",Paridae,Parus,ater,Species,R,Whole year,28
201,Shanxi Agricultural University,"Buteo buteo (Linnaeus, 1758)",Accipitridae,Buteo,buteo,Species,M,Whole year,28
201,Shanxi Agricultural University,"Certhia familiaris (Linnaeus, 1758)",Certhiidae,Certhia,familiaris,Species,R,Whole year,28
201,Shanxi Agricultural University,"Carpodacus erythrinus (Pallas, 1770)",Fringillidae,Carpodacus,erythrinus,Species,M,Whole year,28
201,Shanxi Agricultural University,"Accipiter nisus (Linnaeus, 1758)",Accipitridae,Accipiter,nisus,Species,M,Whole year,28
201,Shanxi Agricultural University,"Emberiza cioides (von J.F.Brandt, 1843)",Emberizidae,Emberiza,cioides,Species,R,Whole year,28
201,Shanxi Agricultural University,"Rhopophilus pekinensis (Swinhoe, 1868)",Muscicapidae,Rhopophilus,pekinensis,Species,M,Whole year,28
201,Shanxi Agricultural University,"Anthus hodgsoni (Richmond, 1907)",Motacillidae,Anthus,hodgsoni,Species,M,Whole year,28
201,Shanxi Agricultural University,"Cuculus micropterus (Gould, 1838)",scolopacea,Cuculus,micropterus,Species,M,Whole year,28
201,Shanxi Agricultural University,"Coccothraustes coccothraustes (Linnaeus, 1758)",Fringillidae,Coccothraustes,coccothraustes,Species,M,Whole year,28
201,Shanxi Agricultural University,"Pica pica (Linnaeus, 1758)",Corvidae,Pica,pica,Species,R,Whole year,28
201,Shanxi Agricultural University,"Emberiza pusilla (Pallas, 1776)",Emberizidae,Emberiza,pusilla,Species,M,Whole year,28
201,Shanxi Agricultural University,"Dendrocopos canicapillus (Blyth, 1845)",Picidae,Dendrocopos,canicapillus,Species,R,Whole year,28
201,Shanxi Agricultural University,"Fringilla montifringilla (Linnaeus, 1758)",Fringillidae,Fringilla,montifringilla,Species,M,Whole year,28
201,Shanxi Agricultural University,"Falco peregrinus (Tunstall, 1771)",Falconidae,Falco,peregrinus,Species,M,Whole year,28
201,Shanxi Agricultural University,"Alauda arvensis (Linnaeus, 1758)",Alaudidae,Alauda,arvensis,Species,M,Whole year,28
201,Shanxi Agricultural University,"Asio otus (Linnaeus, 1758)",Strigidae,Asio,otus,Species,M,Whole year,28
201,Shanxi Agricultural University,"Lanius sphenocercus (Cabanis, 1873)",Laniidae,Lanius,sphenocercus,Species,M,Whole year,28
201,Shanxi Agricultural University,"Pericrocotus ethologus (Bangs & J.C.Phillips, 1914)",Campephagidae,Pericrocotus,ethologus,Species,M,Whole year,28
201,Shanxi Agricultural University,"Streptopelia capicola (Sundevall, 1857)",Columbidae,Streptopelia,capicola,Species,R,Whole year,28
201,Shanxi Agricultural University,"Athene noctua (Scopoli, 1769)",Strigidae,Athene,noctua,Species,M,Whole year,28
207,"Sichuan Agricultural University, Ya'an Campus","Zosterops japonicus (Temminck & Schlegel, 1845)",Zosteropidae,Zosterops,japonicus,Species,M,Whole year,217
207,"Sichuan Agricultural University, Ya'an Campus","Acridotheres cristatellus (Linnaeus, 1758)",Sturnidae,Acridotheres,cristatellus,Species,R,Whole year,217
207,"Sichuan Agricultural University, Ya'an Campus","Chaimarrornis leucocephalus (Vigors, 1831)",Muscicapidae,Chaimarrornis,leucocephalus,Species,R,Whole year,217
207,"Sichuan Agricultural University, Ya'an Campus","Motacilla alba (Linnaeus, 1758)",Motacillidae,Motacilla,alba,Species,R,Whole year,217
207,"Sichuan Agricultural University, Ya'an Campus","Garrulax sannio (Swinhoe, 1867)",Leiothrichidae,Garrulax,sannio,Species,R,Whole year,217
207,"Sichuan Agricultural University, Ya'an Campus","Egretta garzetta (Linnaeus, 1766)",Ardeidae,Egretta,garzetta,Species,R,Whole year,217
207,"Sichuan Agricultural University, Ya'an Campus","Pycnonotus sinensis (Gmelin, 1789)",Pycnonotidae,Pycnonotus,sinensis,Species,R,Whole year,217
207,"Sichuan Agricultural University, Ya'an Campus","Tringa ochropus (Linnaeus, 1758)",Scolopacidae,Tringa,ochropus,Species,M,Whole year,217
207,"Sichuan Agricultural University, Ya'an Campus","Lonchura striata (Linnaeus, 1766)",Estrildidae,Lonchura,striata,Species,R,Whole year,217
207,"Sichuan Agricultural University, Ya'an Campus","Apus pacificus (Latham, 1802)",Apodidae,Apus,pacificus,Species,R,Whole year,217
207,"Sichuan Agricultural University, Ya'an Campus","Pomatorhinus erythrocnemis (Gould, 1863)",Timaliidae,Pomatorhinus,erythrocnemis,Species,R,Whole year,217
207,"Sichuan Agricultural University, Ya'an Campus","Phoenicurus auroreus (Pallas, 1776)",Muscicapidae,Phoenicurus,auroreus,Species,M,Whole year,217
207,"Sichuan Agricultural University, Ya'an Campus","Ardeola bacchus (Bonaparte, 1855)",Ardeidae,Ardeola,bacchus,Species,R,Whole year,217
207,"Sichuan Agricultural University, Ya'an Campus","Parus major (Linnaeus, 1758)",Paridae,Parus,major,Species,R,Whole year,217
207,"Sichuan Agricultural University, Ya'an Campus","Upupa epops (Linnaeus, 1758)",Upupidae,Upupa,epops,Species,M,Whole year,217
207,"Sichuan Agricultural University, Ya'an Campus","Collocalia brevirostris (Horsfield, 1840)",Apodidae,Collocalia,brevirostris,Species,M,Whole year,217
207,"Sichuan Agricultural University, Ya'an Campus","Culicicapa ceylonensis (Swainson, 1820)",Muscicapidae,Culicicapa,ceylonensis,Species,R,Whole year,217
207,"Sichuan Agricultural University, Ya'an Campus","Fulica atra (Linnaeus, 1758)",Rallidae,Fulica,atra,Species,M,Whole year,217
207,"Sichuan Agricultural University, Ya'an Campus","Cinclus pallasii (Temminck, 1820)",Cinclidae,Cinclus,pallasii,Species,M,Whole year,217
207,"Sichuan Agricultural University, Ya'an Campus","Hypsipetes leucocephalus (Gmelin, 1789)",Pycnonotidae,Hypsipetes,leucocephalus,Species,M,Whole year,217
207,"Sichuan Agricultural University, Ya'an Campus","Phoenicurus hodgsoni (Moore, 1854)",Muscicapidae,Phoenicurus,hodgsoni,Species,R,Whole year,217
207,"Sichuan Agricultural University, Ya'an Campus","Eophona personata (Temminck & Schlegel, 1848)",Fringillidae,Eophona,personata,Species,M,Whole year,217
207,"Sichuan Agricultural University, Ya'an Campus","Falco tinnunculus (Linnaeus, 1758)",Falconidae,Falco,tinnunculus,Species,R,Whole year,217
207,"Sichuan Agricultural University, Ya'an Campus","Stachyris ruficeps (Blyth, 1847)",Timaliidae,Stachyris,ruficeps,Species,R,Whole year,217
207,"Sichuan Agricultural University, Ya'an Campus","Aegithalos concinnus (Gould, 1855)",Aegithalidae,Aegithalos,concinnus,Species,R,Whole year,217
207,"Sichuan Agricultural University, Ya'an Campus","Lanius cristatus (Linnaeus, 1758)",Laniidae,Lanius,cristatus,Species,M,Whole year,217
207,"Sichuan Agricultural University, Ya'an Campus","Rhyacornis fuliginosa (Vigors, 1831)",Muscicapidae,Rhyacornis,fuliginosa,Species,R,Whole year,217
207,"Sichuan Agricultural University, Ya'an Campus","Dicaeum ignipectus (Blyth, 1843)",Dicaeidae,Dicaeum,ignipectus,Species,R,Whole year,217
207,"Sichuan Agricultural University, Ya'an Campus","Urocissa erythrorhyncha (Boddaert, 1783)",Corvidae,Urocissa,erythrorhyncha,Species,R,Whole year,217
207,"Sichuan Agricultural University, Ya'an Campus","Leiothrix lutea (Scopoli, 1786)",Leiothrichidae,Leiothrix,lutea,Species,R,Whole year,217
207,"Sichuan Agricultural University, Ya'an Campus","Lanius tigrinus (Drapiez, 1828)",Laniidae,Lanius,tigrinus,Species,M,Whole year,217
207,"Sichuan Agricultural University, Ya'an Campus","Garrulax canorus (Linnaeus, 1758)",Leiothrichidae,Garrulax,canorus,Species,R,Whole year,217
207,"Sichuan Agricultural University, Ya'an Campus","Ibidorhyncha struthersii (Vigors, 1832)",Ibidorhynchidae,Ibidorhyncha,struthersii,Species,M,Whole year,217
207,"Sichuan Agricultural University, Ya'an Campus","Parus venustulus (R. Swinhoe, 1870)",Paridae,Parus,venustulus,Species,R,Whole year,217
207,"Sichuan Agricultural University, Ya'an Campus","Phylloscopus proregulus (Pallas, 1811)",Phylloscopidae,Phylloscopus,proregulus,Species,M,Whole year,217
207,"Sichuan Agricultural University, Ya'an Campus","Paradoxornis alphonsianus (J.Verreaux, 1870)",Paradoxornithidae,Paradoxornis,alphonsianus,Species,R,Whole year,217
207,"Sichuan Agricultural University, Ya'an Campus","Motacilla cinerea (Tunstall, 1771)",Motacillidae,Motacilla,cinerea,Species,M,Whole year,217
207,"Sichuan Agricultural University, Ya'an Campus","Bambusicola thoracicus (Temminck, 1815)",Phasianidae,Bambusicola,thoracicus,Species,R,Whole year,217
207,"Sichuan Agricultural University, Ya'an Campus","Minla ignotincta (Hodgson, 1837)",Leiothrichidae,Minla,ignotincta,Species,R,Whole year,217
207,"Sichuan Agricultural University, Ya'an Campus","Actitis hypoleucos (Linnaeus, 1758)",Scolopacidae,Actitis,hypoleucos,Species,M,Whole year,217
207,"Sichuan Agricultural University, Ya'an Campus","Hirundo rustica (Linnaeus, 1758)",Laridae,Hirundo,rustica,Species,M,Whole year,217
207,"Sichuan Agricultural University, Ya'an Campus","Troglodytes troglodytes (Linnaeus, 1758)",Troglodytidae,Troglodytes,troglodytes,Species,R,Whole year,217
207,"Sichuan Agricultural University, Ya'an Campus","Carduelis sinica (Linnaeus, 1766)",Fringillidae,Carduelis,sinica,Species,R,Whole year,217
207,"Sichuan Agricultural University, Ya'an Campus","Charadrius dubius (Scopoli, 1786)",Charadriidae,Charadrius,dubius,Species,M,Whole year,217
207,"Sichuan Agricultural University, Ya'an Campus","Hirundo daurica (Laxmann, 1769)",Laridae,Hirundo,daurica,Species,M,Whole year,217
207,"Sichuan Agricultural University, Ya'an Campus","Minla cyanouroptera (Hodgson, 1837)",Leiothrichidae,Minla,cyanouroptera,Species,R,Whole year,217
207,"Sichuan Agricultural University, Ya'an Campus","Phoenicurus frontalis (Vigors, 1832)",Muscicapidae,Phoenicurus,frontalis,Species,R,Whole year,217
207,"Sichuan Agricultural University, Ya'an Campus","Monticola solitarius (Linnaeus, 1758)",Muscicapidae,Monticola,solitarius,Species,R,Whole year,217
207,"Sichuan Agricultural University, Ya'an Campus","Spizixos semitorques (Swinhoe, 1861)",Pycnonotidae,Spizixos,semitorques,Species,R,Whole year,217
207,"Sichuan Agricultural University, Ya'an Campus","Parus monticolus (Vigors, 1831)",Paridae,Parus,monticolus,Species,R,Whole year,217
207,"Sichuan Agricultural University, Ya'an Campus","Passer montanus (Linnaeus, 1758)",Passeridae,Passer,montanus,Species,R,Whole year,217
207,"Sichuan Agricultural University, Ya'an Campus","Alcedo atthis (Linnaeus, 1758)",Alcedinidae,Alcedo,atthis,Species,R,Whole year,217
207,"Sichuan Agricultural University, Ya'an Campus","Buteo buteo (Linnaeus, 1758)",Accipitridae,Buteo,buteo,Species,M,Whole year,217
207,"Sichuan Agricultural University, Ya'an Campus","Cettia fortipes (Hodgson, 1845)",Cettiidae,Cettia,fortipes,Species,R,Whole year,217
207,"Sichuan Agricultural University, Ya'an Campus","Copsychus saularis (Linnaeus, 1758)",Muscicapidae,Copsychus,saularis,Species,R,Whole year,217
207,"Sichuan Agricultural University, Ya'an Campus","Dendronanthus indicus (Gmelin, 1789)",Motacillidae,Dendronanthus,indicus,Species,M,Whole year,217
207,"Sichuan Agricultural University, Ya'an Campus","Anthus hodgsoni (Richmond, 1907)",Motacillidae,Anthus,hodgsoni,Species,R,Whole year,217
207,"Sichuan Agricultural University, Ya'an Campus","Turdus merula (Linnaeus, 1758)",Turdidae,Turdus,merula,Species,R,Whole year,217
207,"Sichuan Agricultural University, Ya'an Campus","Apus affinis (J.E.Gray, 1830)",Apodidae,Apus,affinis,Species,R,Whole year,217
207,"Sichuan Agricultural University, Ya'an Campus","Emberiza pusilla (Pallas, 1776)",Emberizidae,Emberiza,pusilla,Species,M,Whole year,217
207,"Sichuan Agricultural University, Ya'an Campus","Corvus corone (Linnaeus, 1758)",Corvidae,Corvus,corone,Species,M,Whole year,217
207,"Sichuan Agricultural University, Ya'an Campus","Nycticorax nycticorax (Linnaeus, 1758)",Ardeidae,Nycticorax,nycticorax,Species,M,Whole year,217
207,"Sichuan Agricultural University, Ya'an Campus","Cuculus sparverioides (Vigors, 1832)",scolopacea,Cuculus,sparverioides,Species,M,Whole year,217
207,"Sichuan Agricultural University, Ya'an Campus","Streptopelia capicola (Sundevall, 1857)",Columbidae,Streptopelia,capicola,Species,R,Whole year,217
207,"Sichuan Agricultural University, Ya'an Campus","Myophonus caeruleus (Scopoli, 1786)",Muscicapidae,Myophonus,caeruleus,Species,R,Whole year,217
207,"Sichuan Agricultural University, Ya'an Campus","Lanius schach (Linnaeus, 1758)",Laniidae,Lanius,schach,Species,R,Whole year,217
207,"Sichuan Agricultural University, Ya'an Campus","Abroscopus albogularis (Moore, 1854)",Cettiidae,Abroscopus,albogularis,Species,R,Whole year,217
208,Sichuan Normal University,"Phylloscopus trochiloides (Sundevall, 1837)",Phylloscopidae,Phylloscopus,trochiloides,Species,M,Whole year,9
208,Sichuan Normal University,"Zosterops japonicus (Temminck & Schlegel, 1845)",Zosteropidae,Zosterops,japonicus,Species,M,Whole year,9
208,Sichuan Normal University,"Acridotheres cristatellus (Linnaeus, 1758)",Sturnidae,Acridotheres,cristatellus,Species,R,Whole year,9
208,Sichuan Normal University,"Motacilla alba (Linnaeus, 1758)",Motacillidae,Motacilla,alba,Species,R,Whole year,9
208,Sichuan Normal University,"Garrulax sannio (Swinhoe, 1867)",Leiothrichidae,Garrulax,sannio,Species,R,Whole year,9
208,Sichuan Normal University,"Pycnonotus sinensis (Gmelin, 1789)",Pycnonotidae,Pycnonotus,sinensis,Species,R,Whole year,9
208,Sichuan Normal University,"Lonchura striata (Linnaeus, 1766)",Estrildidae,Lonchura,striata,Species,R,Whole year,9
208,Sichuan Normal University,"Turdus naumanni (Temminck, 1820)",Turdidae,Turdus,naumanni,Species,M,Whole year,9
208,Sichuan Normal University,"Phoenicurus auroreus (Pallas, 1776)",Muscicapidae,Phoenicurus,auroreus,Species,R,Whole year,9
208,Sichuan Normal University,"Accipiter gentilis (Linnaeus, 1758)",Accipitridae,Accipiter,gentilis,Species,M,Whole year,9
208,Sichuan Normal University,"Garrulax elliotii (J.Verreaux, 1870)",Leiothrichidae,Garrulax,elliotii,Species,M,Whole year,9
208,Sichuan Normal University,"Cuculus canorus (Linnaeus, 1758)",scolopacea,Cuculus,canorus,Species,M,Whole year,9
208,Sichuan Normal University,"Parus major (Linnaeus, 1758)",Paridae,Parus,major,Species,R,Whole year,9
208,Sichuan Normal University,"Upupa epops (Linnaeus, 1758)",Upupidae,Upupa,epops,Species,M,Whole year,9
208,Sichuan Normal University,"Asio flammeus (Pontoppidan, 1763)",Strigidae,Asio,flammeus,Species,M,Whole year,9
208,Sichuan Normal University,"Culicicapa ceylonensis (Swainson, 1820)",Muscicapidae,Culicicapa,ceylonensis,Species,M,Whole year,9
208,Sichuan Normal University,"Phylloscopus reguloides (Blyth, 1842)",Phylloscopidae,Phylloscopus,reguloides,Species,M,Whole year,9
208,Sichuan Normal University,"Phylloscopus fuscatus (Blyth, 1842)",Phylloscopidae,Phylloscopus,fuscatus,Species,M,Whole year,9
208,Sichuan Normal University,"Dicrurus macrocercus (Vieillot, 1817)",Dicruridae,Dicrurus,macrocercus,Species,M,Whole year,9
208,Sichuan Normal University,"Eophona personata (Temminck & Schlegel, 1848)",Fringillidae,Eophona,personata,Species,M,Whole year,9
208,Sichuan Normal University,"Eophona migratoria (Hartert, 1903)",Fringillidae,Eophona,migratoria,Species,M,Whole year,9
208,Sichuan Normal University,"Milvus migrans (Boddaert, 1783)",Accipitridae,Milvus,migrans,Species,R,Whole year,9
208,Sichuan Normal University,"Stachyris ruficeps (Blyth, 1847)",Timaliidae,Stachyris,ruficeps,Species,R,Whole year,9
208,Sichuan Normal University,"Aegithalos concinnus (Gould, 1855)",Aegithalidae,Aegithalos,concinnus,Species,R,Whole year,9
208,Sichuan Normal University,"Tarsiger cyanurus (Pallas, 1773)",Muscicapidae,Tarsiger,cyanurus,Species,M,Whole year,9
208,Sichuan Normal University,"Lanius tigrinus (Drapiez, 1828)",Laniidae,Lanius,tigrinus,Species,M,Whole year,9
208,Sichuan Normal University,"Garrulax canorus (Linnaeus, 1758)",Leiothrichidae,Garrulax,canorus,Species,R,Whole year,9
208,Sichuan Normal University,"Charadrius alexandrinus (Linnaeus, 1758)",Charadriidae,Charadrius,alexandrinus,Species,M,Whole year,9
208,Sichuan Normal University,"Phylloscopus affinis (Tickell, 1833)",Phylloscopidae,Phylloscopus,affinis,Species,M,Whole year,9
208,Sichuan Normal University,"Emberiza elegans (Temminck, 1836)",Emberizidae,Emberiza,elegans,Species,M,Whole year,9
208,Sichuan Normal University,"Motacilla citreola (Pallas, 1776)",Motacillidae,Motacilla,citreola,Species,M,Whole year,9
208,Sichuan Normal University,"Phylloscopus proregulus (Pallas, 1811)",Phylloscopidae,Phylloscopus,proregulus,Species,M,Whole year,9
208,Sichuan Normal University,"Motacilla cinerea (Tunstall, 1771)",Motacillidae,Motacilla,cinerea,Species,M,Whole year,9
208,Sichuan Normal University,"Sturnus cineraceus (Temminck, 1835)",Sturnidae,Sturnus,cineraceus,Species,M,Whole year,9
208,Sichuan Normal University,"Streptopelia tranquebarica (Hermann, 1804)",Columbidae,Streptopelia,tranquebarica,Species,R,Whole year,9
208,Sichuan Normal University,"Hirundo rustica (Linnaeus, 1758)",Laridae,Hirundo,rustica,Species,M,Whole year,9
208,Sichuan Normal University,"Troglodytes troglodytes (Linnaeus, 1758)",Troglodytidae,Troglodytes,troglodytes,Species,M,Whole year,9
208,Sichuan Normal University,"Carduelis sinica (Linnaeus, 1766)",Fringillidae,Carduelis,sinica,Species,R,Whole year,9
208,Sichuan Normal University,"Charadrius dubius (Scopoli, 1786)",Charadriidae,Charadrius,dubius,Species,M,Whole year,9
208,Sichuan Normal University,"Hirundo daurica (Laxmann, 1769)",Laridae,Hirundo,daurica,Species,M,Whole year,9
208,Sichuan Normal University,"Spizixos semitorques (Swinhoe, 1861)",Pycnonotidae,Spizixos,semitorques,Species,R,Whole year,9
208,Sichuan Normal University,"Parus monticolus (Vigors, 1831)",Paridae,Parus,monticolus,Species,M,Whole year,9
208,Sichuan Normal University,"Passer montanus (Linnaeus, 1758)",Passeridae,Passer,montanus,Species,R,Whole year,9
208,Sichuan Normal University,"Babax lanceolatus (J.Verreaux, 1870)",Muscicapidae,Babax,lanceolatus,Species,R,Whole year,9
208,Sichuan Normal University,"Alcedo atthis (Linnaeus, 1758)",Alcedinidae,Alcedo,atthis,Species,R,Whole year,9
208,Sichuan Normal University,"Buteo buteo (Linnaeus, 1758)",Accipitridae,Buteo,buteo,Species,M,Whole year,9
208,Sichuan Normal University,"Cettia fortipes (Hodgson, 1845)",Cettiidae,Cettia,fortipes,Species,M,Whole year,9
208,Sichuan Normal University,"Accipiter nisus (Linnaeus, 1758)",Accipitridae,Accipiter,nisus,Species,R,Whole year,9
208,Sichuan Normal University,"Copsychus saularis (Linnaeus, 1758)",Muscicapidae,Copsychus,saularis,Species,R,Whole year,9
208,Sichuan Normal University,"Emberiza cioides (von J.F.Brandt, 1843)",Emberizidae,Emberiza,cioides,Species,R,Whole year,9
208,Sichuan Normal University,"Streptopelia orientalis (Latham, 1790)",Columbidae,Streptopelia,orientalis,Species,M,Whole year,9
208,Sichuan Normal University,"Dendronanthus indicus (Gmelin, 1789)",Motacillidae,Dendronanthus,indicus,Species,M,Whole year,9
208,Sichuan Normal University,"Anthus hodgsoni (Richmond, 1907)",Motacillidae,Anthus,hodgsoni,Species,M,Whole year,9
208,Sichuan Normal University,"Cuculus micropterus (Gould, 1838)",scolopacea,Cuculus,micropterus,Species,M,Whole year,9
208,Sichuan Normal University,"Anthus richerdi (Vieillot, 1818)",Motacillidae,Anthus,richerdi,Species,M,Whole year,9
208,Sichuan Normal University,"Turdus merula (Linnaeus, 1758)",Turdidae,Turdus,merula,Species,R,Whole year,9
208,Sichuan Normal University,"Egretta garzetta (Linnaeus, 1766)",Ardeidae,Egretta,garzetta,Species,R,Whole year,9
208,Sichuan Normal University,"Emberiza pusilla (Pallas, 1776)",Emberizidae,Emberiza,pusilla,Species,M,Whole year,9
208,Sichuan Normal University,"Alauda gulgula (Franklin, 1831)",Alaudidae,Alauda,gulgula,Species,R,Whole year,9
208,Sichuan Normal University,"Cuculus sparverioides (Vigors, 1832)",scolopacea,Cuculus,sparverioides,Species,M,Whole year,9
208,Sichuan Normal University,"Asio otus (Linnaeus, 1758)",Strigidae,Asio,otus,Species,R,Whole year,9
208,Sichuan Normal University,"Streptopelia capicola (Sundevall, 1857)",Columbidae,Streptopelia,capicola,Species,M,Whole year,9
208,Sichuan Normal University,"Lanius schach (Linnaeus, 1758)",Laniidae,Lanius,schach,Species,R,Whole year,9
208,Sichuan Normal University,"Pomatorhinus ruficollis (Hodgson, 1836)",Timaliidae,Pomatorhinus,ruficollis,Species,R,Whole year,9
208,Sichuan Normal University,"Paradoxornis webbianus (Gould, 1852)",Paradoxornithidae,Paradoxornis,webbianus,Species,R,Whole year,9
210,"Sichuan University, Jiangan Campus","Zosterops japonicus (Temminck & Schlegel, 1845)",Zosteropidae,Zosterops,japonicus,Species,M,Whole year,123
210,"Sichuan University, Jiangan Campus","Acridotheres cristatellus (Linnaeus, 1758)",Sturnidae,Acridotheres,cristatellus,Species,R,Whole year,123
210,"Sichuan University, Jiangan Campus","Chaimarrornis leucocephalus (Vigors, 1831)",Muscicapidae,Chaimarrornis,leucocephalus,Species,M,Whole year,123
210,"Sichuan University, Jiangan Campus","Motacilla alba (Linnaeus, 1758)",Motacillidae,Motacilla,alba,Species,R,Whole year,123
210,"Sichuan University, Jiangan Campus","Garrulax sannio (Swinhoe, 1867)",Leiothrichidae,Garrulax,sannio,Species,R,Whole year,123
210,"Sichuan University, Jiangan Campus","Pycnonotus sinensis (Gmelin, 1789)",Pycnonotidae,Pycnonotus,sinensis,Species,R,Whole year,123
210,"Sichuan University, Jiangan Campus","Amaurornis phoenicurus (Pennant, 1769)",Rallidae,Amaurornis,phoenicurus,Species,M,Whole year,123
210,"Sichuan University, Jiangan Campus","Aythya nyroca (Guldenstadt, 1770)",Anatidae,Aythya,nyroca,Species,M,Whole year,123
210,"Sichuan University, Jiangan Campus","Tringa ochropus (Linnaeus, 1758)",Scolopacidae,Tringa,ochropus,Species,R,Whole year,123
210,"Sichuan University, Jiangan Campus","Lonchura striata (Linnaeus, 1766)",Estrildidae,Lonchura,striata,Species,R,Whole year,123
210,"Sichuan University, Jiangan Campus","Phoenicurus auroreus (Pallas, 1776)",Muscicapidae,Phoenicurus,auroreus,Species,R,Whole year,123
210,"Sichuan University, Jiangan Campus","Rostratula benghalensis (Linnaeus, 1758)",Rostratulidae,Rostratula,benghalensis,Species,M,Whole year,123
210,"Sichuan University, Jiangan Campus","Ardea cinerea (Linnaeus, 1758)",Ardeidae,Ardea,cinerea,Species,M,Whole year,123
210,"Sichuan University, Jiangan Campus","Ardeola bacchus (Bonaparte, 1855)",Ardeidae,Ardeola,bacchus,Species,M,Whole year,123
210,"Sichuan University, Jiangan Campus","Anas strepera (Linnaeus, 1758)",Anatidae,Anas,strepera,Species,M,Whole year,123
210,"Sichuan University, Jiangan Campus","Cuculus canorus (Linnaeus, 1758)",scolopacea,Cuculus,canorus,Species,M,Whole year,123
210,"Sichuan University, Jiangan Campus","Parus major (Linnaeus, 1758)",Paridae,Parus,major,Species,R,Whole year,123
210,"Sichuan University, Jiangan Campus","Upupa epops (Linnaeus, 1758)",Upupidae,Upupa,epops,Species,R,Whole year,123
210,"Sichuan University, Jiangan Campus","Vanellus vanellus (Linnaeus, 1758)",Charadriidae,Vanellus,vanellus,Species,M,Whole year,123
210,"Sichuan University, Jiangan Campus","Aythya fuligula (Linnaeus, 1758)",Anatidae,Aythya,fuligula,Species,M,Whole year,123
210,"Sichuan University, Jiangan Campus","Fulica atra (Linnaeus, 1758)",Rallidae,Fulica,atra,Species,M,Whole year,123
210,"Sichuan University, Jiangan Campus","Phylloscopus fuscatus (Blyth, 1842)",Phylloscopidae,Phylloscopus,fuscatus,Species,R,Whole year,123
210,"Sichuan University, Jiangan Campus","Prinia inornata (Sykes, 1832)",Cisticolidae,Prinia,inornata,Species,M,Whole year,123
210,"Sichuan University, Jiangan Campus","Dicrurus macrocercus (Vieillot, 1817)",Dicruridae,Dicrurus,macrocercus,Species,M,Whole year,123
210,"Sichuan University, Jiangan Campus","Eophona migratoria (Hartert, 1903)",Fringillidae,Eophona,migratoria,Species,R,Whole year,123
210,"Sichuan University, Jiangan Campus","Ficedula parva (Bechstein, 1792)",Muscicapidae,Ficedula,parva,Species,M,Whole year,123
210,"Sichuan University, Jiangan Campus","Aegithalos concinnus (Gould, 1855)",Aegithalidae,Aegithalos,concinnus,Species,R,Whole year,123
210,"Sichuan University, Jiangan Campus","Rhyacornis fuliginosa (Vigors, 1831)",Muscicapidae,Rhyacornis,fuliginosa,Species,R,Whole year,123
210,"Sichuan University, Jiangan Campus","Zosterops erythropleurus (Swinhoe, 1863)",Zosteropidae,Zosterops,erythropleurus,Species,M,Whole year,123
210,"Sichuan University, Jiangan Campus","Phylloscopus affinis (Tickell, 1833)",Phylloscopidae,Phylloscopus,affinis,Species,M,Whole year,123
210,"Sichuan University, Jiangan Campus","Phylloscopus proregulus (Pallas, 1811)",Phylloscopidae,Phylloscopus,proregulus,Species,R,Whole year,123
210,"Sichuan University, Jiangan Campus","Phylloscopus maculipennis (Blyth, 1867)",Phylloscopidae,Phylloscopus,maculipennis,Species,M,Whole year,123
210,"Sichuan University, Jiangan Campus","Motacilla cinerea (Tunstall, 1771)",Motacillidae,Motacilla,cinerea,Species,R,Whole year,123
210,"Sichuan University, Jiangan Campus","Sturnus cineraceus (Temminck, 1835)",Sturnidae,Sturnus,cineraceus,Species,M,Whole year,123
210,"Sichuan University, Jiangan Campus","Saxicola ferreus (J.E.Gray & G.R.Gray, 1847)",Muscicapidae,Saxicola,ferreus,Species,M,Whole year,123
210,"Sichuan University, Jiangan Campus","Emberiza spodocephala (Pallas, 1776)",Emberizidae,Emberiza,spodocephala,Species,M,Whole year,123
210,"Sichuan University, Jiangan Campus","Actitis hypoleucos (Linnaeus, 1758)",Scolopacidae,Actitis,hypoleucos,Species,R,Whole year,123
210,"Sichuan University, Jiangan Campus","Columba livia (Gmelin, 1789)",Columbidae,Columba,livia,Species,M,Whole year,123
210,"Sichuan University, Jiangan Campus","Passer domesticus (Linnaeus, 1758)",Passeridae,Passer,domesticus,Species,R,Whole year,123
210,"Sichuan University, Jiangan Campus","Hirundo rustica (Linnaeus, 1758)",Laridae,Hirundo,rustica,Species,M,Whole year,123
210,"Sichuan University, Jiangan Campus","Carduelis sinica (Linnaeus, 1766)",Fringillidae,Carduelis,sinica,Species,R,Whole year,123
210,"Sichuan University, Jiangan Campus","Charadrius dubius (Scopoli, 1786)",Charadriidae,Charadrius,dubius,Species,M,Whole year,123
210,"Sichuan University, Jiangan Campus","Hirundo daurica (Laxmann, 1769)",Laridae,Hirundo,daurica,Species,M,Whole year,123
210,"Sichuan University, Jiangan Campus","Luscinia svecica (Linnaeus, 1758)",Muscicapidae,Luscinia,svecica,Species,M,Whole year,123
210,"Sichuan University, Jiangan Campus","Ixobrychus cinnamomeus (Gmelin, 1789)",Ardeidae,Ixobrychus,cinnamomeus,Species,M,Whole year,123
210,"Sichuan University, Jiangan Campus","Parus monticolus (Vigors, 1831)",Paridae,Parus,monticolus,Species,M,Whole year,123
210,"Sichuan University, Jiangan Campus","Butorides striata (Linnaeus, 1758)",Ardeidae,Butorides,striata,Species,M,Whole year,123
210,"Sichuan University, Jiangan Campus","Anas platyrhynchos (Linnaeus, 1758)",Anatidae,Anas,platyrhynchos,Species,M,Whole year,123
210,"Sichuan University, Jiangan Campus","Alcedo atthis (Linnaeus, 1758)",Alcedinidae,Alcedo,atthis,Species,R,Whole year,123
210,"Sichuan University, Jiangan Campus","Buteo buteo (Linnaeus, 1758)",Accipitridae,Buteo,buteo,Species,M,Whole year,123
210,"Sichuan University, Jiangan Campus","Phalacrocorax carbo (Linnaeus, 1758)",Phalacrocoracidae,Phalacrocorax,carbo,Species,R,Whole year,123
210,"Sichuan University, Jiangan Campus","Copsychus saularis (Linnaeus, 1758)",Muscicapidae,Copsychus,saularis,Species,R,Whole year,123
210,"Sichuan University, Jiangan Campus","Streptopelia orientalis (Latham, 1790)",Columbidae,Streptopelia,orientalis,Species,M,Whole year,123
210,"Sichuan University, Jiangan Campus","Gallinago gallinago (Linnaeus, 1758)",Scolopacidae,Gallinago,gallinago,Species,M,Whole year,123
210,"Sichuan University, Jiangan Campus","Terpsiphone paradisi (Linnaeus, 1758)",Monarchidae,Terpsiphone,paradisi,Species,M,Whole year,123
210,"Sichuan University, Jiangan Campus","Anthus hodgsoni (Richmond, 1907)",Motacillidae,Anthus,hodgsoni,Species,M,Whole year,123
210,"Sichuan University, Jiangan Campus","Anthus spinoletta (Linnaeus, 1758)",Motacillidae,Anthus,spinoletta,Species,M,Whole year,123
210,"Sichuan University, Jiangan Campus","Sturnus sericeus (Gmelin, 1789)",Sturnidae,Sturnus,sericeus,Species,R,Whole year,123
210,"Sichuan University, Jiangan Campus","Turdus merula (Linnaeus, 1758)",Turdidae,Turdus,merula,Species,R,Whole year,123
210,"Sichuan University, Jiangan Campus","Pica pica (Linnaeus, 1758)",Corvidae,Pica,pica,Species,R,Whole year,123
210,"Sichuan University, Jiangan Campus","Tachybaptus ruficollis (Pallas, 1764)",Podicipedidae,Tachybaptus,ruficollis,Species,M,Whole year,123
210,"Sichuan University, Jiangan Campus","Egretta garzetta (Linnaeus, 1766)",Ardeidae,Egretta,garzetta,Species,R,Whole year,123
210,"Sichuan University, Jiangan Campus","Apus affinis (J.E.Gray, 1830)",Apodidae,Apus,affinis,Species,M,Whole year,123
210,"Sichuan University, Jiangan Campus","Emberiza pusilla (Pallas, 1776)",Emberizidae,Emberiza,pusilla,Species,M,Whole year,123
210,"Sichuan University, Jiangan Campus","Fringilla montifringilla (Linnaeus, 1758)",Fringillidae,Fringilla,montifringilla,Species,M,Whole year,123
210,"Sichuan University, Jiangan Campus","Nycticorax nycticorax (Linnaeus, 1758)",Ardeidae,Nycticorax,nycticorax,Species,R,Whole year,123
210,"Sichuan University, Jiangan Campus","Asio otus (Linnaeus, 1758)",Strigidae,Asio,otus,Species,R,Whole year,123
210,"Sichuan University, Jiangan Campus","Charadrius placidus (J.E.Gray & G.R.Gray, 1863)",Charadriidae,Charadrius,placidus,Species,M,Whole year,123
210,"Sichuan University, Jiangan Campus","Streptopelia capicola (Sundevall, 1857)",Columbidae,Streptopelia,capicola,Species,R,Whole year,123
210,"Sichuan University, Jiangan Campus","Lanius schach (Linnaeus, 1758)",Laniidae,Lanius,schach,Species,R,Whole year,123
210,"Sichuan University, Jiangan Campus","Phylloscopus subaffinis (Ogilvie-Grant, 1900)",Phylloscopidae,Phylloscopus,subaffinis,Species,M,Whole year,123
210,"Sichuan University, Jiangan Campus","Cisticola juncidis (Rafinesque, 1810)",Cisticolidae,Cisticola,juncidis,Species,R,Whole year,123
210,"Sichuan University, Jiangan Campus","Paradoxornis webbianus (Gould, 1852)",Paradoxornithidae,Paradoxornis,webbianus,Species,R,Whole year,123
213,South China Agricultural University,"Coracina melaschistos (Hodgson, 1836)",Campephagidae,Coracina,melaschistos,Species,M,Whole year,190
213,South China Agricultural University,"Zosterops japonicus (Temminck & Schlegel, 1845)",Zosteropidae,Zosterops,japonicus,Species,R,Whole year,190
213,South China Agricultural University,"Acridotheres cristatellus (Linnaeus, 1758)",Sturnidae,Acridotheres,cristatellus,Species,R,Whole year,190
213,South China Agricultural University,"Turdus pallidus (Gmelin, 1789)",Turdidae,Turdus,pallidus,Species,M,Whole year,190
213,South China Agricultural University,"Pycnonotus aurigaster (Vieillot, 1818)",Pycnonotidae,Pycnonotus,aurigaster,Species,R,Whole year,190
213,South China Agricultural University,"Motacilla alba (Linnaeus, 1758)",Motacillidae,Motacilla,alba,Species,R,Whole year,190
213,South China Agricultural University,"Pycnonotus sinensis (Gmelin, 1789)",Pycnonotidae,Pycnonotus,sinensis,Species,R,Whole year,190
213,South China Agricultural University,"Lonchura punctulata (Linnaeus, 1758)",Estrildidae,Lonchura,punctulata,Species,R,Whole year,190
213,South China Agricultural University,"Parus major (Linnaeus, 1758)",Paridae,Parus,major,Species,R,Whole year,190
213,South China Agricultural University,"Centropus sinensis (Stephens, 1815)",Cuculidae,Centropus,sinensis,Species,R,Whole year,190
213,South China Agricultural University,"Phylloscopus fuscatus (Blyth, 1842)",Phylloscopidae,Phylloscopus,fuscatus,Species,M,Whole year,190
213,South China Agricultural University,"Prinia subflava (Gmelin, 1789)",Cisticolidae,Prinia,subflava,Species,R,Whole year,190
213,South China Agricultural University,"Saxicola torquatus (Linnaeus, 1766)",Muscicapidae,Saxicola,torquatus,Species,M,Whole year,190
213,South China Agricultural University,"Garrulax perspicillatus (Gmelin, 1789)",Leiothrichidae,Garrulax,perspicillatus,Species,R,Whole year,190
213,South China Agricultural University,"Sturnus nigricollis (Paykull, 1807)",Sturnidae,Sturnus,nigricollis,Species,R,Whole year,190
213,South China Agricultural University,"Eophona personata (Temminck & Schlegel, 1848)",Fringillidae,Eophona,personata,Species,M,Whole year,190
213,South China Agricultural University,"Oriolus chinensis (Linnaeus, 1766)",Oriolidae,Oriolus,chinensis,Species,M,Whole year,190
213,South China Agricultural University,"Pycnonotus jocosus (Linnaeus, 1758)",Pycnonotidae,Pycnonotus,jocosus,Species,R,Whole year,190
213,South China Agricultural University,"Falco tinnunculus (Linnaeus, 1758)",Falconidae,Falco,tinnunculus,Species,M,Whole year,190
213,South China Agricultural University,"Prinia flaviventris (Delessert, 1840)",Cisticolidae,Prinia,flaviventris,Species,R,Whole year,190
213,South China Agricultural University,"Phylloscopus inornatus (Blyth, 1842)",Phylloscopidae,Phylloscopus,inornatus,Species,M,Whole year,190
213,South China Agricultural University,"Phylloscopus proregulus (Pallas, 1811)",Phylloscopidae,Phylloscopus,proregulus,Species,M,Whole year,190
213,South China Agricultural University,"Turdus hortulorum (P.L.Sclater, 1863)",Turdidae,Turdus,hortulorum,Species,M,Whole year,190
213,South China Agricultural University,"Motacilla cinerea (Tunstall, 1771)",Motacillidae,Motacilla,cinerea,Species,M,Whole year,190
213,South China Agricultural University,"Emberiza spodocephala (Pallas, 1776)",Emberizidae,Emberiza,spodocephala,Species,M,Whole year,190
213,South China Agricultural University,"Phylloscopus borealis (J.H.Blasius, 1858)",Phylloscopidae,Phylloscopus,borealis,Species,M,Whole year,190
213,South China Agricultural University,"Hirundo rustica (Linnaeus, 1758)",Laridae,Hirundo,rustica,Species,M,Whole year,190
213,South China Agricultural University,"Hemixos castanonotus (Swinhoe, 1870)",Pycnonotidae,Hemixos,castanonotus,Species,R,Whole year,190
213,South China Agricultural University,"Urosphena squameiceps (Swinhoe, 1863)",Cettiidae,Urosphena,squameiceps,Species,M,Whole year,190
213,South China Agricultural University,"Passer montanus (Linnaeus, 1758)",Passeridae,Passer,montanus,Species,R,Whole year,190
213,South China Agricultural University,"Copsychus saularis (Linnaeus, 1758)",Muscicapidae,Copsychus,saularis,Species,R,Whole year,190
213,South China Agricultural University,"Streptopelia orientalis (Latham, 1790)",Columbidae,Streptopelia,orientalis,Species,M,Whole year,190
213,South China Agricultural University,"Anthus hodgsoni (Richmond, 1907)",Motacillidae,Anthus,hodgsoni,Species,M,Whole year,190
213,South China Agricultural University,"Sturnus sericeus (Gmelin, 1789)",Sturnidae,Sturnus,sericeus,Species,M,Whole year,190
213,South China Agricultural University,"Anthus novaeseelandiae (Gmelin, 1789)",Motacillidae,Anthus,novaeseelandiae,Species,M,Whole year,190
213,South China Agricultural University,"Turdus boulboul (Latham, 1790)",Turdidae,Turdus,boulboul,Species,M,Whole year,190
213,South China Agricultural University,"Eudynamys scolopaceus (Linnaeus, 1758)",Cuculidae,Eudynamys,scolopaceus,Species,R,Whole year,190
213,South China Agricultural University,"Orthotomus sutorius (Pennant, 1769)",Cisticolidae,Orthotomus,sutorius,Species,R,Whole year,190
213,South China Agricultural University,"Streptopelia capicola (Sundevall, 1857)",Columbidae,Streptopelia,capicola,Species,R,Whole year,190
213,South China Agricultural University,"Myophonus caeruleus (Scopoli, 1786)",Muscicapidae,Myophonus,caeruleus,Species,R,Whole year,190
213,South China Agricultural University,"Lanius schach (Linnaeus, 1758)",Laniidae,Lanius,schach,Species,R,Whole year,190
217,Southwest University,"Phylloscopus trochiloides (Sundevall, 1837)",Phylloscopidae,Phylloscopus,trochiloides,Species,M,Whole year,265
217,Southwest University,"Zosterops japonicus (Temminck & Schlegel, 1845)",Zosteropidae,Zosterops,japonicus,Species,M,Whole year,265
217,Southwest University,"Acridotheres cristatellus (Linnaeus, 1758)",Sturnidae,Acridotheres,cristatellus,Species,R,Whole year,265
217,Southwest University,"Chaimarrornis leucocephalus (Vigors, 1831)",Muscicapidae,Chaimarrornis,leucocephalus,Species,R,Whole year,265
217,Southwest University,"Motacilla alba (Linnaeus, 1758)",Motacillidae,Motacilla,alba,Species,R,Whole year,265
217,Southwest University,"Garrulax sannio (Swinhoe, 1867)",Leiothrichidae,Garrulax,sannio,Species,R,Whole year,265
217,Southwest University,"Egretta garzetta (Linnaeus, 1766)",Ardeidae,Egretta,garzetta,Species,R,Whole year,265
217,Southwest University,"Pycnonotus sinensis (Gmelin, 1789)",Pycnonotidae,Pycnonotus,sinensis,Species,R,Whole year,265
217,Southwest University,"Tringa ochropus (Linnaeus, 1758)",Scolopacidae,Tringa,ochropus,Species,M,Whole year,265
217,Southwest University,"Lonchura striata (Linnaeus, 1766)",Estrildidae,Lonchura,striata,Species,R,Whole year,265
217,Southwest University,"Glaucidium cuculoides (Vigors, 1831)",Strigidae,Glaucidium,cuculoides,Species,R,Whole year,265
217,Southwest University,"Lonchura punctulata (Linnaeus, 1758)",Estrildidae,Lonchura,punctulata,Species,R,Whole year,265
217,Southwest University,"Phoenicurus auroreus (Pallas, 1776)",Muscicapidae,Phoenicurus,auroreus,Species,M,Whole year,265
217,Southwest University,"Ardea cinerea (Linnaeus, 1758)",Ardeidae,Ardea,cinerea,Species,R,Whole year,265
217,Southwest University,"Dendrocopos major (Linnaeus, 1758)",Picidae,Dendrocopos,major,Species,R,Whole year,265
217,Southwest University,"Cuculus canorus (Linnaeus, 1758)",scolopacea,Cuculus,canorus,Species,M,Whole year,265
217,Southwest University,"Parus major (Linnaeus, 1758)",Paridae,Parus,major,Species,R,Whole year,265
217,Southwest University,"Corvus macrorhynchos (Wagler, 1827)",Corvidae,Corvus,macrorhynchos,Species,R,Whole year,265
217,Southwest University,"Upupa epops (Linnaeus, 1758)",Upupidae,Upupa,epops,Species,M,Whole year,265
217,Southwest University,"Asio flammeus (Pontoppidan, 1763)",Strigidae,Asio,flammeus,Species,M,Whole year,265
217,Southwest University,"Dicrurus hottentottus (Linnaeus, 1766)",Dicruridae,Dicrurus,hottentottus,Species,M,Whole year,265
217,Southwest University,"Anthus roseatus (Blyth, 1847)",Motacillidae,Anthus,roseatus,Species,R,Whole year,265
217,Southwest University,"Megaceryle lugubris (Temminck, 1834)",Alcedinidae,Megaceryle,lugubris,Species,R,Whole year,265
217,Southwest University,"Prinia polychroa (Temminck, 1828)",Cisticolidae,Prinia,polychroa,Species,R,Whole year,265
217,Southwest University,"Prinia subflava (Gmelin, 1789)",Cisticolidae,Prinia,subflava,Species,R,Whole year,265
217,Southwest University,"Enicurus leschenaulti (Vieillot, 1818)",Emberizidae,Enicurus,leschenaulti,Species,R,Whole year,265
217,Southwest University,"Hypsipetes leucocephalus (Gmelin, 1789)",Pycnonotidae,Hypsipetes,leucocephalus,Species,R,Whole year,265
217,Southwest University,"Parus rubidiventris (Blyth, 1847)",Paridae,Parus,rubidiventris,Species,R,Whole year,265
217,Southwest University,"Dicrurus macrocercus (Vieillot, 1817)",Dicruridae,Dicrurus,macrocercus,Species,M,Whole year,265
217,Southwest University,"Eophona migratoria (Hartert, 1903)",Fringillidae,Eophona,migratoria,Species,M,Whole year,265
217,Southwest University,"Milvus migrans (Boddaert, 1783)",Accipitridae,Milvus,migrans,Species,R,Whole year,265
217,Southwest University,"Oriolus chinensis (Linnaeus, 1766)",Oriolidae,Oriolus,chinensis,Species,M,Whole year,265
217,Southwest University,"Picus canus (Gmelin, 1788)",Picidae,Picus,canus,Species,R,Whole year,265
217,Southwest University,"Falco tinnunculus (Linnaeus, 1758)",Falconidae,Falco,tinnunculus,Species,R,Whole year,265
217,Southwest University,"Stachyris ruficeps (Blyth, 1847)",Timaliidae,Stachyris,ruficeps,Species,R,Whole year,265
217,Southwest University,"Aegithalos concinnus (Gould, 1855)",Aegithalidae,Aegithalos,concinnus,Species,R,Whole year,265
217,Southwest University,"Lanius cristatus (Linnaeus, 1758)",Laniidae,Lanius,cristatus,Species,M,Whole year,265
217,Southwest University,"Rhyacornis fuliginosa (Vigors, 1831)",Muscicapidae,Rhyacornis,fuliginosa,Species,R,Whole year,265
217,Southwest University,"Tarsiger cyanurus (Pallas, 1773)",Muscicapidae,Tarsiger,cyanurus,Species,M,Whole year,265
217,Southwest University,"Urocissa erythrorhyncha (Boddaert, 1783)",Corvidae,Urocissa,erythrorhyncha,Species,R,Whole year,265
217,Southwest University,"Lanius tigrinus (Drapiez, 1828)",Laniidae,Lanius,tigrinus,Species,M,Whole year,265
217,Southwest University,"Garrulax canorus (Linnaeus, 1758)",Leiothrichidae,Garrulax,canorus,Species,R,Whole year,265
217,Southwest University,"Charadrius alexandrinus (Linnaeus, 1758)",Charadriidae,Charadrius,alexandrinus,Species,M,Whole year,265
217,Southwest University,"Phasianus colchicus (Linnaeus, 1758)",Jacanidae,Phasianus,colchicus,Species,R,Whole year,265
217,Southwest University,"Phylloscopus affinis (Tickell, 1833)",Phylloscopidae,Phylloscopus,affinis,Species,M,Whole year,265
217,Southwest University,"Parus venustulus (R. Swinhoe, 1870)",Paridae,Parus,venustulus,Species,R,Whole year,265
217,Southwest University,"Motacilla citreola (Pallas, 1776)",Motacillidae,Motacilla,citreola,Species,M,Whole year,265
217,Southwest University,"Pycnonotus xanthorrhous (Anderson, 1869)",Pycnonotidae,Pycnonotus,xanthorrhous,Species,R,Whole year,265
217,Southwest University,"Phylloscopus proregulus (Pallas, 1811)",Phylloscopidae,Phylloscopus,proregulus,Species,M,Whole year,265
217,Southwest University,"Motacilla cinerea (Tunstall, 1771)",Motacillidae,Motacilla,cinerea,Species,M,Whole year,265
217,Southwest University,"Dicrurus leucophaeus (Vieillot, 1817)",Dicruridae,Dicrurus,leucophaeus,Species,M,Whole year,265
217,Southwest University,"Sturnus cineraceus (Temminck, 1835)",Sturnidae,Sturnus,cineraceus,Species,M,Whole year,265
217,Southwest University,"Bambusicola thoracicus (Temminck, 1815)",Phasianidae,Bambusicola,thoracicus,Species,R,Whole year,265
217,Southwest University,"Hirundo rustica (Linnaeus, 1758)",Laridae,Hirundo,rustica,Species,M,Whole year,265
217,Southwest University,"Carduelis sinica (Linnaeus, 1766)",Fringillidae,Carduelis,sinica,Species,R,Whole year,265
217,Southwest University,"Charadrius dubius (Scopoli, 1786)",Charadriidae,Charadrius,dubius,Species,M,Whole year,265
217,Southwest University,"Hirundo daurica (Laxmann, 1769)",Laridae,Hirundo,daurica,Species,M,Whole year,265
217,Southwest University,"Halcyon pileata (Boddaert, 1783)",Alcedinidae,Halcyon,pileata,Species,M,Whole year,265
217,Southwest University,"Spizixos semitorques (Swinhoe, 1861)",Pycnonotidae,Spizixos,semitorques,Species,R,Whole year,265
217,Southwest University,"Parus monticolus (Vigors, 1831)",Paridae,Parus,monticolus,Species,R,Whole year,265
217,Southwest University,"Hypsipetes mcclellandii (Horsfield, 1840)",Pycnonotidae,Hypsipetes,mcclellandii,Species,R,Whole year,265
217,Southwest University,"Passer montanus (Linnaeus, 1758)",Passeridae,Passer,montanus,Species,R,Whole year,265
217,Southwest University,"Parus ater (Linnaeus, 1758)",Paridae,Parus,ater,Species,R,Whole year,265
217,Southwest University,"Alcedo atthis (Linnaeus, 1758)",Alcedinidae,Alcedo,atthis,Species,R,Whole year,265
217,Southwest University,"Buteo buteo (Linnaeus, 1758)",Accipitridae,Buteo,buteo,Species,M,Whole year,265
217,Southwest University,"Cettia fortipes (Hodgson, 1845)",Cettiidae,Cettia,fortipes,Species,M,Whole year,265
217,Southwest University,"Scolopax rusticola (Linnaeus, 1758)",Scolopacidae,Scolopax,rusticola,Species,M,Whole year,265
217,Southwest University,"Accipiter nisus (Linnaeus, 1758)",Accipitridae,Accipiter,nisus,Species,M,Whole year,265
217,Southwest University,"Copsychus saularis (Linnaeus, 1758)",Muscicapidae,Copsychus,saularis,Species,R,Whole year,265
217,Southwest University,"Emberiza cioides (von J.F.Brandt, 1843)",Emberizidae,Emberiza,cioides,Species,R,Whole year,265
217,Southwest University,"Streptopelia orientalis (Latham, 1790)",Columbidae,Streptopelia,orientalis,Species,R,Whole year,265
217,Southwest University,"Dendronanthus indicus (Gmelin, 1789)",Motacillidae,Dendronanthus,indicus,Species,M,Whole year,265
217,Southwest University,"Terpsiphone paradisi (Linnaeus, 1758)",Monarchidae,Terpsiphone,paradisi,Species,M,Whole year,265
217,Southwest University,"Anthus hodgsoni (Richmond, 1907)",Motacillidae,Anthus,hodgsoni,Species,M,Whole year,265
217,Southwest University,"Sturnus sericeus (Gmelin, 1789)",Sturnidae,Sturnus,sericeus,Species,R,Whole year,265
217,Southwest University,"Cuculus micropterus (Gould, 1838)",scolopacea,Cuculus,micropterus,Species,M,Whole year,265
217,Southwest University,"Accipiter virgatus (Temminck, 1822)",Accipitridae,Accipiter,virgatus,Species,R,Whole year,265
217,Southwest University,"Garrulus glandarius (Linnaeus, 1758)",Corvidae,Garrulus,glandarius,Species,R,Whole year,265
217,Southwest University,"Turdus merula (Linnaeus, 1758)",Turdidae,Turdus,merula,Species,R,Whole year,265
217,Southwest University,"Coccothraustes coccothraustes (Linnaeus, 1758)",Fringillidae,Coccothraustes,coccothraustes,Species,M,Whole year,265
217,Southwest University,"Pica pica (Linnaeus, 1758)",Corvidae,Pica,pica,Species,R,Whole year,265
217,Southwest University,"Tachybaptus ruficollis (Pallas, 1764)",Podicipedidae,Tachybaptus,ruficollis,Species,R,Whole year,265
217,Southwest University,"Emberiza pusilla (Pallas, 1776)",Emberizidae,Emberiza,pusilla,Species,M,Whole year,265
217,Southwest University,"Enicurus scouleri (Vigors, 1832)",Emberizidae,Enicurus,scouleri,Species,R,Whole year,265
217,Southwest University,"Alauda gulgula (Franklin, 1831)",Alaudidae,Alauda,gulgula,Species,R,Whole year,265
217,Southwest University,"Pomatorhinus erythrogenys (Vigors, 1832)",Timaliidae,Pomatorhinus,erythrogenys,Species,R,Whole year,265
217,Southwest University,"Fringilla montifringilla (Linnaeus, 1758)",Fringillidae,Fringilla,montifringilla,Species,M,Whole year,265
217,Southwest University,"Cuculus sparverioides (Vigors, 1832)",scolopacea,Cuculus,sparverioides,Species,M,Whole year,265
217,Southwest University,"Eudynamys scolopaceus (Linnaeus, 1758)",Cuculidae,Eudynamys,scolopaceus,Species,M,Whole year,265
217,Southwest University,"Streptopelia capicola (Sundevall, 1857)",Columbidae,Streptopelia,capicola,Species,R,Whole year,265
217,Southwest University,"Myophonus caeruleus (Scopoli, 1786)",Muscicapidae,Myophonus,caeruleus,Species,M,Whole year,265
217,Southwest University,"Lanius schach (Linnaeus, 1758)",Laniidae,Lanius,schach,Species,R,Whole year,265
217,Southwest University,"Dendrocopos hyperythrus (Vigors, 1831)",Picidae,Dendrocopos,hyperythrus,Species,M,Whole year,265
217,Southwest University,"Pomatorhinus ruficollis (Hodgson, 1836)",Timaliidae,Pomatorhinus,ruficollis,Species,R,Whole year,265
217,Southwest University,"Abroscopus albogularis (Moore, 1854)",Cettiidae,Abroscopus,albogularis,Species,R,Whole year,265
217,Southwest University,"Paradoxornis webbianus (Gould, 1852)",Paradoxornithidae,Paradoxornis,webbianus,Species,R,Whole year,265
221,Southwest Minzu University,"Aegithalos concinnus (Gould, 1855)",Aegithalidae,Aegithalos,concinnus,Species,R,Spring,235
221,Southwest Minzu University,"Copsychus saularis (Linnaeus, 1758)",Muscicapidae,Copsychus,saularis,Species,M,Spring,235
221,Southwest Minzu University,"Cuculus micropterus (Gould, 1838)",scolopacea,Cuculus,micropterus,Species,M,Spring,235
221,Southwest Minzu University,"Eophona migratoria (Hartert, 1903)",Fringillidae,Eophona,migratoria,Species,M,Spring,235
221,Southwest Minzu University,"Garrulax sannio (Swinhoe, 1867)",Leiothrichidae,Garrulax,sannio,Species,R,Spring,235
221,Southwest Minzu University,"Motacilla alba (Linnaeus, 1758)",Motacillidae,Motacilla,alba,Species,R,Spring,235
221,Southwest Minzu University,"Paradoxornis alphonsianus (J.Verreaux, 1870)",Paradoxornithidae,Paradoxornis,alphonsianus,Species,R,Spring,235
221,Southwest Minzu University,"Passer montanus (Linnaeus, 1758)",Passeridae,Passer,montanus,Species,R,Spring,235
221,Southwest Minzu University,"Pycnonotus sinensis (Gmelin, 1789)",Pycnonotidae,Pycnonotus,sinensis,Species,R,Spring,235
221,Southwest Minzu University,"Seicercus burkii (Burton, 1836)",Muscicapidae,Seicercus,burkii,Species,M,Spring,235
221,Southwest Minzu University,"Streptopelia capicola (Sundevall, 1857)",Columbidae,Streptopelia,capicola,Species,R,Spring,235
221,Southwest Minzu University,"Streptopelia orientalis (Latham, 1790)",Columbidae,Streptopelia,orientalis,Species,R,Spring,235
221,Southwest Minzu University,"Turdus merula (Linnaeus, 1758)",Turdidae,Turdus,merula,Species,R,Spring,235
240,Ulanqab Medical College,"Passer montanus (Linnaeus, 1758)",Passeridae,Passer,montanus,Species,R,Whole year,133
240,Ulanqab Medical College,"Pica pica (Linnaeus, 1758)",Corvidae,Pica,pica,Species,R,Whole year,133
240,Ulanqab Medical College,"Carduelis sinica (Linnaeus, 1766)",Fringillidae,Carduelis,sinica,Species,R,Whole year,133
240,Ulanqab Medical College,"Hirundo rustica (Linnaeus, 1758)",Laridae,Hirundo,rustica,Species,M,Whole year,133
240,Ulanqab Medical College,"Parus major (Linnaeus, 1758)",Paridae,Parus,major,Species,R,Whole year,133
240,Ulanqab Medical College,"Emberiza pusilla (Pallas, 1776)",Emberizidae,Emberiza,pusilla,Species,M,Whole year,133
240,Ulanqab Medical College,"Coccothraustes coccothraustes (Linnaeus, 1758)",Fringillidae,Coccothraustes,coccothraustes,Species,R,Whole year,133
240,Ulanqab Medical College,"Streptopelia decaocto (Frivaldszky, 1838)",Columbidae,Streptopelia,decaocto,Species,R,Whole year,133
240,Ulanqab Medical College,"Ficedula albicilla (Pallas, 1811)",Muscicapidae,Ficedula,albicilla,Species,M,Whole year,133
240,Ulanqab Medical College,"Lanius cristatus (Linnaeus, 1758)",Laniidae,Lanius,cristatus,Species,M,Whole year,133
241,Ulanqab Vocational College,"Passer montanus (Linnaeus, 1758)",Passeridae,Passer,montanus,Species,R,Whole year,133
241,Ulanqab Vocational College,"Pica pica (Linnaeus, 1758)",Corvidae,Pica,pica,Species,R,Whole year,133
241,Ulanqab Vocational College,"Coccothraustes coccothraustes (Linnaeus, 1758)",Fringillidae,Coccothraustes,coccothraustes,Species,R,Whole year,133
241,Ulanqab Vocational College,"Carduelis sinica (Linnaeus, 1766)",Fringillidae,Carduelis,sinica,Species,R,Whole year,133
241,Ulanqab Vocational College,"Lanius cristatus (Linnaeus, 1758)",Laniidae,Lanius,cristatus,Species,M,Whole year,133
241,Ulanqab Vocational College,"Emberiza pusilla (Pallas, 1776)",Emberizidae,Emberiza,pusilla,Species,M,Whole year,133
241,Ulanqab Vocational College,"Turdus naumanni (Temminck, 1820)",Turdidae,Turdus,naumanni,Species,M,Whole year,133
241,Ulanqab Vocational College,"Hirundo rustica (Linnaeus, 1758)",Laridae,Hirundo,rustica,Species,M,Whole year,133
241,Ulanqab Vocational College,"Streptopelia decaocto (Frivaldszky, 1838)",Columbidae,Streptopelia,decaocto,Species,R,Whole year,133
241,Ulanqab Vocational College,"Ficedula albicilla (Pallas, 1811)",Muscicapidae,Ficedula,albicilla,Species,M,Whole year,133
241,Ulanqab Vocational College,"Corvus dauuricus (Pallas, 1776)",Corvidae,Corvus,dauuricus,Species,R,Whole year,133
241,Ulanqab Vocational College,"Phylloscopus proregulus (Pallas, 1811)",Phylloscopidae,Phylloscopus,proregulus,Species,M,Whole year,133
241,Ulanqab Vocational College,"Phoenicurus auroreus (Pallas, 1776)",Muscicapidae,Phoenicurus,auroreus,Species,M,Whole year,133
247,West Anhui University,"Acridotheres cristatellus (Linnaeus, 1758)",Sturnidae,Acridotheres,cristatellus,Species,R,Whole year,141
247,West Anhui University,"Motacilla alba (Linnaeus, 1758)",Motacillidae,Motacilla,alba,Species,R,Whole year,141
247,West Anhui University,"Egretta garzetta (Linnaeus, 1766)",Ardeidae,Egretta,garzetta,Species,M,Whole year,141
247,West Anhui University,"Pycnonotus sinensis (Gmelin, 1789)",Pycnonotidae,Pycnonotus,sinensis,Species,R,Whole year,141
247,West Anhui University,"Tringa ochropus (Linnaeus, 1758)",Scolopacidae,Tringa,ochropus,Species,M,Whole year,141
247,West Anhui University,"Ardea purpurea (Linnaeus, 1766)",Ardeidae,Ardea,purpurea,Species,M,Whole year,141
247,West Anhui University,"Ardeola bacchus (Bonaparte, 1855)",Ardeidae,Ardeola,bacchus,Species,M,Whole year,141
247,West Anhui University,"Egretta alba (Linnaeus, 1758)",Ardeidae,Egretta,alba,Species,M,Whole year,141
247,West Anhui University,"Dendrocopos major (Linnaeus, 1758)",Picidae,Dendrocopos,major,Species,R,Whole year,141
247,West Anhui University,"Cuculus canorus (Linnaeus, 1758)",scolopacea,Cuculus,canorus,Species,M,Whole year,141
247,West Anhui University,"Parus major (Linnaeus, 1758)",Paridae,Parus,major,Species,R,Whole year,141
247,West Anhui University,"Corvus macrorhynchos (Wagler, 1827)",Corvidae,Corvus,macrorhynchos,Species,R,Whole year,141
247,West Anhui University,"Upupa epops (Linnaeus, 1758)",Upupidae,Upupa,epops,Species,R,Whole year,141
247,West Anhui University,"Dicrurus hottentottus (Linnaeus, 1766)",Dicruridae,Dicrurus,hottentottus,Species,M,Whole year,141
247,West Anhui University,"Phylloscopus reguloides (Blyth, 1842)",Phylloscopidae,Phylloscopus,reguloides,Species,M,Whole year,141
247,West Anhui University,"Dicrurus macrocercus (Vieillot, 1817)",Dicruridae,Dicrurus,macrocercus,Species,R,Whole year,141
247,West Anhui University,"Garrulax perspicillatus (Gmelin, 1789)",Leiothrichidae,Garrulax,perspicillatus,Species,R,Whole year,141
247,West Anhui University,"Gallinula chloropus (Linnaeus, 1758)",Rallidae,Gallinula,chloropus,Species,M,Whole year,141
247,West Anhui University,"Eophona migratoria (Hartert, 1903)",Fringillidae,Eophona,migratoria,Species,M,Whole year,141
247,West Anhui University,"Milvus migrans (Boddaert, 1783)",Accipitridae,Milvus,migrans,Species,R,Whole year,141
247,West Anhui University,"Oriolus chinensis (Linnaeus, 1766)",Oriolidae,Oriolus,chinensis,Species,M,Whole year,141
247,West Anhui University,"Tringa totanus (Linnaeus, 1758)",Scolopacidae,Tringa,totanus,Species,M,Whole year,141
247,West Anhui University,"Aegithalos concinnus (Gould, 1855)",Aegithalidae,Aegithalos,concinnus,Species,R,Whole year,141
247,West Anhui University,"Lanius cristatus (Linnaeus, 1758)",Laniidae,Lanius,cristatus,Species,M,Whole year,141
247,West Anhui University,"Melopsittacus undulatus (Shaw, 1805)",Psittaculidae,Melopsittacus,undulatus,Species,R,Whole year,141
247,West Anhui University,"Garrulax canorus (Linnaeus, 1758)",Leiothrichidae,Garrulax,canorus,Species,R,Whole year,141
247,West Anhui University,"Phasianus colchicus (Linnaeus, 1758)",Jacanidae,Phasianus,colchicus,Species,R,Whole year,141
247,West Anhui University,"Carduelis spinus (Linnaeus, 1758)",Fringillidae,Carduelis,spinus,Species,M,Whole year,141
247,West Anhui University,"Motacilla cinerea (Tunstall, 1771)",Motacillidae,Motacilla,cinerea,Species,M,Whole year,141
247,West Anhui University,"Sturnus cineraceus (Temminck, 1835)",Sturnidae,Sturnus,cineraceus,Species,M,Whole year,141
247,West Anhui University,"Cyanopica cyanus (Pallas, 1776)",Corvidae,Cyanopica,cyanus,Species,R,Whole year,141
247,West Anhui University,"Streptopelia tranquebarica (Hermann, 1804)",Columbidae,Streptopelia,tranquebarica,Species,M,Whole year,141
247,West Anhui University,"Hirundo rustica (Linnaeus, 1758)",Laridae,Hirundo,rustica,Species,M,Whole year,141
247,West Anhui University,"Charadrius hiaticula (Linnaeus, 1758)",Charadriidae,Charadrius,hiaticula,Species,M,Whole year,141
247,West Anhui University,"Hirundo daurica (Laxmann, 1769)",Laridae,Hirundo,daurica,Species,M,Whole year,141
247,West Anhui University,"Spizixos semitorques (Swinhoe, 1861)",Pycnonotidae,Spizixos,semitorques,Species,R,Whole year,141
247,West Anhui University,"Passer montanus (Linnaeus, 1758)",Passeridae,Passer,montanus,Species,R,Whole year,141
247,West Anhui University,"Bubulcus ibis (Linnaeus, 1758)",Ardeidae,Bubulcus,ibis,Species,M,Whole year,141
247,West Anhui University,"Alcedo atthis (Linnaeus, 1758)",Alcedinidae,Alcedo,atthis,Species,R,Whole year,141
247,West Anhui University,"Tringa nebularia (Gunnerus, 1767)",Scolopacidae,Tringa,nebularia,Species,M,Whole year,141
247,West Anhui University,"Emberiza cioides (von J.F.Brandt, 1843)",Emberizidae,Emberiza,cioides,Species,R,Whole year,141
247,West Anhui University,"Passer rutilans (Temminck, 1836)",Passeridae,Passer,rutilans,Species,R,Whole year,141
247,West Anhui University,"Gallinago gallinago (Linnaeus, 1758)",Scolopacidae,Gallinago,gallinago,Species,M,Whole year,141
247,West Anhui University,"Sturnus sericeus (Gmelin, 1789)",Sturnidae,Sturnus,sericeus,Species,R,Whole year,141
247,West Anhui University,"Cuculus micropterus (Gould, 1838)",scolopacea,Cuculus,micropterus,Species,M,Whole year,141
247,West Anhui University,"Turdus merula (Linnaeus, 1758)",Turdidae,Turdus,merula,Species,R,Whole year,141
247,West Anhui University,"Coccothraustes coccothraustes (Linnaeus, 1758)",Fringillidae,Coccothraustes,coccothraustes,Species,M,Whole year,141
247,West Anhui University,"Pica pica (Linnaeus, 1758)",Corvidae,Pica,pica,Species,R,Whole year,141
247,West Anhui University,"Tachybaptus ruficollis (Pallas, 1764)",Podicipedidae,Tachybaptus,ruficollis,Species,M,Whole year,141
247,West Anhui University,"Centropus bengalensis (Gmelin, 1788)",Cuculidae,Centropus,bengalensis,Species,R,Whole year,141
247,West Anhui University,"Dendrocopos canicapillus (Blyth, 1845)",Picidae,Dendrocopos,canicapillus,Species,R,Whole year,141
247,West Anhui University,"Fringilla montifringilla (Linnaeus, 1758)",Fringillidae,Fringilla,montifringilla,Species,M,Whole year,141
247,West Anhui University,"Nycticorax nycticorax (Linnaeus, 1758)",Ardeidae,Nycticorax,nycticorax,Species,M,Whole year,141
247,West Anhui University,"Lanius sphenocercus (Cabanis, 1873)",Laniidae,Lanius,sphenocercus,Species,M,Whole year,141
247,West Anhui University,"Streptopelia capicola (Sundevall, 1857)",Columbidae,Streptopelia,capicola,Species,R,Whole year,141
247,West Anhui University,"Lanius schach (Linnaeus, 1758)",Laniidae,Lanius,schach,Species,R,Whole year,141
260,Yangtze Normal University,"Phylloscopus trochiloides (Sundevall, 1837)",Phylloscopidae,Phylloscopus,trochiloides,Species,M,Whole year,5
260,Yangtze Normal University,"Acridotheres cristatellus (Linnaeus, 1758)",Sturnidae,Acridotheres,cristatellus,Species,R,Whole year,5
260,Yangtze Normal University,"Motacilla alba (Linnaeus, 1758)",Motacillidae,Motacilla,alba,Species,R,Whole year,5
260,Yangtze Normal University,"Garrulax sannio (Swinhoe, 1867)",Leiothrichidae,Garrulax,sannio,Species,R,Whole year,5
260,Yangtze Normal University,"Egretta garzetta (Linnaeus, 1766)",Ardeidae,Egretta,garzetta,Species,R,Whole year,5
260,Yangtze Normal University,"Pycnonotus sinensis (Gmelin, 1789)",Pycnonotidae,Pycnonotus,sinensis,Species,R,Whole year,5
260,Yangtze Normal University,"Numenius arquata (Linnaeus, 1758)",Scolopacidae,Numenius,arquata,Species,M,Whole year,5
260,Yangtze Normal University,"Lonchura striata (Linnaeus, 1766)",Estrildidae,Lonchura,striata,Species,R,Whole year,5
260,Yangtze Normal University,"Apus pacificus (Latham, 1802)",Apodidae,Apus,pacificus,Species,M,Whole year,5
260,Yangtze Normal University,"Phoenicurus auroreus (Pallas, 1776)",Muscicapidae,Phoenicurus,auroreus,Species,M,Whole year,5
260,Yangtze Normal University,"Ardeola bacchus (Bonaparte, 1855)",Ardeidae,Ardeola,bacchus,Species,M,Whole year,5
260,Yangtze Normal University,"Prinia inornata (Sykes, 1832)",Cisticolidae,Prinia,inornata,Species,R,Whole year,5
260,Yangtze Normal University,"Cuculus canorus (Linnaeus, 1758)",scolopacea,Cuculus,canorus,Species,M,Whole year,5
260,Yangtze Normal University,"Parus major (Linnaeus, 1758)",Paridae,Parus,major,Species,R,Whole year,5
260,Yangtze Normal University,"Corvus macrorhynchos (Wagler, 1827)",Corvidae,Corvus,macrorhynchos,Species,R,Whole year,5
260,Yangtze Normal University,"Dicrurus macrocercus (Vieillot, 1817)",Dicruridae,Dicrurus,macrocercus,Species,M,Whole year,5
260,Yangtze Normal University,"Eophona migratoria (Hartert, 1903)",Fringillidae,Eophona,migratoria,Species,M,Whole year,5
260,Yangtze Normal University,"Oriolus chinensis (Linnaeus, 1766)",Oriolidae,Oriolus,chinensis,Species,M,Whole year,5
260,Yangtze Normal University,"Aegithalos concinnus (Gould, 1855)",Aegithalidae,Aegithalos,concinnus,Species,R,Whole year,5
260,Yangtze Normal University,"Urocissa erythrorhyncha (Boddaert, 1783)",Corvidae,Urocissa,erythrorhyncha,Species,R,Whole year,5
260,Yangtze Normal University,"Phasianus colchicus (Linnaeus, 1758)",Jacanidae,Phasianus,colchicus,Species,R,Whole year,5
260,Yangtze Normal University,"Pycnonotus xanthorrhous (Anderson, 1869)",Pycnonotidae,Pycnonotus,xanthorrhous,Species,R,Whole year,5
260,Yangtze Normal University,"Motacilla cinerea (Tunstall, 1771)",Motacillidae,Motacilla,cinerea,Species,M,Whole year,5
260,Yangtze Normal University,"Emberiza spodocephala (Pallas, 1776)",Emberizidae,Emberiza,spodocephala,Species,M,Whole year,5
260,Yangtze Normal University,"Hirundo rustica (Linnaeus, 1758)",Laridae,Hirundo,rustica,Species,M,Whole year,5
260,Yangtze Normal University,"Carduelis sinica (Linnaeus, 1766)",Fringillidae,Carduelis,sinica,Species,R,Whole year,5
260,Yangtze Normal University,"Hirundo daurica (Laxmann, 1769)",Laridae,Hirundo,daurica,Species,M,Whole year,5
260,Yangtze Normal University,"Phylloscopus schwarzi (Radde, 1863)",Phylloscopidae,Phylloscopus,schwarzi,Species,M,Whole year,5
260,Yangtze Normal University,"Acridotheres grandis (Moore, 1858)",Sturnidae,Acridotheres,grandis,Species,R,Whole year,5
260,Yangtze Normal University,"Passer montanus (Linnaeus, 1758)",Passeridae,Passer,montanus,Species,R,Whole year,5
260,Yangtze Normal University,"Alcedo atthis (Linnaeus, 1758)",Alcedinidae,Alcedo,atthis,Species,R,Whole year,5
260,Yangtze Normal University,"Copsychus saularis (Linnaeus, 1758)",Muscicapidae,Copsychus,saularis,Species,R,Whole year,5
260,Yangtze Normal University,"Emberiza cioides (von J.F.Brandt, 1843)",Emberizidae,Emberiza,cioides,Species,R,Whole year,5
260,Yangtze Normal University,"Anthus hodgsoni (Richmond, 1907)",Motacillidae,Anthus,hodgsoni,Species,M,Whole year,5
260,Yangtze Normal University,"Cuculus micropterus (Gould, 1838)",scolopacea,Cuculus,micropterus,Species,M,Whole year,5
260,Yangtze Normal University,Eurasian thrush,Scolopacidae,Eurasian,thrush,Species,R,Whole year,5
260,Yangtze Normal University,"Delichon dasypus (Bonaparte, 1850)",Hirundinidae,Delichon,dasypus,Species,M,Whole year,5
260,Yangtze Normal University,"Streptopelia capicola (Sundevall, 1857)",Columbidae,Streptopelia,capicola,Species,R,Whole year,5
260,Yangtze Normal University,"Lanius schach (Linnaeus, 1758)",Laniidae,Lanius,schach,Species,R,Whole year,5
261,"Yangtze University, East Campus","Zosterops japonicus (Temminck & Schlegel, 1845)",Zosteropidae,Zosterops,japonicus,Species,R,"Summer, Autumn and Winter",124
261,"Yangtze University, East Campus","Acridotheres cristatellus (Linnaeus, 1758)",Sturnidae,Acridotheres,cristatellus,Species,R,"Summer, Autumn and Winter",124
261,"Yangtze University, East Campus","Anser albifrons (Scopoli, 1769)",Anatidae,Anser,albifrons,Species,M,"Summer, Autumn and Winter",124
261,"Yangtze University, East Campus","Motacilla alba (Linnaeus, 1758)",Motacillidae,Motacilla,alba,Species,R,"Summer, Autumn and Winter",124
261,"Yangtze University, East Campus","Egretta garzetta (Linnaeus, 1766)",Ardeidae,Egretta,garzetta,Species,M,"Summer, Autumn and Winter",124
261,"Yangtze University, East Campus","Platalea leucorodia (Linnaeus, 1758)",Threskiornithidae,Platalea,leucorodia,Species,M,"Summer, Autumn and Winter",124
261,"Yangtze University, East Campus","Pycnonotus sinensis (Gmelin, 1789)",Pycnonotidae,Pycnonotus,sinensis,Species,R,"Summer, Autumn and Winter",124
261,"Yangtze University, East Campus","Lonchura striata (Linnaeus, 1766)",Estrildidae,Lonchura,striata,Species,R,"Summer, Autumn and Winter",124
261,"Yangtze University, East Campus","Picumnus innominatus (Burton, 1836)",Picidae,Picumnus,innominatus,Species,R,"Summer, Autumn and Winter",124
261,"Yangtze University, East Campus","Glaucidium cuculoides (Vigors, 1831)",Strigidae,Glaucidium,cuculoides,Species,R,"Summer, Autumn and Winter",124
261,"Yangtze University, East Campus","Lonchura punctulata (Linnaeus, 1758)",Estrildidae,Lonchura,punctulata,Species,M,"Summer, Autumn and Winter",124
261,"Yangtze University, East Campus","Anas poecilorhyncha (J.R.Forster, 1781)",Anatidae,Anas,poecilorhyncha,Species,M,"Summer, Autumn and Winter",124
261,"Yangtze University, East Campus","Phoenicurus auroreus (Pallas, 1776)",Muscicapidae,Phoenicurus,auroreus,Species,R,"Summer, Autumn and Winter",124
261,"Yangtze University, East Campus","Ardea cinerea (Linnaeus, 1758)",Ardeidae,Ardea,cinerea,Species,R,"Summer, Autumn and Winter",124
261,"Yangtze University, East Campus","Ardea purpurea (Linnaeus, 1766)",Ardeidae,Ardea,purpurea,Species,M,"Summer, Autumn and Winter",124
261,"Yangtze University, East Campus","Ardeola bacchus (Bonaparte, 1855)",Ardeidae,Ardeola,bacchus,Species,M,"Summer, Autumn and Winter",124
261,"Yangtze University, East Campus","Turdus ruficollis (Pallas, 1776)",Turdidae,Turdus,ruficollis,Species,M,"Summer, Autumn and Winter",124
261,"Yangtze University, East Campus","Tadorna ferruginea (Pallas, 1764)",Laridae,Tadorna,ferruginea,Species,M,"Summer, Autumn and Winter",124
261,"Yangtze University, East Campus","Dendrocopos major (Linnaeus, 1758)",Picidae,Dendrocopos,major,Species,R,"Summer, Autumn and Winter",124
261,"Yangtze University, East Campus","Cuculus canorus (Linnaeus, 1758)",scolopacea,Cuculus,canorus,Species,M,"Summer, Autumn and Winter",124
261,"Yangtze University, East Campus","Botaurus stellaris (Linnaeus, 1758)",Ardeidae,Botaurus,stellaris,Species,M,"Summer, Autumn and Winter",124
261,"Yangtze University, East Campus","Parus major (Linnaeus, 1758)",Paridae,Parus,major,Species,R,"Summer, Autumn and Winter",124
261,"Yangtze University, East Campus","Upupa epops (Linnaeus, 1758)",Upupidae,Upupa,epops,Species,M,"Summer, Autumn and Winter",124
261,"Yangtze University, East Campus","Acrocephalus agricola (Jerdon, 1845)",Acrocephalidae,Acrocephalus,agricola,Species,M,"Summer, Autumn and Winter",124
261,"Yangtze University, East Campus","Anser fabalis (Latham, 1787)",Anatidae,Anser,fabalis,Species,M,"Summer, Autumn and Winter",124
261,"Yangtze University, East Campus","Recurvirostra avosetta (Linnaeus, 1758)",Recurvirostridae,Recurvirostra,avosetta,Species,M,"Summer, Autumn and Winter",124
261,"Yangtze University, East Campus","Vanellus vanellus (Linnaeus, 1758)",Charadriidae,Vanellus,vanellus,Species,M,"Summer, Autumn and Winter",124
261,"Yangtze University, East Campus","Accipiter trivirgatus (Temminck, 1824)",Accipitridae,Accipiter,trivirgatus,Species,R,"Summer, Autumn and Winter",124
261,"Yangtze University, East Campus","Calidris alpina (Linnaeus, 1758)",Scolopacidae,Calidris,alpina,Species,M,"Summer, Autumn and Winter",124
261,"Yangtze University, East Campus","Dicrurus macrocercus (Vieillot, 1817)",Dicruridae,Dicrurus,macrocercus,Species,M,"Summer, Autumn and Winter",124
261,"Yangtze University, East Campus","Garrulax perspicillatus (Gmelin, 1789)",Leiothrichidae,Garrulax,perspicillatus,Species,R,"Summer, Autumn and Winter",124
261,"Yangtze University, East Campus","Gallinula chloropus (Linnaeus, 1758)",Rallidae,Gallinula,chloropus,Species,M,"Summer, Autumn and Winter",124
261,"Yangtze University, East Campus","Eophona migratoria (Hartert, 1903)",Fringillidae,Eophona,migratoria,Species,R,"Summer, Autumn and Winter",124
261,"Yangtze University, East Campus","Oriolus chinensis (Linnaeus, 1766)",Oriolidae,Oriolus,chinensis,Species,M,"Summer, Autumn and Winter",124
261,"Yangtze University, East Campus","Picus canus (Gmelin, 1788)",Picidae,Picus,canus,Species,R,"Summer, Autumn and Winter",124
261,"Yangtze University, East Campus","Tringa totanus (Linnaeus, 1758)",Scolopacidae,Tringa,totanus,Species,M,"Summer, Autumn and Winter",124
261,"Yangtze University, East Campus","Emberiza yessoensis (Swinhoe, 1874)",Emberizidae,Emberiza,yessoensis,Species,M,"Summer, Autumn and Winter",124
261,"Yangtze University, East Campus","Falco tinnunculus (Linnaeus, 1758)",Falconidae,Falco,tinnunculus,Species,R,"Summer, Autumn and Winter",124
261,"Yangtze University, East Campus","Aegithalos concinnus (Gould, 1855)",Aegithalidae,Aegithalos,concinnus,Species,R,"Summer, Autumn and Winter",124
261,"Yangtze University, East Campus","Lanius cristatus (Linnaeus, 1758)",Laniidae,Lanius,cristatus,Species,M,"Summer, Autumn and Winter",124
261,"Yangtze University, East Campus","Tarsiger cyanurus (Pallas, 1773)",Muscicapidae,Tarsiger,cyanurus,Species,M,"Summer, Autumn and Winter",124
261,"Yangtze University, East Campus","Leiothrix lutea (Scopoli, 1786)",Leiothrichidae,Leiothrix,lutea,Species,R,"Summer, Autumn and Winter",124
261,"Yangtze University, East Campus","Parus venustulus (R. Swinhoe, 1870)",Paridae,Parus,venustulus,Species,R,"Summer, Autumn and Winter",124
261,"Yangtze University, East Campus","Phylloscopus inornatus (Blyth, 1842)",Phylloscopidae,Phylloscopus,inornatus,Species,M,"Summer, Autumn and Winter",124
261,"Yangtze University, East Campus","Pycnonotus xanthorrhous (Anderson, 1869)",Pycnonotidae,Pycnonotus,xanthorrhous,Species,R,"Summer, Autumn and Winter",124
261,"Yangtze University, East Campus","Sturnus cineraceus (Temminck, 1835)",Sturnidae,Sturnus,cineraceus,Species,M,"Summer, Autumn and Winter",124
261,"Yangtze University, East Campus","Emberiza spodocephala (Pallas, 1776)",Emberizidae,Emberiza,spodocephala,Species,R,"Summer, Autumn and Winter",124
261,"Yangtze University, East Campus","Cyanopica cyanus (Pallas, 1776)",Corvidae,Cyanopica,cyanus,Species,R,"Summer, Autumn and Winter",124
261,"Yangtze University, East Campus","Anser anser (Linnaeus, 1758)",Anatidae,Anser,anser,Species,M,"Summer, Autumn and Winter",124
261,"Yangtze University, East Campus","Streptopelia tranquebarica (Hermann, 1804)",Columbidae,Streptopelia,tranquebarica,Species,M,"Summer, Autumn and Winter",124
261,"Yangtze University, East Campus","Hirundo rustica (Linnaeus, 1758)",Laridae,Hirundo,rustica,Species,M,"Summer, Autumn and Winter",124
261,"Yangtze University, East Campus","Carduelis sinica (Linnaeus, 1766)",Fringillidae,Carduelis,sinica,Species,R,"Summer, Autumn and Winter",124
261,"Yangtze University, East Campus","Charadrius dubius (Scopoli, 1786)",Charadriidae,Charadrius,dubius,Species,M,"Summer, Autumn and Winter",124
261,"Yangtze University, East Campus","Phoenicurus frontalis (Vigors, 1832)",Muscicapidae,Phoenicurus,frontalis,Species,R,"Summer, Autumn and Winter",124
261,"Yangtze University, East Campus","Latoucheornis siemsseni (G.H.Martens, 1906)",Emberizidae,Latoucheornis,siemsseni,Species,R,"Summer, Autumn and Winter",124
261,"Yangtze University, East Campus","Seicercus castaniceps (Hodgson, 1845)",Muscicapidae,Seicercus,castaniceps,Species,M,"Summer, Autumn and Winter",124
261,"Yangtze University, East Campus","Tringa glareola (Linnaeus, 1758)",Scolopacidae,Tringa,glareola,Species,M,"Summer, Autumn and Winter",124
261,"Yangtze University, East Campus","Anas crecca (Linnaeus, 1758)",Anatidae,Anas,crecca,Species,M,"Summer, Autumn and Winter",124
261,"Yangtze University, East Campus","Butorides striata (Linnaeus, 1758)",Ardeidae,Butorides,striata,Species,M,"Summer, Autumn and Winter",124
261,"Yangtze University, East Campus","Anas platyrhynchos (Linnaeus, 1758)",Anatidae,Anas,platyrhynchos,Species,M,"Summer, Autumn and Winter",124
261,"Yangtze University, East Campus","Passer montanus (Linnaeus, 1758)",Passeridae,Passer,montanus,Species,R,"Summer, Autumn and Winter",124
261,"Yangtze University, East Campus","Parus ater (Linnaeus, 1758)",Paridae,Parus,ater,Species,M,"Summer, Autumn and Winter",124
261,"Yangtze University, East Campus","Alcedo atthis (Linnaeus, 1758)",Alcedinidae,Alcedo,atthis,Species,R,"Summer, Autumn and Winter",124
261,"Yangtze University, East Campus","Buteo buteo (Linnaeus, 1758)",Accipitridae,Buteo,buteo,Species,M,"Summer, Autumn and Winter",124
261,"Yangtze University, East Campus","Tringa nebularia (Gunnerus, 1767)",Scolopacidae,Tringa,nebularia,Species,M,"Summer, Autumn and Winter",124
261,"Yangtze University, East Campus","Accipiter nisus (Linnaeus, 1758)",Accipitridae,Accipiter,nisus,Species,R,"Summer, Autumn and Winter",124
261,"Yangtze University, East Campus","Copsychus saularis (Linnaeus, 1758)",Muscicapidae,Copsychus,saularis,Species,R,"Summer, Autumn and Winter",124
261,"Yangtze University, East Campus","Emberiza cioides (von J.F.Brandt, 1843)",Emberizidae,Emberiza,cioides,Species,R,"Summer, Autumn and Winter",124
261,"Yangtze University, East Campus","Streptopelia orientalis (Latham, 1790)",Columbidae,Streptopelia,orientalis,Species,R,"Summer, Autumn and Winter",124
261,"Yangtze University, East Campus","Gallinago gallinago (Linnaeus, 1758)",Scolopacidae,Gallinago,gallinago,Species,M,"Summer, Autumn and Winter",124
261,"Yangtze University, East Campus","Anthus spinoletta (Linnaeus, 1758)",Motacillidae,Anthus,spinoletta,Species,M,"Summer, Autumn and Winter",124
261,"Yangtze University, East Campus","Sturnus sericeus (Gmelin, 1789)",Sturnidae,Sturnus,sericeus,Species,R,"Summer, Autumn and Winter",124
261,"Yangtze University, East Campus","Cuculus micropterus (Gould, 1838)",scolopacea,Cuculus,micropterus,Species,M,"Summer, Autumn and Winter",124
261,"Yangtze University, East Campus","Emberiza pallasi (Cabanis, 1851)",Emberizidae,Emberiza,pallasi,Species,M,"Summer, Autumn and Winter",124
261,"Yangtze University, East Campus","Turdus merula (Linnaeus, 1758)",Turdidae,Turdus,merula,Species,R,"Summer, Autumn and Winter",124
261,"Yangtze University, East Campus","Turdus cardis (Temminck, 1831)",Turdidae,Turdus,cardis,Species,M,"Summer, Autumn and Winter",124
261,"Yangtze University, East Campus","Pica pica (Linnaeus, 1758)",Corvidae,Pica,pica,Species,R,"Summer, Autumn and Winter",124
261,"Yangtze University, East Campus","Tachybaptus ruficollis (Pallas, 1764)",Podicipedidae,Tachybaptus,ruficollis,Species,R,"Summer, Autumn and Winter",124
261,"Yangtze University, East Campus","Cygnus columbianus (Ord, 1815)",Anatidae,Cygnus,columbianus,Species,M,"Summer, Autumn and Winter",124
261,"Yangtze University, East Campus","Dendrocopos canicapillus (Blyth, 1845)",Picidae,Dendrocopos,canicapillus,Species,R,"Summer, Autumn and Winter",124
261,"Yangtze University, East Campus","Falco subbuteo (Linnaeus, 1758)",Falconidae,Falco,subbuteo,Species,M,"Summer, Autumn and Winter",124
261,"Yangtze University, East Campus","Nycticorax nycticorax (Linnaeus, 1758)",Ardeidae,Nycticorax,nycticorax,Species,M,"Summer, Autumn and Winter",124
261,"Yangtze University, East Campus","Aegithalos caudatus (Linnaeus, 1758)",Aegithalidae,Aegithalos,caudatus,Species,R,"Summer, Autumn and Winter",124
261,"Yangtze University, East Campus","Cuculus sparverioides (Vigors, 1832)",scolopacea,Cuculus,sparverioides,Species,M,"Summer, Autumn and Winter",124
261,"Yangtze University, East Campus","Aix galericulata (Linnaeus, 1758)",Anatidae,Aix,galericulata,Species,M,"Summer, Autumn and Winter",124
261,"Yangtze University, East Campus","Eudynamys scolopaceus (Linnaeus, 1758)",Cuculidae,Eudynamys,scolopaceus,Species,M,"Summer, Autumn and Winter",124
261,"Yangtze University, East Campus","Streptopelia capicola (Sundevall, 1857)",Columbidae,Streptopelia,capicola,Species,R,"Summer, Autumn and Winter",124
261,"Yangtze University, East Campus","Lanius schach (Linnaeus, 1758)",Laniidae,Lanius,schach,Species,R,"Summer, Autumn and Winter",124
261,"Yangtze University, East Campus","Paradoxornis webbianus (Gould, 1852)",Paradoxornithidae,Paradoxornis,webbianus,Species,R,"Summer, Autumn and Winter",124
264,Yichun University,"Acridotheres cristatellus (Linnaeus, 1758)",Sturnidae,Acridotheres,cristatellus,Species,R,Whole year,191
264,Yichun University,"Motacilla alba (Linnaeus, 1758)",Motacillidae,Motacilla,alba,Species,R,Whole year,191
264,Yichun University,"Egretta garzetta (Linnaeus, 1766)",Ardeidae,Egretta,garzetta,Species,R,Whole year,191
264,Yichun University,"Turdus obscurus (Gmelin, 1789)",Turdidae,Turdus,obscurus,Species,R,Whole year,191
264,Yichun University,"Pycnonotus sinensis (Gmelin, 1789)",Pycnonotidae,Pycnonotus,sinensis,Species,R,Whole year,191
264,Yichun University,"Lonchura striata (Linnaeus, 1766)",Estrildidae,Lonchura,striata,Species,R,Whole year,191
264,Yichun University,"Phoenicurus auroreus (Pallas, 1776)",Muscicapidae,Phoenicurus,auroreus,Species,M,Whole year,191
264,Yichun University,"Ardeola bacchus (Bonaparte, 1855)",Ardeidae,Ardeola,bacchus,Species,R,Whole year,191
264,Yichun University,"Egretta alba (Linnaeus, 1758)",Ardeidae,Egretta,alba,Species,R,Whole year,191
264,Yichun University,"Cuculus canorus (Linnaeus, 1758)",scolopacea,Cuculus,canorus,Species,M,Whole year,191
264,Yichun University,"Botaurus stellaris (Linnaeus, 1758)",Ardeidae,Botaurus,stellaris,Species,M,Whole year,191
264,Yichun University,"Parus major (Linnaeus, 1758)",Paridae,Parus,major,Species,R,Whole year,191
264,Yichun University,"Centropus sinensis (Stephens, 1815)",Cuculidae,Centropus,sinensis,Species,R,Whole year,191
264,Yichun University,"Milvus migrans (Boddaert, 1783)",Accipitridae,Milvus,migrans,Species,R,Whole year,191
264,Yichun University,"Garrulax perspicillatus (Gmelin, 1789)",Leiothrichidae,Garrulax,perspicillatus,Species,R,Whole year,191
264,Yichun University,"Eophona migratoria (Hartert, 1903)",Fringillidae,Eophona,migratoria,Species,M,Whole year,191
264,Yichun University,"Stachyris ruficeps (Blyth, 1847)",Timaliidae,Stachyris,ruficeps,Species,R,Whole year,191
264,Yichun University,"Lanius cristatus (Linnaeus, 1758)",Laniidae,Lanius,cristatus,Species,M,Whole year,191
264,Yichun University,"Rhyacornis fuliginosa (Vigors, 1831)",Muscicapidae,Rhyacornis,fuliginosa,Species,R,Whole year,191
264,Yichun University,"Urocissa erythrorhyncha (Boddaert, 1783)",Corvidae,Urocissa,erythrorhyncha,Species,R,Whole year,191
264,Yichun University,"Phasianus colchicus (Linnaeus, 1758)",Jacanidae,Phasianus,colchicus,Species,R,Whole year,191
264,Yichun University,"Phylloscopus proregulus (Pallas, 1811)",Phylloscopidae,Phylloscopus,proregulus,Species,M,Whole year,191
264,Yichun University,"Hemixos flavala (Blyth, 1845)",Pycnonotidae,Hemixos,flavala,Species,R,Whole year,191
264,Yichun University,"Sturnus cineraceus (Temminck, 1835)",Sturnidae,Sturnus,cineraceus,Species,R,Whole year,191
264,Yichun University,"Dendrocitta formosae (Swinhoe, 1863)",Corvidae,Dendrocitta,formosae,Species,R,Whole year,191
264,Yichun University,"Emberiza spodocephala (Pallas, 1776)",Emberizidae,Emberiza,spodocephala,Species,M,Whole year,191
264,Yichun University,"Hirundo rustica (Linnaeus, 1758)",Laridae,Hirundo,rustica,Species,M,Whole year,191
264,Yichun University,"Hirundo daurica (Laxmann, 1769)",Laridae,Hirundo,daurica,Species,M,Whole year,191
264,Yichun University,"Passer montanus (Linnaeus, 1758)",Passeridae,Passer,montanus,Species,R,Whole year,191
264,Yichun University,"Bubulcus ibis (Linnaeus, 1758)",Ardeidae,Bubulcus,ibis,Species,R,Whole year,191
264,Yichun University,"Alcedo atthis (Linnaeus, 1758)",Alcedinidae,Alcedo,atthis,Species,R,Whole year,191
264,Yichun University,"Rallus aquaticus (Linnaeus, 1758)",Rallidae,Rallus,aquaticus,Species,M,Whole year,191
264,Yichun University,"Copsychus saularis (Linnaeus, 1758)",Muscicapidae,Copsychus,saularis,Species,R,Whole year,191
264,Yichun University,"Streptopelia orientalis (Latham, 1790)",Columbidae,Streptopelia,orientalis,Species,M,Whole year,191
264,Yichun University,"Anthus hodgsoni (Richmond, 1907)",Motacillidae,Anthus,hodgsoni,Species,M,Whole year,191
264,Yichun University,"Sturnus sericeus (Gmelin, 1789)",Sturnidae,Sturnus,sericeus,Species,M,Whole year,191
264,Yichun University,"Cuculus micropterus (Gould, 1838)",scolopacea,Cuculus,micropterus,Species,M,Whole year,191
264,Yichun University,"Anthus richerdi (Vieillot, 1818)",Motacillidae,Anthus,richerdi,Species,M,Whole year,191
264,Yichun University,"Emberiza rustica (Pallas, 1776)",Emberizidae,Emberiza,rustica,Species,M,Whole year,191
264,Yichun University,"Turdus merula (Linnaeus, 1758)",Turdidae,Turdus,merula,Species,R,Whole year,191
264,Yichun University,"Pica pica (Linnaeus, 1758)",Corvidae,Pica,pica,Species,R,Whole year,191
264,Yichun University,"Apus affinis (J.E.Gray, 1830)",Apodidae,Apus,affinis,Species,M,Whole year,191
264,Yichun University,"Emberiza pusilla (Pallas, 1776)",Emberizidae,Emberiza,pusilla,Species,M,Whole year,191
264,Yichun University,"Streptopelia capicola (Sundevall, 1857)",Columbidae,Streptopelia,capicola,Species,R,Whole year,191
264,Yichun University,"Lanius schach (Linnaeus, 1758)",Laniidae,Lanius,schach,Species,R,Whole year,191
287,Baotou Labor Park,"Passer domesticus (Linnaeus, 1758)",Passeridae,Passer,domesticus,Species,M,Summer,187
287,Baotou Labor Park,"Cyanopica cyanus (Pallas, 1776)",Corvidae,Cyanopica,cyanus,Species,R,Summer,187
287,Baotou Labor Park,"Carduelis sinica (Linnaeus, 1766)",Fringillidae,Carduelis,sinica,Species,R,Summer,187
287,Baotou Labor Park,"Pica pica (Linnaeus, 1758)",Corvidae,Pica,pica,Species,R,Summer,187
287,Baotou Labor Park,"Sterna hirundo (Linnaeus, 1758)",Laridae,Sterna,hirundo,Species,M,Summer,187
287,Baotou Labor Park,"Hirundo rustica (Linnaeus, 1758)",Laridae,Hirundo,rustica,Species,M,Summer,187
287,Baotou Labor Park,"Streptopelia decaocto (Frivaldszky, 1838)",Columbidae,Streptopelia,decaocto,Species,R,Summer,187
288,Baotou People's Park,"Passer domesticus (Linnaeus, 1758)",Passeridae,Passer,domesticus,Species,M,Summer,187
288,Baotou People's Park,"Carduelis sinica (Linnaeus, 1766)",Fringillidae,Carduelis,sinica,Species,R,Summer,187
288,Baotou People's Park,"Columba livia domestica (Gmelin, 1789)",Columbidae,Columba,livia,Species,M,Summer,187
288,Baotou People's Park,"Cyanopica cyanus (Pallas, 1776)",Corvidae,Cyanopica,cyanus,Species,R,Summer,187
288,Baotou People's Park,"Pica pica (Linnaeus, 1758)",Corvidae,Pica,pica,Species,R,Summer,187
288,Baotou People's Park,"Hirundo rustica (Linnaeus, 1758)",Laridae,Hirundo,rustica,Species,M,Summer,187
288,Baotou People's Park,"Lanius cristatus (Linnaeus, 1758)",Laniidae,Lanius,cristatus,Species,M,Summer,187
289,BaotouYingbin Park,"Passer domesticus (Linnaeus, 1758)",Passeridae,Passer,domesticus,Species,M,Summer,187
289,BaotouYingbin Park,"Pica pica (Linnaeus, 1758)",Corvidae,Pica,pica,Species,R,Summer,187
289,BaotouYingbin Park,"Cyanopica cyanus (Pallas, 1776)",Corvidae,Cyanopica,cyanus,Species,R,Summer,187
289,BaotouYingbin Park,"Columba livia domestica (Gmelin, 1789)",Columbidae,Columba,livia,Species,M,Summer,187
289,BaotouYingbin Park,"Lanius cristatus (Linnaeus, 1758)",Laniidae,Lanius,cristatus,Species,M,Summer,187
289,BaotouYingbin Park,"Carduelis sinica (Linnaeus, 1766)",Fringillidae,Carduelis,sinica,Species,R,Summer,187
290,Baotou Bayi Park,"Passer domesticus (Linnaeus, 1758)",Passeridae,Passer,domesticus,Species,M,Summer,187
290,Baotou Bayi Park,"Carduelis sinica (Linnaeus, 1766)",Fringillidae,Carduelis,sinica,Species,R,Summer,187
290,Baotou Bayi Park,"Columba livia domestica (Gmelin, 1789)",Columbidae,Columba,livia,Species,M,Summer,187
290,Baotou Bayi Park,"Cyanopica cyanus (Pallas, 1776)",Corvidae,Cyanopica,cyanus,Species,R,Summer,187
290,Baotou Bayi Park,"Streptopelia decaocto (Frivaldszky, 1838)",Columbidae,Streptopelia,decaocto,Species,R,Summer,187
290,Baotou Bayi Park,"Hirundo rustica (Linnaeus, 1758)",Laridae,Hirundo,rustica,Species,M,Summer,187
290,Baotou Bayi Park,"Pica pica (Linnaeus, 1758)",Corvidae,Pica,pica,Species,R,Summer,187
291,Baotou Bayingole Park,"Passer domesticus (Linnaeus, 1758)",Passeridae,Passer,domesticus,Species,M,Summer,187
291,Baotou Bayingole Park,"Carduelis sinica (Linnaeus, 1766)",Fringillidae,Carduelis,sinica,Species,R,Summer,187
291,Baotou Bayingole Park,"Hirundo rustica (Linnaeus, 1758)",Laridae,Hirundo,rustica,Species,M,Summer,187
291,Baotou Bayingole Park,"Pica pica (Linnaeus, 1758)",Corvidae,Pica,pica,Species,R,Summer,187
291,Baotou Bayingole Park,"Streptopelia decaocto (Frivaldszky, 1838)",Columbidae,Streptopelia,decaocto,Species,R,Summer,187
291,Baotou Bayingole Park,"Columba livia domestica (Gmelin, 1789)",Columbidae,Columba,livia,Species,M,Summer,187
291,Baotou Bayingole Park,"Dendrocopos major (Linnaeus, 1758)",Picidae,Dendrocopos,major,Species,R,Summer,187
291,Baotou Bayingole Park,"Sterna hirundo (Linnaeus, 1758)",Laridae,Sterna,hirundo,Species,M,Summer,187
292,Beijing Beihai Park,"Tachybaptus ruficollis (Pallas, 1764)",Podicipedidae,Tachybaptus,ruficollis,Species,M,Whole year,150
292,Beijing Beihai Park,"Nycticorax nycticorax (Linnaeus, 1758)",Ardeidae,Nycticorax,nycticorax,Species,M,Whole year,150
292,Beijing Beihai Park,"Anas platyrhynchos (Linnaeus, 1758)",Anatidae,Anas,platyrhynchos,Species,M,Whole year,150
292,Beijing Beihai Park,"Anas poecilorhyncha (J.R.Forster, 1781)",Anatidae,Anas,poecilorhyncha,Species,M,Whole year,150
292,Beijing Beihai Park,"Anser cygnoides (Linnaeus, 1758)",Anatidae,Anser,cygnoides,Species,M,Whole year,150
292,Beijing Beihai Park,"Aix galericulata (Linnaeus, 1758)",Anatidae,Aix,galericulata,Species,M,Whole year,150
292,Beijing Beihai Park,"Anser indicus (Latham, 1790)",Anatidae,Anser,indicus,Species,M,Whole year,150
292,Beijing Beihai Park,"Accipiter nisus (Linnaeus, 1758)",Accipitridae,Accipiter,nisus,Species,M,Whole year,150
292,Beijing Beihai Park,"Stigmatopelia chinensis (Scopoli, 1768)",Columbidae,Stigmatopelia,chinensis,Species,R,Whole year,150
292,Beijing Beihai Park,"Streptopelia orientalis (Latham, 1790)",Columbidae,Streptopelia,orientalis,Species,R,Whole year,150
292,Beijing Beihai Park,"Cuculus micropterus (Gould, 1838)",scolopacea,Cuculus,micropterus,Species,M,Whole year,150
292,Beijing Beihai Park,"Apus apus (Linnaeus, 1758)",Apodidae,Apus,apus,Species,M,Whole year,150
292,Beijing Beihai Park,"Alcedo atthis (Linnaeus, 1758)",Alcedinidae,Alcedo,atthis,Species,M,Whole year,150
292,Beijing Beihai Park,"Dendrocopos major (Linnaeus, 1758)",Picidae,Dendrocopos,major,Species,R,Whole year,150
292,Beijing Beihai Park,"Picus canus (Gmelin, 1788)",Picidae,Picus,canus,Species,R,Whole year,150
292,Beijing Beihai Park,"Hirundo rustica (Linnaeus, 1758)",Laridae,Hirundo,rustica,Species,M,Whole year,150
292,Beijing Beihai Park,"Hirundo daurica (Laxmann, 1769)",Laridae,Hirundo,daurica,Species,M,Whole year,150
292,Beijing Beihai Park,"Motacilla alba (Linnaeus, 1758)",Motacillidae,Motacilla,alba,Species,M,Whole year,150
292,Beijing Beihai Park,"Anthus hodgsoni (Richmond, 1907)",Motacillidae,Anthus,hodgsoni,Species,M,Whole year,150
292,Beijing Beihai Park,"Pycnonotus sinensis (Gmelin, 1789)",Pycnonotidae,Pycnonotus,sinensis,Species,R,Whole year,150
292,Beijing Beihai Park,"Dicrurus macrocercus (Vieillot, 1817)",Dicruridae,Dicrurus,macrocercus,Species,M,Whole year,150
292,Beijing Beihai Park,"Acridotheres cristatellus (Linnaeus, 1758)",Sturnidae,Acridotheres,cristatellus,Species,R,Whole year,150
292,Beijing Beihai Park,"Sturnus cineraceus (Temminck, 1835)",Sturnidae,Sturnus,cineraceus,Species,R,Whole year,150
292,Beijing Beihai Park,"Cyanopica cyanus (Pallas, 1776)",Corvidae,Cyanopica,cyanus,Species,R,Whole year,150
292,Beijing Beihai Park,"Pica pica (Linnaeus, 1758)",Corvidae,Pica,pica,Species,R,Whole year,150
292,Beijing Beihai Park,"Corvus macrorhynchos (Wagler, 1827)",Corvidae,Corvus,macrorhynchos,Species,R,Whole year,150
292,Beijing Beihai Park,"Corvus corone (Linnaeus, 1758)",Corvidae,Corvus,corone,Species,R,Whole year,150
292,Beijing Beihai Park,"Urocissa erythrorhyncha (Boddaert, 1783)",Corvidae,Urocissa,erythrorhyncha,Species,R,Whole year,150
292,Beijing Beihai Park,"Turdus naumanni (Temminck, 1820)",Turdidae,Turdus,naumanni,Species,M,Whole year,150
292,Beijing Beihai Park,"Ficedula albicilla (Pallas, 1811)",Muscicapidae,Ficedula,albicilla,Species,M,Whole year,150
292,Beijing Beihai Park,"Phylloscopus fuscatus (Blyth, 1842)",Phylloscopidae,Phylloscopus,fuscatus,Species,M,Whole year,150
292,Beijing Beihai Park,"Phylloscopus inornatus (Blyth, 1842)",Phylloscopidae,Phylloscopus,inornatus,Species,M,Whole year,150
292,Beijing Beihai Park,"Phylloscopus proregulus (Pallas, 1811)",Phylloscopidae,Phylloscopus,proregulus,Species,M,Whole year,150
292,Beijing Beihai Park,"Phylloscopus schwarzi (Radde, 1863)",Phylloscopidae,Phylloscopus,schwarzi,Species,M,Whole year,150
292,Beijing Beihai Park,"Parus major (Linnaeus, 1758)",Paridae,Parus,major,Species,R,Whole year,150
292,Beijing Beihai Park,"Passer montanus (Linnaeus, 1758)",Passeridae,Passer,montanus,Species,R,Whole year,150
292,Beijing Beihai Park,"Carduelis sinica (Linnaeus, 1766)",Fringillidae,Carduelis,sinica,Species,R,Whole year,150
292,Beijing Beihai Park,"Eophona migratoria (Hartert, 1903)",Fringillidae,Eophona,migratoria,Species,R,Whole year,150
292,Beijing Beihai Park,"Fringilla montifringilla (Linnaeus, 1758)",Fringillidae,Fringilla,montifringilla,Species,M,Whole year,150
292,Beijing Beihai Park,"Emberiza elegans (Temminck, 1836)",Emberizidae,Emberiza,elegans,Species,M,Whole year,150
292,Beijing Beihai Park,"Emberiza rutila (Pallas, 1776)",Emberizidae,Emberiza,rutila,Species,M,Whole year,150
292,Beijing Beihai Park,"Emberiza pusilla (Pallas, 1776)",Emberizidae,Emberiza,pusilla,Species,M,Whole year,150
293,Beijing Chaoyang Park,"Tachybaptus ruficollis (Pallas, 1764)",Podicipedidae,Tachybaptus,ruficollis,Species,M,Whole year,150
293,Beijing Chaoyang Park,"Nycticorax nycticorax (Linnaeus, 1758)",Ardeidae,Nycticorax,nycticorax,Species,M,Whole year,150
293,Beijing Chaoyang Park,"Ardeola bacchus (Bonaparte, 1855)",Ardeidae,Ardeola,bacchus,Species,M,Whole year,150
293,Beijing Chaoyang Park,"Egretta garzetta (Linnaeus, 1766)",Ardeidae,Egretta,garzetta,Species,M,Whole year,150
293,Beijing Chaoyang Park,"Ixobrychus sinensis (Gmelin, 1789)",Ardeidae,Ixobrychus,sinensis,Species,M,Whole year,150
293,Beijing Chaoyang Park,"Anas platyrhynchos (Linnaeus, 1758)",Anatidae,Anas,platyrhynchos,Species,M,Whole year,150
293,Beijing Chaoyang Park,"Aix galericulata (Linnaeus, 1758)",Anatidae,Aix,galericulata,Species,M,Whole year,150
293,Beijing Chaoyang Park,"Chlidonias hybrida (Pallas, 1811)",Laridae,Chlidonias,hybrida,Species,M,Whole year,150
293,Beijing Chaoyang Park,"Stigmatopelia chinensis (Scopoli, 1768)",Columbidae,Stigmatopelia,chinensis,Species,R,Whole year,150
293,Beijing Chaoyang Park,"Columba rupestris (Pallas, 1811)",Columbidae,Columba,rupestris,Species,R,Whole year,150
293,Beijing Chaoyang Park,"Cuculus micropterus (Gould, 1838)",scolopacea,Cuculus,micropterus,Species,M,Whole year,150
293,Beijing Chaoyang Park,"Cuculus canorus (Linnaeus, 1758)",scolopacea,Cuculus,canorus,Species,M,Whole year,150
293,Beijing Chaoyang Park,"Apus apus (Linnaeus, 1758)",Apodidae,Apus,apus,Species,M,Whole year,150
293,Beijing Chaoyang Park,"Dendrocopos major (Linnaeus, 1758)",Picidae,Dendrocopos,major,Species,R,Whole year,150
293,Beijing Chaoyang Park,"Picus canus (Gmelin, 1788)",Picidae,Picus,canus,Species,R,Whole year,150
293,Beijing Chaoyang Park,"Hirundo rustica (Linnaeus, 1758)",Laridae,Hirundo,rustica,Species,M,Whole year,150
293,Beijing Chaoyang Park,"Motacilla alba (Linnaeus, 1758)",Motacillidae,Motacilla,alba,Species,M,Whole year,150
293,Beijing Chaoyang Park,"Anthus hodgsoni (Richmond, 1907)",Motacillidae,Anthus,hodgsoni,Species,M,Whole year,150
293,Beijing Chaoyang Park,"Pycnonotus sinensis (Gmelin, 1789)",Pycnonotidae,Pycnonotus,sinensis,Species,R,Whole year,150
293,Beijing Chaoyang Park,"Dicrurus macrocercus (Vieillot, 1817)",Dicruridae,Dicrurus,macrocercus,Species,M,Whole year,150
293,Beijing Chaoyang Park,"Acridotheres cristatellus (Linnaeus, 1758)",Sturnidae,Acridotheres,cristatellus,Species,R,Whole year,150
293,Beijing Chaoyang Park,"Sturnus cineraceus (Temminck, 1835)",Sturnidae,Sturnus,cineraceus,Species,R,Whole year,150
293,Beijing Chaoyang Park,"Cyanopica cyanus (Pallas, 1776)",Corvidae,Cyanopica,cyanus,Species,R,Whole year,150
293,Beijing Chaoyang Park,"Pica pica (Linnaeus, 1758)",Corvidae,Pica,pica,Species,R,Whole year,150
293,Beijing Chaoyang Park,"Corvus macrorhynchos (Wagler, 1827)",Corvidae,Corvus,macrorhynchos,Species,R,Whole year,150
293,Beijing Chaoyang Park,"Corvus corone (Linnaeus, 1758)",Corvidae,Corvus,corone,Species,R,Whole year,150
293,Beijing Chaoyang Park,"Turdus naumanni (Temminck, 1820)",Turdidae,Turdus,naumanni,Species,M,Whole year,150
293,Beijing Chaoyang Park,"Tarsiger cyanurus (Pallas, 1773)",Muscicapidae,Tarsiger,cyanurus,Species,M,Whole year,150
293,Beijing Chaoyang Park,"Luscinia calliope (Pallas, 1776)",Muscicapidae,Luscinia,calliope,Species,M,Whole year,150
293,Beijing Chaoyang Park,"Phylloscopus fuscatus (Blyth, 1842)",Phylloscopidae,Phylloscopus,fuscatus,Species,M,Whole year,150
293,Beijing Chaoyang Park,"Phylloscopus inornatus (Blyth, 1842)",Phylloscopidae,Phylloscopus,inornatus,Species,M,Whole year,150
293,Beijing Chaoyang Park,"Phylloscopus proregulus (Pallas, 1811)",Phylloscopidae,Phylloscopus,proregulus,Species,M,Whole year,150
293,Beijing Chaoyang Park,"Zosterops japonicus (Temminck & Schlegel, 1845)",Zosteropidae,Zosterops,japonicus,Species,M,Whole year,150
293,Beijing Chaoyang Park,"Parus venustulus (R. Swinhoe, 1870)",Paridae,Parus,venustulus,Species,M,Whole year,150
293,Beijing Chaoyang Park,"Passer montanus (Linnaeus, 1758)",Passeridae,Passer,montanus,Species,R,Whole year,150
293,Beijing Chaoyang Park,"Carduelis spinus (Linnaeus, 1758)",Fringillidae,Carduelis,spinus,Species,M,Whole year,150
293,Beijing Chaoyang Park,"Carduelis sinica (Linnaeus, 1766)",Fringillidae,Carduelis,sinica,Species,R,Whole year,150
293,Beijing Chaoyang Park,"Eophona migratoria (Hartert, 1903)",Fringillidae,Eophona,migratoria,Species,R,Whole year,150
293,Beijing Chaoyang Park,"Fringilla montifringilla (Linnaeus, 1758)",Fringillidae,Fringilla,montifringilla,Species,M,Whole year,150
293,Beijing Chaoyang Park,"Eophona personata (Temminck & Schlegel, 1848)",Fringillidae,Eophona,personata,Species,M,Whole year,150
293,Beijing Chaoyang Park,"Emberiza pusilla (Pallas, 1776)",Emberizidae,Emberiza,pusilla,Species,M,Whole year,150
293,Beijing Chaoyang Park,"Emberiza tristrami (Swinhoe, 1870)",Emberizidae,Emberiza,tristrami,Species,M,Whole year,150
293,Beijing Chaoyang Park,"Emberiza chrysophrys (Pallas, 1776)",Emberizidae,Emberiza,chrysophrys,Species,M,Whole year,150
294,Beijing Old Summer Palace,"Tachybaptus ruficollis (Pallas, 1764)",Podicipedidae,Tachybaptus,ruficollis,Species,M,Whole year,150
294,Beijing Old Summer Palace,"Podiceps nigricollis (C.L.Brehm, 1831)",Podicipedidae,Podiceps,nigricollis,Species,M,Whole year,150
294,Beijing Old Summer Palace,"Nycticorax nycticorax (Linnaeus, 1758)",Ardeidae,Nycticorax,nycticorax,Species,M,Whole year,150
294,Beijing Old Summer Palace,"Ardeola bacchus (Bonaparte, 1855)",Ardeidae,Ardeola,bacchus,Species,M,Whole year,150
294,Beijing Old Summer Palace,"Egretta garzetta (Linnaeus, 1766)",Ardeidae,Egretta,garzetta,Species,M,Whole year,150
294,Beijing Old Summer Palace,"Casmerodius albus (Linnaeus, 1758)",Ardeidae,Casmerodius,albus,Species,M,Whole year,150
294,Beijing Old Summer Palace,"Ixobrychus sinensis (Gmelin, 1789)",Ardeidae,Ixobrychus,sinensis,Species,M,Whole year,150
294,Beijing Old Summer Palace,"Butorides striata (Linnaeus, 1758)",Ardeidae,Butorides,striata,Species,M,Whole year,150
294,Beijing Old Summer Palace,"Mesophoyx intermedia (Wagler, 1829)",Ardeidae,Mesophoyx,intermedia,Species,M,Whole year,150
294,Beijing Old Summer Palace,"Ixobrychus cinnamomeus (Gmelin, 1789)",Ardeidae,Ixobrychus,cinnamomeus,Species,M,Whole year,150
294,Beijing Old Summer Palace,"Bubulcus ibis (Linnaeus, 1758)",Ardeidae,Bubulcus,ibis,Species,M,Whole year,150
294,Beijing Old Summer Palace,"Ixobrychus eurhythmus (Swinhoe, 1873)",Ardeidae,Ixobrychus,eurhythmus,Species,M,Whole year,150
294,Beijing Old Summer Palace,"Botaurus stellaris (Linnaeus, 1758)",Ardeidae,Botaurus,stellaris,Species,M,Whole year,150
294,Beijing Old Summer Palace,"Anas platyrhynchos (Linnaeus, 1758)",Anatidae,Anas,platyrhynchos,Species,M,Whole year,150
294,Beijing Old Summer Palace,"Anas poecilorhyncha (J.R.Forster, 1781)",Anatidae,Anas,poecilorhyncha,Species,M,Whole year,150
294,Beijing Old Summer Palace,"Aix galericulata (Linnaeus, 1758)",Anatidae,Aix,galericulata,Species,M,Whole year,150
294,Beijing Old Summer Palace,"Anas acuta (Linnaeus, 1758)",Anatidae,Anas,acuta,Species,M,Whole year,150
294,Beijing Old Summer Palace,"Aythya ferina (Linnaeus, 1758)",Anatidae,Aythya,ferina,Species,M,Whole year,150
294,Beijing Old Summer Palace,"Tadorna tadorna (Linnaeus, 1758)",Laridae,Tadorna,tadorna,Species,M,Whole year,150
294,Beijing Old Summer Palace,"Anas strepera (Linnaeus, 1758)",Anatidae,Anas,strepera,Species,M,Whole year,150
294,Beijing Old Summer Palace,"Aythya nyroca (Guldenstadt, 1770)",Anatidae,Aythya,nyroca,Species,M,Whole year,150
294,Beijing Old Summer Palace,"Anas crecca (Linnaeus, 1758)",Anatidae,Anas,crecca,Species,M,Whole year,150
294,Beijing Old Summer Palace,"Mergellus albellus (Linnaeus, 1758)",Anatidae,Mergellus,albellus,Species,M,Whole year,150
294,Beijing Old Summer Palace,"Anas penelope (Linnaeus, 1758)",Anatidae,Anas,penelope,Species,M,Whole year,150
294,Beijing Old Summer Palace,"Tadorna ferruginea (Pallas, 1764)",Laridae,Tadorna,ferruginea,Species,M,Whole year,150
294,Beijing Old Summer Palace,"Aythya fuligula (Linnaeus, 1758)",Anatidae,Aythya,fuligula,Species,M,Whole year,150
294,Beijing Old Summer Palace,"Mergus merganser (Linnaeus, 1758)",Anatidae,Mergus,merganser,Species,M,Whole year,150
294,Beijing Old Summer Palace,"Bucephala clangula (Linnaeus, 1758)",Anatidae,Bucephala,clangula,Species,M,Whole year,150
294,Beijing Old Summer Palace,"Accipiter nisus (Linnaeus, 1758)",Accipitridae,Accipiter,nisus,Species,M,Whole year,150
294,Beijing Old Summer Palace,"Pernis ptilorhyncus (Temminck, 1821)",Accipitridae,Pernis,ptilorhyncus,Species,M,Whole year,150
294,Beijing Old Summer Palace,"Accipiter gularis (Temminck & Schlegel, 1844)",Accipitridae,Accipiter,gularis,Species,M,Whole year,150
294,Beijing Old Summer Palace,"Buteo buteo (Linnaeus, 1758)",Accipitridae,Buteo,buteo,Species,M,Whole year,150
294,Beijing Old Summer Palace,"Circus spilonotus (Kaup, 1847)",Charadriidae,Circus,spilonotus,Species,M,Whole year,150
294,Beijing Old Summer Palace,"Circus cyaneus (Linnaeus, 1766)",Charadriidae,Circus,cyaneus,Species,M,Whole year,150
294,Beijing Old Summer Palace,"Aquila clanga (Pallas, 1811)",Accipitridae,Aquila,clanga,Species,M,Whole year,150
294,Beijing Old Summer Palace,"Accipiter gentilis (Linnaeus, 1758)",Accipitridae,Accipiter,gentilis,Species,M,Whole year,150
294,Beijing Old Summer Palace,"Milvus migrans (Boddaert, 1783)",Accipitridae,Milvus,migrans,Species,M,Whole year,150
294,Beijing Old Summer Palace,"Falco tinnunculus (Linnaeus, 1758)",Falconidae,Falco,tinnunculus,Species,R,Whole year,150
294,Beijing Old Summer Palace,"Falco subbuteo (Linnaeus, 1758)",Falconidae,Falco,subbuteo,Species,M,Whole year,150
294,Beijing Old Summer Palace,"Falco peregrinus (Tunstall, 1771)",Falconidae,Falco,peregrinus,Species,M,Whole year,150
294,Beijing Old Summer Palace,"Falco amurensis (Radde, 1863)",Falconidae,Falco,amurensis,Species,M,Whole year,150
294,Beijing Old Summer Palace,"Falco cherrug (J.E.Gray, 1834)",Falconidae,Falco,cherrug,Species,M,Whole year,150
294,Beijing Old Summer Palace,"Gallinula chloropus (Linnaeus, 1758)",Rallidae,Gallinula,chloropus,Species,M,Whole year,150
294,Beijing Old Summer Palace,"Fulica atra (Linnaeus, 1758)",Rallidae,Fulica,atra,Species,M,Whole year,150
294,Beijing Old Summer Palace,"Himantopus himantopus (Linnaeus, 1758)",Recurvirostridae,Himantopus,himantopus,Species,M,Whole year,150
294,Beijing Old Summer Palace,"Charadrius dubius (Scopoli, 1786)",Charadriidae,Charadrius,dubius,Species,M,Whole year,150
294,Beijing Old Summer Palace,"Scolopax rusticola (Linnaeus, 1758)",Scolopacidae,Scolopax,rusticola,Species,M,Whole year,150
294,Beijing Old Summer Palace,"Tringa ochropus (Linnaeus, 1758)",Scolopacidae,Tringa,ochropus,Species,M,Whole year,150
294,Beijing Old Summer Palace,"Gallinago gallinago (Linnaeus, 1758)",Scolopacidae,Gallinago,gallinago,Species,M,Whole year,150
294,Beijing Old Summer Palace,"Actitis hypoleucos (Linnaeus, 1758)",Scolopacidae,Actitis,hypoleucos,Species,M,Whole year,150
294,Beijing Old Summer Palace,"Larus ridibundus (Linnaeus, 1766)",Laridae,Larus,ridibundus,Species,M,Whole year,150
294,Beijing Old Summer Palace,"Larus cachinnans (Pallas, 1811)",Laridae,Larus,cachinnans,Species,M,Whole year,150
294,Beijing Old Summer Palace,"Stigmatopelia chinensis (Scopoli, 1768)",Columbidae,Stigmatopelia,chinensis,Species,R,Whole year,150
294,Beijing Old Summer Palace,"Streptopelia orientalis (Latham, 1790)",Columbidae,Streptopelia,orientalis,Species,R,Whole year,150
294,Beijing Old Summer Palace,"Streptopelia decaocto (Frivaldszky, 1838)",Columbidae,Streptopelia,decaocto,Species,R,Whole year,150
294,Beijing Old Summer Palace,"Columba rupestris (Pallas, 1811)",Columbidae,Columba,rupestris,Species,R,Whole year,150
294,Beijing Old Summer Palace,"Cuculus micropterus (Gould, 1838)",scolopacea,Cuculus,micropterus,Species,M,Whole year,150
294,Beijing Old Summer Palace,"Cuculus canorus (Linnaeus, 1758)",scolopacea,Cuculus,canorus,Species,M,Whole year,150
294,Beijing Old Summer Palace,"Apus apus (Linnaeus, 1758)",Apodidae,Apus,apus,Species,M,Whole year,150
294,Beijing Old Summer Palace,"Apus pacificus (Latham, 1802)",Apodidae,Apus,pacificus,Species,M,Whole year,150
294,Beijing Old Summer Palace,"Megaceryle lugubris (Temminck, 1834)",Alcedinidae,Megaceryle,lugubris,Species,R,Whole year,150
294,Beijing Old Summer Palace,"Eurystomus orientalis (Linnaeus, 1766)",Coraciidae,Eurystomus,orientalis,Species,M,Whole year,150
294,Beijing Old Summer Palace,"Upupa epops (Linnaeus, 1758)",Upupidae,Upupa,epops,Species,M,Whole year,150
294,Beijing Old Summer Palace,"Dendrocopos major (Linnaeus, 1758)",Picidae,Dendrocopos,major,Species,R,Whole year,150
294,Beijing Old Summer Palace,"Picus canus (Gmelin, 1788)",Picidae,Picus,canus,Species,R,Whole year,150
294,Beijing Old Summer Palace,"Dendrocopos canicapillus (Blyth, 1845)",Picidae,Dendrocopos,canicapillus,Species,R,Whole year,150
294,Beijing Old Summer Palace,"Dendrocopos hyperythrus (Vigors, 1831)",Picidae,Dendrocopos,hyperythrus,Species,M,Whole year,150
294,Beijing Old Summer Palace,"Hirundo rustica (Linnaeus, 1758)",Laridae,Hirundo,rustica,Species,M,Whole year,150
294,Beijing Old Summer Palace,"Hirundo daurica (Laxmann, 1769)",Laridae,Hirundo,daurica,Species,M,Whole year,150
294,Beijing Old Summer Palace,"Motacilla alba (Linnaeus, 1758)",Motacillidae,Motacilla,alba,Species,M,Whole year,150
294,Beijing Old Summer Palace,"Anthus hodgsoni (Richmond, 1907)",Motacillidae,Anthus,hodgsoni,Species,M,Whole year,150
294,Beijing Old Summer Palace,"Motacilla cinerea (Tunstall, 1771)",Motacillidae,Motacilla,cinerea,Species,M,Whole year,150
294,Beijing Old Summer Palace,"Motacilla flava (Linnaeus, 1758)",Motacillidae,Motacilla,flava,Species,M,Whole year,150
294,Beijing Old Summer Palace,"Dendronanthus indicus (Gmelin, 1789)",Motacillidae,Dendronanthus,indicus,Species,M,Whole year,150
294,Beijing Old Summer Palace,"Pycnonotus sinensis (Gmelin, 1789)",Pycnonotidae,Pycnonotus,sinensis,Species,R,Whole year,150
294,Beijing Old Summer Palace,"Bombycilla japonica (Siebold, 1824)",Bombycillidae,Bombycilla,japonica,Species,M,Whole year,150
294,Beijing Old Summer Palace,"Lanius cristatus (Linnaeus, 1758)",Laniidae,Lanius,cristatus,Species,M,Whole year,150
294,Beijing Old Summer Palace,"Oriolus chinensis (Linnaeus, 1766)",Oriolidae,Oriolus,chinensis,Species,M,Whole year,150
294,Beijing Old Summer Palace,"Dicrurus macrocercus (Vieillot, 1817)",Dicruridae,Dicrurus,macrocercus,Species,M,Whole year,150
294,Beijing Old Summer Palace,"Acridotheres cristatellus (Linnaeus, 1758)",Sturnidae,Acridotheres,cristatellus,Species,R,Whole year,150
294,Beijing Old Summer Palace,"Sturnus cineraceus (Temminck, 1835)",Sturnidae,Sturnus,cineraceus,Species,R,Whole year,150
294,Beijing Old Summer Palace,"Sturnus sericeus (Gmelin, 1789)",Sturnidae,Sturnus,sericeus,Species,R,Whole year,150
294,Beijing Old Summer Palace,"Cyanopica cyanus (Pallas, 1776)",Corvidae,Cyanopica,cyanus,Species,R,Whole year,150
294,Beijing Old Summer Palace,"Pica pica (Linnaeus, 1758)",Corvidae,Pica,pica,Species,R,Whole year,150
294,Beijing Old Summer Palace,"Corvus macrorhynchos (Wagler, 1827)",Corvidae,Corvus,macrorhynchos,Species,R,Whole year,150
294,Beijing Old Summer Palace,"Corvus corone (Linnaeus, 1758)",Corvidae,Corvus,corone,Species,R,Whole year,150
294,Beijing Old Summer Palace,"Urocissa erythrorhyncha (Boddaert, 1783)",Corvidae,Urocissa,erythrorhyncha,Species,R,Whole year,150
294,Beijing Old Summer Palace,"Corvus dauuricus (Pallas, 1776)",Corvidae,Corvus,dauuricus,Species,R,Whole year,150
294,Beijing Old Summer Palace,"Corvus frugilegus (Linnaeus, 1758)",Corvidae,Corvus,frugilegus,Species,R,Whole year,150
294,Beijing Old Summer Palace,"Troglodytes troglodytes (Linnaeus, 1758)",Troglodytidae,Troglodytes,troglodytes,Species,R,Whole year,150
294,Beijing Old Summer Palace,"Prunella montanella (Pallas, 1776)",Prunellidae,Prunella,montanella,Species,M,Whole year,150
294,Beijing Old Summer Palace,"Turdus naumanni (Temminck, 1820)",Turdidae,Turdus,naumanni,Species,M,Whole year,150
294,Beijing Old Summer Palace,"Luscinia calliope (Pallas, 1776)",Muscicapidae,Luscinia,calliope,Species,M,Whole year,150
294,Beijing Old Summer Palace,"Luscinia cyane (Pallas, 1776)",Muscicapidae,Luscinia,cyane,Species,M,Whole year,150
294,Beijing Old Summer Palace,"Luscinia svecica (Linnaeus, 1758)",Muscicapidae,Luscinia,svecica,Species,M,Whole year,150
294,Beijing Old Summer Palace,"Tarsiger cyanurus (Pallas, 1773)",Muscicapidae,Tarsiger,cyanurus,Species,M,Whole year,150
294,Beijing Old Summer Palace,"Phoenicurus auroreus (Pallas, 1776)",Muscicapidae,Phoenicurus,auroreus,Species,M,Whole year,150
294,Beijing Old Summer Palace,"Saxicola torquatus (Linnaeus, 1766)",Muscicapidae,Saxicola,torquatus,Species,M,Whole year,150
294,Beijing Old Summer Palace,"Zoothera dauma (Latham, 1790)",Turdidae,Zoothera,dauma,Species,M,Whole year,150
294,Beijing Old Summer Palace,"Turdus merula (Linnaeus, 1758)",Turdidae,Turdus,merula,Species,R,Whole year,150
294,Beijing Old Summer Palace,"Turdus obscurus (Gmelin, 1789)",Turdidae,Turdus,obscurus,Species,M,Whole year,150
294,Beijing Old Summer Palace,"Turdus ruficollis (Pallas, 1776)",Turdidae,Turdus,ruficollis,Species,M,Whole year,150
294,Beijing Old Summer Palace,"Luscinia sibilans (Swinhoe, 1863)",Muscicapidae,Luscinia,sibilans,Species,M,Whole year,150
294,Beijing Old Summer Palace,"Erithacus akahige (Temminck, 1835)",Muscicapidae,Erithacus,akahige,Species,M,Whole year,150
294,Beijing Old Summer Palace,"Ficedula albicilla (Pallas, 1811)",Muscicapidae,Ficedula,albicilla,Species,M,Whole year,150
294,Beijing Old Summer Palace,"Muscicapa sibirica (Gmelin, 1789)",Muscicapidae,Muscicapa,sibirica,Species,M,Whole year,150
294,Beijing Old Summer Palace,"Muscicapa griseisticta (Swinhoe, 1861)",Muscicapidae,Muscicapa,griseisticta,Species,M,Whole year,150
294,Beijing Old Summer Palace,"Ficedula zanthopygia (Hay, 1845)",Muscicapidae,Ficedula,zanthopygia,Species,M,Whole year,150
294,Beijing Old Summer Palace,"Muscicapa dauurica (Pallas, 1811)",Muscicapidae,Muscicapa,dauurica,Species,M,Whole year,150
294,Beijing Old Summer Palace,"Paradoxornis webbianus (Gould, 1852)",Paradoxornithidae,Paradoxornis,webbianus,Species,R,Whole year,150
294,Beijing Old Summer Palace,"Rhopophilus pekinensis (Swinhoe, 1868)",Muscicapidae,Rhopophilus,pekinensis,Species,R,Whole year,150
294,Beijing Old Summer Palace,"Phylloscopus fuscatus (Blyth, 1842)",Phylloscopidae,Phylloscopus,fuscatus,Species,M,Whole year,150
294,Beijing Old Summer Palace,"Phylloscopus inornatus (Blyth, 1842)",Phylloscopidae,Phylloscopus,inornatus,Species,M,Whole year,150
294,Beijing Old Summer Palace,"Phylloscopus proregulus (Pallas, 1811)",Phylloscopidae,Phylloscopus,proregulus,Species,M,Whole year,150
294,Beijing Old Summer Palace,"Phylloscopus schwarzi (Radde, 1863)",Phylloscopidae,Phylloscopus,schwarzi,Species,M,Whole year,150
294,Beijing Old Summer Palace,"Acrocephalus aedon (Pallas, 1776)",Acrocephalidae,Acrocephalus,aedon,Species,M,Whole year,150
294,Beijing Old Summer Palace,"Phylloscopus borealis (J.H.Blasius, 1858)",Phylloscopidae,Phylloscopus,borealis,Species,M,Whole year,150
294,Beijing Old Summer Palace,"Phylloscopus coronatus (Temminck & Schlegel, 1847)",Phylloscopidae,Phylloscopus,coronatus,Species,M,Whole year,150
294,Beijing Old Summer Palace,"Phylloscopus reguloides (Blyth, 1842)",Phylloscopidae,Phylloscopus,reguloides,Species,M,Whole year,150
294,Beijing Old Summer Palace,"Acrocephalus arundinaceus (Linnaeus, 1758)",Acrocephalidae,Acrocephalus,arundinaceus,Species,M,Whole year,150
294,Beijing Old Summer Palace,"Acrocephalus bistrigiceps (Swinhoe, 1860)",Acrocephalidae,Acrocephalus,bistrigiceps,Species,M,Whole year,150
294,Beijing Old Summer Palace,"Phylloscopus trochiloides (Sundevall, 1837)",Phylloscopidae,Phylloscopus,trochiloides,Species,M,Whole year,150
294,Beijing Old Summer Palace,"Locustella lanceolata (Temminck, 1840)",Locustellidae,Locustella,lanceolata,Species,M,Whole year,150
294,Beijing Old Summer Palace,"Regulus regulus (Linnaeus, 1758)",Regulidae,Regulus,regulus,Species,M,Whole year,150
294,Beijing Old Summer Palace,"Zosterops erythropleurus (Swinhoe, 1863)",Zosteropidae,Zosterops,erythropleurus,Species,M,Whole year,150
294,Beijing Old Summer Palace,"Aegithalos concinnus (Gould, 1855)",Aegithalidae,Aegithalos,concinnus,Species,M,Whole year,150
294,Beijing Old Summer Palace,"Aegithalos caudatus (Linnaeus, 1758)",Aegithalidae,Aegithalos,caudatus,Species,R,Whole year,150
294,Beijing Old Summer Palace,"Parus major (Linnaeus, 1758)",Paridae,Parus,major,Species,R,Whole year,150
294,Beijing Old Summer Palace,"Parus palustris (Linnaeus, 1758)",Paridae,Parus,palustris,Species,R,Whole year,150
294,Beijing Old Summer Palace,"Parus venustulus (R. Swinhoe, 1870)",Paridae,Parus,venustulus,Species,M,Whole year,150
294,Beijing Old Summer Palace,"Passer montanus (Linnaeus, 1758)",Passeridae,Passer,montanus,Species,R,Whole year,150
294,Beijing Old Summer Palace,"Carduelis sinica (Linnaeus, 1766)",Fringillidae,Carduelis,sinica,Species,R,Whole year,150
294,Beijing Old Summer Palace,"Eophona migratoria (Hartert, 1903)",Fringillidae,Eophona,migratoria,Species,R,Whole year,150
294,Beijing Old Summer Palace,"Fringilla montifringilla (Linnaeus, 1758)",Fringillidae,Fringilla,montifringilla,Species,M,Whole year,150
294,Beijing Old Summer Palace,"Carpodacus erythrinus (Pallas, 1770)",Fringillidae,Carpodacus,erythrinus,Species,M,Whole year,150
294,Beijing Old Summer Palace,"Coccothraustes coccothraustes (Linnaeus, 1758)",Fringillidae,Coccothraustes,coccothraustes,Species,M,Whole year,150
294,Beijing Old Summer Palace,"Emberiza rutila (Pallas, 1776)",Emberizidae,Emberiza,rutila,Species,M,Whole year,150
294,Beijing Old Summer Palace,"Emberiza elegans (Temminck, 1836)",Emberizidae,Emberiza,elegans,Species,M,Whole year,150
294,Beijing Old Summer Palace,"Emberiza pusilla (Pallas, 1776)",Emberizidae,Emberiza,pusilla,Species,M,Whole year,150
294,Beijing Old Summer Palace,"Emberiza tristrami (Swinhoe, 1870)",Emberizidae,Emberiza,tristrami,Species,M,Whole year,150
294,Beijing Old Summer Palace,"Emberiza chrysophrys (Pallas, 1776)",Emberizidae,Emberiza,chrysophrys,Species,M,Whole year,150
294,Beijing Old Summer Palace,"Emberiza spodocephala (Pallas, 1776)",Emberizidae,Emberiza,spodocephala,Species,M,Whole year,150
294,Beijing Old Summer Palace,"Emberiza cioides (von J.F.Brandt, 1843)",Emberizidae,Emberiza,cioides,Species,R,Whole year,150
295,Beijing Summer Palace,"Tachybaptus ruficollis (Pallas, 1764)",Podicipedidae,Tachybaptus,ruficollis,Species,M,Whole year,150
295,Beijing Summer Palace,"Podiceps cristatus (Linnaeus, 1758)",Podicipedidae,Podiceps,cristatus,Species,M,Whole year,150
295,Beijing Summer Palace,"Nycticorax nycticorax (Linnaeus, 1758)",Ardeidae,Nycticorax,nycticorax,Species,M,Whole year,150
295,Beijing Summer Palace,"Ardeola bacchus (Bonaparte, 1855)",Ardeidae,Ardeola,bacchus,Species,M,Whole year,150
295,Beijing Summer Palace,"Egretta garzetta (Linnaeus, 1766)",Ardeidae,Egretta,garzetta,Species,M,Whole year,150
295,Beijing Summer Palace,"Casmerodius albus (Linnaeus, 1758)",Ardeidae,Casmerodius,albus,Species,M,Whole year,150
295,Beijing Summer Palace,"Ixobrychus sinensis (Gmelin, 1789)",Ardeidae,Ixobrychus,sinensis,Species,M,Whole year,150
295,Beijing Summer Palace,"Mesophoyx intermedia (Wagler, 1829)",Ardeidae,Mesophoyx,intermedia,Species,M,Whole year,150
295,Beijing Summer Palace,"Anas platyrhynchos (Linnaeus, 1758)",Anatidae,Anas,platyrhynchos,Species,M,Whole year,150
295,Beijing Summer Palace,"Anas poecilorhyncha (J.R.Forster, 1781)",Anatidae,Anas,poecilorhyncha,Species,M,Whole year,150
295,Beijing Summer Palace,"Aix galericulata (Linnaeus, 1758)",Anatidae,Aix,galericulata,Species,M,Whole year,150
295,Beijing Summer Palace,"Anas acuta (Linnaeus, 1758)",Anatidae,Anas,acuta,Species,M,Whole year,150
295,Beijing Summer Palace,"Aythya ferina (Linnaeus, 1758)",Anatidae,Aythya,ferina,Species,M,Whole year,150
295,Beijing Summer Palace,"Tadorna tadorna (Linnaeus, 1758)",Laridae,Tadorna,tadorna,Species,M,Whole year,150
295,Beijing Summer Palace,"Anas strepera (Linnaeus, 1758)",Anatidae,Anas,strepera,Species,M,Whole year,150
295,Beijing Summer Palace,"Aythya nyroca (Guldenstadt, 1770)",Anatidae,Aythya,nyroca,Species,M,Whole year,150
295,Beijing Summer Palace,"Anas crecca (Linnaeus, 1758)",Anatidae,Anas,crecca,Species,M,Whole year,150
295,Beijing Summer Palace,"Mergellus albellus (Linnaeus, 1758)",Anatidae,Mergellus,albellus,Species,M,Whole year,150
295,Beijing Summer Palace,"Anas penelope (Linnaeus, 1758)",Anatidae,Anas,penelope,Species,M,Whole year,150
295,Beijing Summer Palace,"Aythya fuligula (Linnaeus, 1758)",Anatidae,Aythya,fuligula,Species,M,Whole year,150
295,Beijing Summer Palace,"Mergus merganser (Linnaeus, 1758)",Anatidae,Mergus,merganser,Species,M,Whole year,150
295,Beijing Summer Palace,"Bucephala clangula (Linnaeus, 1758)",Anatidae,Bucephala,clangula,Species,M,Whole year,150
295,Beijing Summer Palace,"Anas clypeata (Linnaeus, 1758)",Anatidae,Anas,clypeata,Species,M,Whole year,150
295,Beijing Summer Palace,"Anas formosa (Georgi, 1775)",Anatidae,Anas,formosa,Species,M,Whole year,150
295,Beijing Summer Palace,"Pandion haliaetus (Linnaeus, 1758)",Pandionidae,Pandion,haliaetus,Species,M,Whole year,150
295,Beijing Summer Palace,"Accipiter nisus (Linnaeus, 1758)",Accipitridae,Accipiter,nisus,Species,M,Whole year,150
295,Beijing Summer Palace,"Pernis ptilorhyncus (Temminck, 1821)",Accipitridae,Pernis,ptilorhyncus,Species,M,Whole year,150
295,Beijing Summer Palace,"Buteo buteo (Linnaeus, 1758)",Accipitridae,Buteo,buteo,Species,M,Whole year,150
295,Beijing Summer Palace,"Circaetus gallicus (Gmelin, 1788)",Accipitridae,Circaetus,gallicus,Species,M,Whole year,150
295,Beijing Summer Palace,"Circus spilonotus (Kaup, 1847)",Charadriidae,Circus,spilonotus,Species,M,Whole year,150
295,Beijing Summer Palace,"Circus cyaneus (Linnaeus, 1766)",Charadriidae,Circus,cyaneus,Species,M,Whole year,150
295,Beijing Summer Palace,"Milvus migrans (Boddaert, 1783)",Accipitridae,Milvus,migrans,Species,M,Whole year,150
295,Beijing Summer Palace,"Falco tinnunculus (Linnaeus, 1758)",Falconidae,Falco,tinnunculus,Species,R,Whole year,150
295,Beijing Summer Palace,"Falco amurensis (Radde, 1863)",Falconidae,Falco,amurensis,Species,M,Whole year,150
295,Beijing Summer Palace,"Turnix tanki (Blyth, 1843)",Phasianidae,Turnix,tanki,Species,M,Whole year,150
295,Beijing Summer Palace,"Gallinula chloropus (Linnaeus, 1758)",Rallidae,Gallinula,chloropus,Species,M,Whole year,150
295,Beijing Summer Palace,"Fulica atra (Linnaeus, 1758)",Rallidae,Fulica,atra,Species,M,Whole year,150
295,Beijing Summer Palace,"Himantopus himantopus (Linnaeus, 1758)",Recurvirostridae,Himantopus,himantopus,Species,M,Whole year,150
295,Beijing Summer Palace,"Chlidonias hybrida (Pallas, 1811)",Laridae,Chlidonias,hybrida,Species,M,Whole year,150
295,Beijing Summer Palace,"Larus crassirostris (Vieillot, 1818)",Laridae,Larus,crassirostris,Species,M,Whole year,150
295,Beijing Summer Palace,"Larus ridibundus (Linnaeus, 1766)",Laridae,Larus,ridibundus,Species,M,Whole year,150
295,Beijing Summer Palace,"Larus cachinnans (Pallas, 1811)",Laridae,Larus,cachinnans,Species,M,Whole year,150
295,Beijing Summer Palace,"Larus relictus (Lonnberg, 1931)",Laridae,Larus,relictus,Species,M,Whole year,150
295,Beijing Summer Palace,"Sterna hirundo (Linnaeus, 1758)",Laridae,Sterna,hirundo,Species,M,Whole year,150
295,Beijing Summer Palace,"Sterna albifrons (Pallas, 1764)",Laridae,Sterna,albifrons,Species,M,Whole year,150
295,Beijing Summer Palace,"Stigmatopelia chinensis (Scopoli, 1768)",Columbidae,Stigmatopelia,chinensis,Species,R,Whole year,150
295,Beijing Summer Palace,"Streptopelia orientalis (Latham, 1790)",Columbidae,Streptopelia,orientalis,Species,R,Whole year,150
295,Beijing Summer Palace,"Columba rupestris (Pallas, 1811)",Columbidae,Columba,rupestris,Species,R,Whole year,150
295,Beijing Summer Palace,"Cuculus micropterus (Gould, 1838)",scolopacea,Cuculus,micropterus,Species,M,Whole year,150
295,Beijing Summer Palace,"Cuculus canorus (Linnaeus, 1758)",scolopacea,Cuculus,canorus,Species,M,Whole year,150
295,Beijing Summer Palace,"Apus apus (Linnaeus, 1758)",Apodidae,Apus,apus,Species,M,Whole year,150
295,Beijing Summer Palace,"Apus pacificus (Latham, 1802)",Apodidae,Apus,pacificus,Species,M,Whole year,150
295,Beijing Summer Palace,"Megaceryle lugubris (Temminck, 1834)",Alcedinidae,Megaceryle,lugubris,Species,R,Whole year,150
295,Beijing Summer Palace,"Eurystomus orientalis (Linnaeus, 1766)",Coraciidae,Eurystomus,orientalis,Species,M,Whole year,150
295,Beijing Summer Palace,"Dendrocopos major (Linnaeus, 1758)",Picidae,Dendrocopos,major,Species,R,Whole year,150
295,Beijing Summer Palace,"Picus canus (Gmelin, 1788)",Picidae,Picus,canus,Species,R,Whole year,150
295,Beijing Summer Palace,"Dendrocopos canicapillus (Blyth, 1845)",Picidae,Dendrocopos,canicapillus,Species,R,Whole year,150
295,Beijing Summer Palace,"Jynx torquilla (Linnaeus, 1758)",Picidae,Jynx,torquilla,Species,M,Whole year,150
295,Beijing Summer Palace,"Hirundo rustica (Linnaeus, 1758)",Laridae,Hirundo,rustica,Species,M,Whole year,150
295,Beijing Summer Palace,"Hirundo daurica (Laxmann, 1769)",Laridae,Hirundo,daurica,Species,M,Whole year,150
295,Beijing Summer Palace,"Riparia riparia (Linnaeus, 1758)",Hirundinidae,Riparia,riparia,Species,M,Whole year,150
295,Beijing Summer Palace,"Motacilla alba (Linnaeus, 1758)",Motacillidae,Motacilla,alba,Species,M,Whole year,150
295,Beijing Summer Palace,"Anthus hodgsoni (Richmond, 1907)",Motacillidae,Anthus,hodgsoni,Species,M,Whole year,150
295,Beijing Summer Palace,"Motacilla flava (Linnaeus, 1758)",Motacillidae,Motacilla,flava,Species,M,Whole year,150
295,Beijing Summer Palace,"Pycnonotus sinensis (Gmelin, 1789)",Pycnonotidae,Pycnonotus,sinensis,Species,R,Whole year,150
295,Beijing Summer Palace,"Lanius cristatus (Linnaeus, 1758)",Laniidae,Lanius,cristatus,Species,M,Whole year,150
295,Beijing Summer Palace,"Acridotheres cristatellus (Linnaeus, 1758)",Sturnidae,Acridotheres,cristatellus,Species,R,Whole year,150
295,Beijing Summer Palace,"Sturnus cineraceus (Temminck, 1835)",Sturnidae,Sturnus,cineraceus,Species,R,Whole year,150
295,Beijing Summer Palace,"Cyanopica cyanus (Pallas, 1776)",Corvidae,Cyanopica,cyanus,Species,R,Whole year,150
295,Beijing Summer Palace,"Pica pica (Linnaeus, 1758)",Corvidae,Pica,pica,Species,R,Whole year,150
295,Beijing Summer Palace,"Corvus macrorhynchos (Wagler, 1827)",Corvidae,Corvus,macrorhynchos,Species,R,Whole year,150
295,Beijing Summer Palace,"Corvus corone (Linnaeus, 1758)",Corvidae,Corvus,corone,Species,R,Whole year,150
295,Beijing Summer Palace,"Urocissa erythrorhyncha (Boddaert, 1783)",Corvidae,Urocissa,erythrorhyncha,Species,R,Whole year,150
295,Beijing Summer Palace,"Corvus dauuricus (Pallas, 1776)",Corvidae,Corvus,dauuricus,Species,R,Whole year,150
295,Beijing Summer Palace,"Turdus naumanni (Temminck, 1820)",Turdidae,Turdus,naumanni,Species,M,Whole year,150
295,Beijing Summer Palace,"Tarsiger cyanurus (Pallas, 1773)",Muscicapidae,Tarsiger,cyanurus,Species,M,Whole year,150
295,Beijing Summer Palace,"Phoenicurus auroreus (Pallas, 1776)",Muscicapidae,Phoenicurus,auroreus,Species,M,Whole year,150
295,Beijing Summer Palace,"Saxicola torquatus (Linnaeus, 1766)",Muscicapidae,Saxicola,torquatus,Species,M,Whole year,150
295,Beijing Summer Palace,"Turdus merula (Linnaeus, 1758)",Turdidae,Turdus,merula,Species,R,Whole year,150
295,Beijing Summer Palace,"Turdus ruficollis (Pallas, 1776)",Turdidae,Turdus,ruficollis,Species,M,Whole year,150
295,Beijing Summer Palace,"Ficedula albicilla (Pallas, 1811)",Muscicapidae,Ficedula,albicilla,Species,M,Whole year,150
295,Beijing Summer Palace,"Ficedula zanthopygia (Hay, 1845)",Muscicapidae,Ficedula,zanthopygia,Species,M,Whole year,150
295,Beijing Summer Palace,"Garrulax davidi (Swinhoe, 1868)",Leiothrichidae,Garrulax,davidi,Species,R,Whole year,150
295,Beijing Summer Palace,"Leiothrix lutea (Scopoli, 1786)",Leiothrichidae,Leiothrix,lutea,Species,R,Whole year,150
295,Beijing Summer Palace,"Paradoxornis webbianus (Gould, 1852)",Paradoxornithidae,Paradoxornis,webbianus,Species,R,Whole year,150
295,Beijing Summer Palace,"Cisticola juncidis (Rafinesque, 1810)",Cisticolidae,Cisticola,juncidis,Species,M,Whole year,150
295,Beijing Summer Palace,"Phylloscopus fuscatus (Blyth, 1842)",Phylloscopidae,Phylloscopus,fuscatus,Species,M,Whole year,150
295,Beijing Summer Palace,"Phylloscopus inornatus (Blyth, 1842)",Phylloscopidae,Phylloscopus,inornatus,Species,M,Whole year,150
295,Beijing Summer Palace,"Phylloscopus proregulus (Pallas, 1811)",Phylloscopidae,Phylloscopus,proregulus,Species,M,Whole year,150
295,Beijing Summer Palace,"Phylloscopus borealis (J.H.Blasius, 1858)",Phylloscopidae,Phylloscopus,borealis,Species,M,Whole year,150
295,Beijing Summer Palace,"Phylloscopus tenellipes (Swinhoe, 1860)",Phylloscopidae,Phylloscopus,tenellipes,Species,M,Whole year,150
295,Beijing Summer Palace,"Phylloscopus reguloides (Blyth, 1842)",Phylloscopidae,Phylloscopus,reguloides,Species,M,Whole year,150
295,Beijing Summer Palace,"Acrocephalus bistrigiceps (Swinhoe, 1860)",Acrocephalidae,Acrocephalus,bistrigiceps,Species,M,Whole year,150
295,Beijing Summer Palace,"Phylloscopus trochiloides (Sundevall, 1837)",Phylloscopidae,Phylloscopus,trochiloides,Species,M,Whole year,150
295,Beijing Summer Palace,"Acrocephalus arundinaceus (Linnaeus, 1758)",Acrocephalidae,Acrocephalus,arundinaceus,Species,M,Whole year,150
295,Beijing Summer Palace,"Regulus regulus (Linnaeus, 1758)",Regulidae,Regulus,regulus,Species,M,Whole year,150
295,Beijing Summer Palace,"Aegithalos caudatus (Linnaeus, 1758)",Aegithalidae,Aegithalos,caudatus,Species,R,Whole year,150
295,Beijing Summer Palace,"Parus major (Linnaeus, 1758)",Paridae,Parus,major,Species,R,Whole year,150
295,Beijing Summer Palace,"Parus palustris (Linnaeus, 1758)",Paridae,Parus,palustris,Species,R,Whole year,150
295,Beijing Summer Palace,"Parus venustulus (R. Swinhoe, 1870)",Paridae,Parus,venustulus,Species,M,Whole year,150
295,Beijing Summer Palace,"Sitta villosa (J.Verreaux, 1865)",Sittidae,Sitta,villosa,Species,R,Whole year,150
295,Beijing Summer Palace,"Passer montanus (Linnaeus, 1758)",Passeridae,Passer,montanus,Species,R,Whole year,150
295,Beijing Summer Palace,"Carduelis spinus (Linnaeus, 1758)",Fringillidae,Carduelis,spinus,Species,M,Whole year,150
295,Beijing Summer Palace,"Carduelis sinica (Linnaeus, 1766)",Fringillidae,Carduelis,sinica,Species,R,Whole year,150
295,Beijing Summer Palace,"Eophona migratoria (Hartert, 1903)",Fringillidae,Eophona,migratoria,Species,R,Whole year,150
295,Beijing Summer Palace,"Fringilla montifringilla (Linnaeus, 1758)",Fringillidae,Fringilla,montifringilla,Species,M,Whole year,150
295,Beijing Summer Palace,"Eophona personata (Temminck & Schlegel, 1848)",Fringillidae,Eophona,personata,Species,M,Whole year,150
295,Beijing Summer Palace,"Carpodacus erythrinus (Pallas, 1770)",Fringillidae,Carpodacus,erythrinus,Species,M,Whole year,150
295,Beijing Summer Palace,"Emberiza elegans (Temminck, 1836)",Emberizidae,Emberiza,elegans,Species,M,Whole year,150
295,Beijing Summer Palace,"Emberiza tristrami (Swinhoe, 1870)",Emberizidae,Emberiza,tristrami,Species,M,Whole year,150
296,Beijing Taoranting Park,"Tachybaptus ruficollis (Pallas, 1764)",Podicipedidae,Tachybaptus,ruficollis,Species,M,Whole year,150
296,Beijing Taoranting Park,"Anas platyrhynchos (Linnaeus, 1758)",Anatidae,Anas,platyrhynchos,Species,M,Whole year,150
296,Beijing Taoranting Park,"Stigmatopelia chinensis (Scopoli, 1768)",Columbidae,Stigmatopelia,chinensis,Species,R,Whole year,150
296,Beijing Taoranting Park,"Cuculus micropterus (Gould, 1838)",scolopacea,Cuculus,micropterus,Species,M,Whole year,150
296,Beijing Taoranting Park,"Apus apus (Linnaeus, 1758)",Apodidae,Apus,apus,Species,M,Whole year,150
296,Beijing Taoranting Park,"Dendrocopos major (Linnaeus, 1758)",Picidae,Dendrocopos,major,Species,R,Whole year,150
296,Beijing Taoranting Park,"Picus canus (Gmelin, 1788)",Picidae,Picus,canus,Species,R,Whole year,150
296,Beijing Taoranting Park,"Hirundo rustica (Linnaeus, 1758)",Laridae,Hirundo,rustica,Species,M,Whole year,150
296,Beijing Taoranting Park,"Hirundo daurica (Laxmann, 1769)",Laridae,Hirundo,daurica,Species,M,Whole year,150
296,Beijing Taoranting Park,"Pycnonotus sinensis (Gmelin, 1789)",Pycnonotidae,Pycnonotus,sinensis,Species,R,Whole year,150
296,Beijing Taoranting Park,"Sturnus cineraceus (Temminck, 1835)",Sturnidae,Sturnus,cineraceus,Species,R,Whole year,150
296,Beijing Taoranting Park,"Cyanopica cyanus (Pallas, 1776)",Corvidae,Cyanopica,cyanus,Species,R,Whole year,150
296,Beijing Taoranting Park,"Pica pica (Linnaeus, 1758)",Corvidae,Pica,pica,Species,R,Whole year,150
296,Beijing Taoranting Park,"Corvus macrorhynchos (Wagler, 1827)",Corvidae,Corvus,macrorhynchos,Species,R,Whole year,150
296,Beijing Taoranting Park,"Corvus corone (Linnaeus, 1758)",Corvidae,Corvus,corone,Species,R,Whole year,150
296,Beijing Taoranting Park,"Turdus naumanni (Temminck, 1820)",Turdidae,Turdus,naumanni,Species,M,Whole year,150
296,Beijing Taoranting Park,"Saxicola torquatus (Linnaeus, 1766)",Muscicapidae,Saxicola,torquatus,Species,M,Whole year,150
296,Beijing Taoranting Park,"Ficedula albicilla (Pallas, 1811)",Muscicapidae,Ficedula,albicilla,Species,M,Whole year,150
296,Beijing Taoranting Park,"Muscicapa sibirica (Gmelin, 1789)",Muscicapidae,Muscicapa,sibirica,Species,M,Whole year,150
296,Beijing Taoranting Park,"Muscicapa dauurica (Pallas, 1811)",Muscicapidae,Muscicapa,dauurica,Species,M,Whole year,150
296,Beijing Taoranting Park,"Phylloscopus fuscatus (Blyth, 1842)",Phylloscopidae,Phylloscopus,fuscatus,Species,M,Whole year,150
296,Beijing Taoranting Park,"Phylloscopus inornatus (Blyth, 1842)",Phylloscopidae,Phylloscopus,inornatus,Species,M,Whole year,150
296,Beijing Taoranting Park,"Phylloscopus proregulus (Pallas, 1811)",Phylloscopidae,Phylloscopus,proregulus,Species,M,Whole year,150
296,Beijing Taoranting Park,"Phylloscopus borealis (J.H.Blasius, 1858)",Phylloscopidae,Phylloscopus,borealis,Species,M,Whole year,150
296,Beijing Taoranting Park,"Passer montanus (Linnaeus, 1758)",Passeridae,Passer,montanus,Species,R,Whole year,150
296,Beijing Taoranting Park,"Carduelis sinica (Linnaeus, 1766)",Fringillidae,Carduelis,sinica,Species,R,Whole year,150
296,Beijing Taoranting Park,"Eophona migratoria (Hartert, 1903)",Fringillidae,Eophona,migratoria,Species,R,Whole year,150
296,Beijing Taoranting Park,"Fringilla montifringilla (Linnaeus, 1758)",Fringillidae,Fringilla,montifringilla,Species,M,Whole year,150
296,Beijing Taoranting Park,"Eophona personata (Temminck & Schlegel, 1848)",Fringillidae,Eophona,personata,Species,M,Whole year,150
297,Beijing Temple of Heaven Park,"Ardea cinerea (Linnaeus, 1758)",Ardeidae,Ardea,cinerea,Species,M,Whole year,150
297,Beijing Temple of Heaven Park,"Anas platyrhynchos (Linnaeus, 1758)",Anatidae,Anas,platyrhynchos,Species,M,Whole year,150
297,Beijing Temple of Heaven Park,"Anser anser (Linnaeus, 1758)",Anatidae,Anser,anser,Species,M,Whole year,150
297,Beijing Temple of Heaven Park,"Accipiter nisus (Linnaeus, 1758)",Accipitridae,Accipiter,nisus,Species,M,Whole year,150
297,Beijing Temple of Heaven Park,"Pernis ptilorhyncus (Temminck, 1821)",Accipitridae,Pernis,ptilorhyncus,Species,M,Whole year,150
297,Beijing Temple of Heaven Park,"Circus melanoleucos (Pennant, 1769)",Charadriidae,Circus,melanoleucos,Species,M,Whole year,150
297,Beijing Temple of Heaven Park,"Accipiter gularis (Temminck & Schlegel, 1844)",Accipitridae,Accipiter,gularis,Species,M,Whole year,150
297,Beijing Temple of Heaven Park,"Buteo buteo (Linnaeus, 1758)",Accipitridae,Buteo,buteo,Species,M,Whole year,150
297,Beijing Temple of Heaven Park,"Falco tinnunculus (Linnaeus, 1758)",Falconidae,Falco,tinnunculus,Species,R,Whole year,150
297,Beijing Temple of Heaven Park,"Scolopax rusticola (Linnaeus, 1758)",Scolopacidae,Scolopax,rusticola,Species,M,Whole year,150
297,Beijing Temple of Heaven Park,"Stigmatopelia chinensis (Scopoli, 1768)",Columbidae,Stigmatopelia,chinensis,Species,R,Whole year,150
297,Beijing Temple of Heaven Park,"Streptopelia orientalis (Latham, 1790)",Columbidae,Streptopelia,orientalis,Species,R,Whole year,150
297,Beijing Temple of Heaven Park,"Streptopelia decaocto (Frivaldszky, 1838)",Columbidae,Streptopelia,decaocto,Species,R,Whole year,150
297,Beijing Temple of Heaven Park,"Cuculus micropterus (Gould, 1838)",scolopacea,Cuculus,micropterus,Species,M,Whole year,150
297,Beijing Temple of Heaven Park,"Eudynamys scolopaceus (Linnaeus, 1758)",Cuculidae,Eudynamys,scolopaceus,Species,M,Whole year,150
297,Beijing Temple of Heaven Park,"Asio otus (Linnaeus, 1758)",Strigidae,Asio,otus,Species,M,Whole year,150
297,Beijing Temple of Heaven Park,"Apus apus (Linnaeus, 1758)",Apodidae,Apus,apus,Species,M,Whole year,150
297,Beijing Temple of Heaven Park,"Eurystomus orientalis (Linnaeus, 1766)",Coraciidae,Eurystomus,orientalis,Species,M,Whole year,150
297,Beijing Temple of Heaven Park,"Upupa epops (Linnaeus, 1758)",Upupidae,Upupa,epops,Species,M,Whole year,150
297,Beijing Temple of Heaven Park,"Dendrocopos major (Linnaeus, 1758)",Picidae,Dendrocopos,major,Species,R,Whole year,150
297,Beijing Temple of Heaven Park,"Picus canus (Gmelin, 1788)",Picidae,Picus,canus,Species,R,Whole year,150
297,Beijing Temple of Heaven Park,"Dendrocopos canicapillus (Blyth, 1845)",Picidae,Dendrocopos,canicapillus,Species,R,Whole year,150
297,Beijing Temple of Heaven Park,"Dendrocopos hyperythrus (Vigors, 1831)",Picidae,Dendrocopos,hyperythrus,Species,M,Whole year,150
297,Beijing Temple of Heaven Park,"Jynx torquilla (Linnaeus, 1758)",Picidae,Jynx,torquilla,Species,M,Whole year,150
297,Beijing Temple of Heaven Park,"Hirundo rustica (Linnaeus, 1758)",Laridae,Hirundo,rustica,Species,M,Whole year,150
297,Beijing Temple of Heaven Park,"Hirundo daurica (Laxmann, 1769)",Laridae,Hirundo,daurica,Species,M,Whole year,150
297,Beijing Temple of Heaven Park,"Motacilla alba (Linnaeus, 1758)",Motacillidae,Motacilla,alba,Species,M,Whole year,150
297,Beijing Temple of Heaven Park,"Anthus hodgsoni (Richmond, 1907)",Motacillidae,Anthus,hodgsoni,Species,M,Whole year,150
297,Beijing Temple of Heaven Park,"Pycnonotus sinensis (Gmelin, 1789)",Pycnonotidae,Pycnonotus,sinensis,Species,R,Whole year,150
297,Beijing Temple of Heaven Park,"Bombycilla garrulus (Linnaeus, 1758)",Bombycillidae,Bombycilla,garrulus,Species,M,Whole year,150
297,Beijing Temple of Heaven Park,"Lanius cristatus (Linnaeus, 1758)",Laniidae,Lanius,cristatus,Species,M,Whole year,150
297,Beijing Temple of Heaven Park,"Oriolus chinensis (Linnaeus, 1766)",Oriolidae,Oriolus,chinensis,Species,M,Whole year,150
297,Beijing Temple of Heaven Park,"Dicrurus macrocercus (Vieillot, 1817)",Dicruridae,Dicrurus,macrocercus,Species,M,Whole year,150
297,Beijing Temple of Heaven Park,"Dicrurus hottentottus (Linnaeus, 1766)",Dicruridae,Dicrurus,hottentottus,Species,M,Whole year,150
297,Beijing Temple of Heaven Park,"Acridotheres cristatellus (Linnaeus, 1758)",Sturnidae,Acridotheres,cristatellus,Species,R,Whole year,150
297,Beijing Temple of Heaven Park,"Sturnus cineraceus (Temminck, 1835)",Sturnidae,Sturnus,cineraceus,Species,R,Whole year,150
297,Beijing Temple of Heaven Park,"Sturnus sericeus (Gmelin, 1789)",Sturnidae,Sturnus,sericeus,Species,R,Whole year,150
297,Beijing Temple of Heaven Park,"Cyanopica cyanus (Pallas, 1776)",Corvidae,Cyanopica,cyanus,Species,R,Whole year,150
297,Beijing Temple of Heaven Park,"Pica pica (Linnaeus, 1758)",Corvidae,Pica,pica,Species,R,Whole year,150
297,Beijing Temple of Heaven Park,"Corvus macrorhynchos (Wagler, 1827)",Corvidae,Corvus,macrorhynchos,Species,R,Whole year,150
297,Beijing Temple of Heaven Park,"Corvus corone (Linnaeus, 1758)",Corvidae,Corvus,corone,Species,R,Whole year,150
297,Beijing Temple of Heaven Park,"Urocissa erythrorhyncha (Boddaert, 1783)",Corvidae,Urocissa,erythrorhyncha,Species,R,Whole year,150
297,Beijing Temple of Heaven Park,"Corvus dauuricus (Pallas, 1776)",Corvidae,Corvus,dauuricus,Species,R,Whole year,150
297,Beijing Temple of Heaven Park,"Prunella montanella (Pallas, 1776)",Prunellidae,Prunella,montanella,Species,M,Whole year,150
297,Beijing Temple of Heaven Park,"Turdus naumanni (Temminck, 1820)",Turdidae,Turdus,naumanni,Species,M,Whole year,150
297,Beijing Temple of Heaven Park,"Luscinia calliope (Pallas, 1776)",Muscicapidae,Luscinia,calliope,Species,M,Whole year,150
297,Beijing Temple of Heaven Park,"Luscinia cyane (Pallas, 1776)",Muscicapidae,Luscinia,cyane,Species,M,Whole year,150
297,Beijing Temple of Heaven Park,"Luscinia svecica (Linnaeus, 1758)",Muscicapidae,Luscinia,svecica,Species,M,Whole year,150
297,Beijing Temple of Heaven Park,"Tarsiger cyanurus (Pallas, 1773)",Muscicapidae,Tarsiger,cyanurus,Species,M,Whole year,150
297,Beijing Temple of Heaven Park,"Phoenicurus auroreus (Pallas, 1776)",Muscicapidae,Phoenicurus,auroreus,Species,M,Whole year,150
297,Beijing Temple of Heaven Park,"Saxicola torquatus (Linnaeus, 1766)",Muscicapidae,Saxicola,torquatus,Species,M,Whole year,150
297,Beijing Temple of Heaven Park,"Zoothera dauma (Latham, 1790)",Turdidae,Zoothera,dauma,Species,M,Whole year,150
297,Beijing Temple of Heaven Park,"Turdus merula (Linnaeus, 1758)",Turdidae,Turdus,merula,Species,R,Whole year,150
297,Beijing Temple of Heaven Park,"Turdus obscurus (Gmelin, 1789)",Turdidae,Turdus,obscurus,Species,M,Whole year,150
297,Beijing Temple of Heaven Park,"Turdus ruficollis (Pallas, 1776)",Turdidae,Turdus,ruficollis,Species,M,Whole year,150
297,Beijing Temple of Heaven Park,"Ficedula albicilla (Pallas, 1811)",Muscicapidae,Ficedula,albicilla,Species,M,Whole year,150
297,Beijing Temple of Heaven Park,"Muscicapa sibirica (Gmelin, 1789)",Muscicapidae,Muscicapa,sibirica,Species,M,Whole year,150
297,Beijing Temple of Heaven Park,"Muscicapa griseisticta (Swinhoe, 1861)",Muscicapidae,Muscicapa,griseisticta,Species,M,Whole year,150
297,Beijing Temple of Heaven Park,"Ficedula zanthopygia (Hay, 1845)",Muscicapidae,Ficedula,zanthopygia,Species,M,Whole year,150
297,Beijing Temple of Heaven Park,"Garrulax davidi (Swinhoe, 1868)",Leiothrichidae,Garrulax,davidi,Species,R,Whole year,150
297,Beijing Temple of Heaven Park,"Phylloscopus fuscatus (Blyth, 1842)",Phylloscopidae,Phylloscopus,fuscatus,Species,M,Whole year,150
297,Beijing Temple of Heaven Park,"Phylloscopus inornatus (Blyth, 1842)",Phylloscopidae,Phylloscopus,inornatus,Species,M,Whole year,150
297,Beijing Temple of Heaven Park,"Phylloscopus proregulus (Pallas, 1811)",Phylloscopidae,Phylloscopus,proregulus,Species,M,Whole year,150
297,Beijing Temple of Heaven Park,"Phylloscopus schwarzi (Radde, 1863)",Phylloscopidae,Phylloscopus,schwarzi,Species,M,Whole year,150
297,Beijing Temple of Heaven Park,"Acrocephalus aedon (Pallas, 1776)",Acrocephalidae,Acrocephalus,aedon,Species,M,Whole year,150
297,Beijing Temple of Heaven Park,"Phylloscopus borealis (J.H.Blasius, 1858)",Phylloscopidae,Phylloscopus,borealis,Species,M,Whole year,150
297,Beijing Temple of Heaven Park,"Phylloscopus coronatus (Temminck & Schlegel, 1847)",Phylloscopidae,Phylloscopus,coronatus,Species,M,Whole year,150
297,Beijing Temple of Heaven Park,"Phylloscopus yunnanensis (La Touche, 1922)",Phylloscopidae,Phylloscopus,yunnanensis,Species,M,Whole year,150
297,Beijing Temple of Heaven Park,"Phylloscopus tenellipes (Swinhoe, 1860)",Phylloscopidae,Phylloscopus,tenellipes,Species,M,Whole year,150
297,Beijing Temple of Heaven Park,"Acrocephalus bistrigiceps (Swinhoe, 1860)",Acrocephalidae,Acrocephalus,bistrigiceps,Species,M,Whole year,150
297,Beijing Temple of Heaven Park,"Locustella lanceolata (Temminck, 1840)",Locustellidae,Locustella,lanceolata,Species,M,Whole year,150
297,Beijing Temple of Heaven Park,"Acrocephalus tangorum (La Touche, 1912)",Acrocephalidae,Acrocephalus,tangorum,Species,M,Whole year,150
297,Beijing Temple of Heaven Park,"Regulus regulus (Linnaeus, 1758)",Regulidae,Regulus,regulus,Species,M,Whole year,150
297,Beijing Temple of Heaven Park,"Zosterops erythropleurus (Swinhoe, 1863)",Zosteropidae,Zosterops,erythropleurus,Species,M,Whole year,150
297,Beijing Temple of Heaven Park,"Parus major (Linnaeus, 1758)",Paridae,Parus,major,Species,R,Whole year,150
297,Beijing Temple of Heaven Park,"Parus palustris (Linnaeus, 1758)",Paridae,Parus,palustris,Species,R,Whole year,150
297,Beijing Temple of Heaven Park,"Parus venustulus (R. Swinhoe, 1870)",Paridae,Parus,venustulus,Species,M,Whole year,150
297,Beijing Temple of Heaven Park,"Passer montanus (Linnaeus, 1758)",Passeridae,Passer,montanus,Species,R,Whole year,150
297,Beijing Temple of Heaven Park,"Carpodacus roseus (Pallas, 1776)",Fringillidae,Carpodacus,roseus,Species,M,Whole year,150
297,Beijing Temple of Heaven Park,"Carduelis spinus (Linnaeus, 1758)",Fringillidae,Carduelis,spinus,Species,M,Whole year,150
297,Beijing Temple of Heaven Park,"Carduelis sinica (Linnaeus, 1766)",Fringillidae,Carduelis,sinica,Species,R,Whole year,150
297,Beijing Temple of Heaven Park,"Eophona migratoria (Hartert, 1903)",Fringillidae,Eophona,migratoria,Species,R,Whole year,150
297,Beijing Temple of Heaven Park,"Fringilla montifringilla (Linnaeus, 1758)",Fringillidae,Fringilla,montifringilla,Species,M,Whole year,150
297,Beijing Temple of Heaven Park,"Eophona personata (Temminck & Schlegel, 1848)",Fringillidae,Eophona,personata,Species,M,Whole year,150
297,Beijing Temple of Heaven Park,"Emberiza elegans (Temminck, 1836)",Emberizidae,Emberiza,elegans,Species,M,Whole year,150
297,Beijing Temple of Heaven Park,"Emberiza pusilla (Pallas, 1776)",Emberizidae,Emberiza,pusilla,Species,M,Whole year,150
297,Beijing Temple of Heaven Park,"Emberiza tristrami (Swinhoe, 1870)",Emberizidae,Emberiza,tristrami,Species,M,Whole year,150
297,Beijing Temple of Heaven Park,"Emberiza rustica (Pallas, 1776)",Emberizidae,Emberiza,rustica,Species,M,Whole year,150
298,Beijing Yuyuantan Park,"Tachybaptus ruficollis (Pallas, 1764)",Podicipedidae,Tachybaptus,ruficollis,Species,M,Whole year,150
298,Beijing Yuyuantan Park,"Nycticorax nycticorax (Linnaeus, 1758)",Ardeidae,Nycticorax,nycticorax,Species,M,Whole year,150
298,Beijing Yuyuantan Park,"Anas platyrhynchos (Linnaeus, 1758)",Anatidae,Anas,platyrhynchos,Species,M,Whole year,150
298,Beijing Yuyuantan Park,"Aix galericulata (Linnaeus, 1758)",Anatidae,Aix,galericulata,Species,M,Whole year,150
298,Beijing Yuyuantan Park,"Accipiter nisus (Linnaeus, 1758)",Accipitridae,Accipiter,nisus,Species,M,Whole year,150
298,Beijing Yuyuantan Park,"Circus melanoleucos (Pennant, 1769)",Charadriidae,Circus,melanoleucos,Species,M,Whole year,150
298,Beijing Yuyuantan Park,"Circaetus gallicus (Gmelin, 1788)",Accipitridae,Circaetus,gallicus,Species,M,Whole year,150
298,Beijing Yuyuantan Park,"Falco tinnunculus (Linnaeus, 1758)",Falconidae,Falco,tinnunculus,Species,R,Whole year,150
298,Beijing Yuyuantan Park,"Falco subbuteo (Linnaeus, 1758)",Falconidae,Falco,subbuteo,Species,M,Whole year,150
298,Beijing Yuyuantan Park,"Falco peregrinus (Tunstall, 1771)",Falconidae,Falco,peregrinus,Species,M,Whole year,150
298,Beijing Yuyuantan Park,"Gallinula chloropus (Linnaeus, 1758)",Rallidae,Gallinula,chloropus,Species,M,Whole year,150
298,Beijing Yuyuantan Park,"Chlidonias hybrida (Pallas, 1811)",Laridae,Chlidonias,hybrida,Species,M,Whole year,150
298,Beijing Yuyuantan Park,"Larus canus (Linnaeus, 1758)",Laridae,Larus,canus,Species,M,Whole year,150
298,Beijing Yuyuantan Park,"Larus crassirostris (Vieillot, 1818)",Laridae,Larus,crassirostris,Species,M,Whole year,150
298,Beijing Yuyuantan Park,"Stigmatopelia chinensis (Scopoli, 1768)",Columbidae,Stigmatopelia,chinensis,Species,R,Whole year,150
298,Beijing Yuyuantan Park,"Streptopelia orientalis (Latham, 1790)",Columbidae,Streptopelia,orientalis,Species,R,Whole year,150
298,Beijing Yuyuantan Park,"Streptopelia decaocto (Frivaldszky, 1838)",Columbidae,Streptopelia,decaocto,Species,R,Whole year,150
298,Beijing Yuyuantan Park,"Cuculus micropterus (Gould, 1838)",scolopacea,Cuculus,micropterus,Species,M,Whole year,150
298,Beijing Yuyuantan Park,"Cuculus canorus (Linnaeus, 1758)",scolopacea,Cuculus,canorus,Species,M,Whole year,150
298,Beijing Yuyuantan Park,"Apus apus (Linnaeus, 1758)",Apodidae,Apus,apus,Species,M,Whole year,150
298,Beijing Yuyuantan Park,"Apus pacificus (Latham, 1802)",Apodidae,Apus,pacificus,Species,M,Whole year,150
298,Beijing Yuyuantan Park,"Alcedo atthis (Linnaeus, 1758)",Alcedinidae,Alcedo,atthis,Species,M,Whole year,150
298,Beijing Yuyuantan Park,"Dendrocopos major (Linnaeus, 1758)",Picidae,Dendrocopos,major,Species,R,Whole year,150
298,Beijing Yuyuantan Park,"Picus canus (Gmelin, 1788)",Picidae,Picus,canus,Species,R,Whole year,150
298,Beijing Yuyuantan Park,"Dendrocopos canicapillus (Blyth, 1845)",Picidae,Dendrocopos,canicapillus,Species,R,Whole year,150
298,Beijing Yuyuantan Park,"Hirundo rustica (Linnaeus, 1758)",Laridae,Hirundo,rustica,Species,M,Whole year,150
298,Beijing Yuyuantan Park,"Hirundo daurica (Laxmann, 1769)",Laridae,Hirundo,daurica,Species,M,Whole year,150
298,Beijing Yuyuantan Park,"Motacilla alba (Linnaeus, 1758)",Motacillidae,Motacilla,alba,Species,M,Whole year,150
298,Beijing Yuyuantan Park,"Anthus hodgsoni (Richmond, 1907)",Motacillidae,Anthus,hodgsoni,Species,M,Whole year,150
298,Beijing Yuyuantan Park,"Motacilla cinerea (Tunstall, 1771)",Motacillidae,Motacilla,cinerea,Species,M,Whole year,150
298,Beijing Yuyuantan Park,"Pycnonotus sinensis (Gmelin, 1789)",Pycnonotidae,Pycnonotus,sinensis,Species,R,Whole year,150
298,Beijing Yuyuantan Park,"Bombycilla japonica (Siebold, 1824)",Bombycillidae,Bombycilla,japonica,Species,M,Whole year,150
298,Beijing Yuyuantan Park,"Acridotheres cristatellus (Linnaeus, 1758)",Sturnidae,Acridotheres,cristatellus,Species,R,Whole year,150
298,Beijing Yuyuantan Park,"Sturnus cineraceus (Temminck, 1835)",Sturnidae,Sturnus,cineraceus,Species,R,Whole year,150
298,Beijing Yuyuantan Park,"Cyanopica cyanus (Pallas, 1776)",Corvidae,Cyanopica,cyanus,Species,R,Whole year,150
298,Beijing Yuyuantan Park,"Pica pica (Linnaeus, 1758)",Corvidae,Pica,pica,Species,R,Whole year,150
298,Beijing Yuyuantan Park,"Corvus macrorhynchos (Wagler, 1827)",Corvidae,Corvus,macrorhynchos,Species,R,Whole year,150
298,Beijing Yuyuantan Park,"Corvus corone (Linnaeus, 1758)",Corvidae,Corvus,corone,Species,R,Whole year,150
298,Beijing Yuyuantan Park,"Turdus naumanni (Temminck, 1820)",Turdidae,Turdus,naumanni,Species,M,Whole year,150
298,Beijing Yuyuantan Park,"Urocissa erythrorhyncha (Boddaert, 1783)",Corvidae,Urocissa,erythrorhyncha,Species,R,Whole year,150
298,Beijing Yuyuantan Park,"Luscinia calliope (Pallas, 1776)",Muscicapidae,Luscinia,calliope,Species,M,Whole year,150
298,Beijing Yuyuantan Park,"Phoenicurus auroreus (Pallas, 1776)",Muscicapidae,Phoenicurus,auroreus,Species,M,Whole year,150
298,Beijing Yuyuantan Park,"Muscicapa sibirica (Gmelin, 1789)",Muscicapidae,Muscicapa,sibirica,Species,M,Whole year,150
298,Beijing Yuyuantan Park,"Phylloscopus fuscatus (Blyth, 1842)",Phylloscopidae,Phylloscopus,fuscatus,Species,M,Whole year,150
298,Beijing Yuyuantan Park,"Phylloscopus inornatus (Blyth, 1842)",Phylloscopidae,Phylloscopus,inornatus,Species,M,Whole year,150
298,Beijing Yuyuantan Park,"Phylloscopus proregulus (Pallas, 1811)",Phylloscopidae,Phylloscopus,proregulus,Species,M,Whole year,150
298,Beijing Yuyuantan Park,"Phylloscopus reguloides (Blyth, 1842)",Phylloscopidae,Phylloscopus,reguloides,Species,M,Whole year,150
298,Beijing Yuyuantan Park,"Acrocephalus arundinaceus (Linnaeus, 1758)",Acrocephalidae,Acrocephalus,arundinaceus,Species,M,Whole year,150
298,Beijing Yuyuantan Park,"Parus major (Linnaeus, 1758)",Paridae,Parus,major,Species,R,Whole year,150
298,Beijing Yuyuantan Park,"Parus venustulus (R. Swinhoe, 1870)",Paridae,Parus,venustulus,Species,M,Whole year,150
298,Beijing Yuyuantan Park,"Passer montanus (Linnaeus, 1758)",Passeridae,Passer,montanus,Species,R,Whole year,150
298,Beijing Yuyuantan Park,"Carduelis sinica (Linnaeus, 1766)",Fringillidae,Carduelis,sinica,Species,R,Whole year,150
298,Beijing Yuyuantan Park,"Eophona migratoria (Hartert, 1903)",Fringillidae,Eophona,migratoria,Species,R,Whole year,150
298,Beijing Yuyuantan Park,"Eophona personata (Temminck & Schlegel, 1848)",Fringillidae,Eophona,personata,Species,M,Whole year,150
298,Beijing Yuyuantan Park,"Emberiza pusilla (Pallas, 1776)",Emberizidae,Emberiza,pusilla,Species,M,Whole year,150
298,Beijing Yuyuantan Park,"Emberiza rustica (Pallas, 1776)",Emberizidae,Emberiza,rustica,Species,M,Whole year,150
299,Beijing Zizhuyuan Park,"Tachybaptus ruficollis (Pallas, 1764)",Podicipedidae,Tachybaptus,ruficollis,Species,M,Whole year,150
299,Beijing Zizhuyuan Park,"Nycticorax nycticorax (Linnaeus, 1758)",Ardeidae,Nycticorax,nycticorax,Species,M,Whole year,150
299,Beijing Zizhuyuan Park,"Ardea cinerea (Linnaeus, 1758)",Ardeidae,Ardea,cinerea,Species,M,Whole year,150
299,Beijing Zizhuyuan Park,"Anas platyrhynchos (Linnaeus, 1758)",Anatidae,Anas,platyrhynchos,Species,M,Whole year,150
299,Beijing Zizhuyuan Park,"Anas poecilorhyncha (J.R.Forster, 1781)",Anatidae,Anas,poecilorhyncha,Species,M,Whole year,150
299,Beijing Zizhuyuan Park,"Anser cygnoides (Linnaeus, 1758)",Anatidae,Anser,cygnoides,Species,M,Whole year,150
299,Beijing Zizhuyuan Park,"Aix galericulata (Linnaeus, 1758)",Anatidae,Aix,galericulata,Species,M,Whole year,150
299,Beijing Zizhuyuan Park,"Anser indicus (Latham, 1790)",Anatidae,Anser,indicus,Species,M,Whole year,150
299,Beijing Zizhuyuan Park,"Anas acuta (Linnaeus, 1758)",Anatidae,Anas,acuta,Species,M,Whole year,150
299,Beijing Zizhuyuan Park,"Netta rufina (Pallas, 1773)",Anatidae,Netta,rufina,Species,M,Whole year,150
299,Beijing Zizhuyuan Park,"Anser fabalis (Latham, 1787)",Anatidae,Anser,fabalis,Species,M,Whole year,150
299,Beijing Zizhuyuan Park,"Stigmatopelia chinensis (Scopoli, 1768)",Columbidae,Stigmatopelia,chinensis,Species,R,Whole year,150
299,Beijing Zizhuyuan Park,"Cuculus micropterus (Gould, 1838)",scolopacea,Cuculus,micropterus,Species,M,Whole year,150
299,Beijing Zizhuyuan Park,"Apus apus (Linnaeus, 1758)",Apodidae,Apus,apus,Species,M,Whole year,150
299,Beijing Zizhuyuan Park,"Dendrocopos major (Linnaeus, 1758)",Picidae,Dendrocopos,major,Species,R,Whole year,150
299,Beijing Zizhuyuan Park,"Picus canus (Gmelin, 1788)",Picidae,Picus,canus,Species,R,Whole year,150
299,Beijing Zizhuyuan Park,"Dendrocopos canicapillus (Blyth, 1845)",Picidae,Dendrocopos,canicapillus,Species,R,Whole year,150
299,Beijing Zizhuyuan Park,"Hirundo rustica (Linnaeus, 1758)",Laridae,Hirundo,rustica,Species,M,Whole year,150
299,Beijing Zizhuyuan Park,"Pycnonotus sinensis (Gmelin, 1789)",Pycnonotidae,Pycnonotus,sinensis,Species,R,Whole year,150
299,Beijing Zizhuyuan Park,"Acridotheres cristatellus (Linnaeus, 1758)",Sturnidae,Acridotheres,cristatellus,Species,R,Whole year,150
299,Beijing Zizhuyuan Park,"Sturnus cineraceus (Temminck, 1835)",Sturnidae,Sturnus,cineraceus,Species,R,Whole year,150
299,Beijing Zizhuyuan Park,"Cyanopica cyanus (Pallas, 1776)",Corvidae,Cyanopica,cyanus,Species,R,Whole year,150
299,Beijing Zizhuyuan Park,"Pica pica (Linnaeus, 1758)",Corvidae,Pica,pica,Species,R,Whole year,150
299,Beijing Zizhuyuan Park,"Corvus macrorhynchos (Wagler, 1827)",Corvidae,Corvus,macrorhynchos,Species,R,Whole year,150
299,Beijing Zizhuyuan Park,"Corvus corone (Linnaeus, 1758)",Corvidae,Corvus,corone,Species,R,Whole year,150
299,Beijing Zizhuyuan Park,"Turdus naumanni (Temminck, 1820)",Turdidae,Turdus,naumanni,Species,M,Whole year,150
299,Beijing Zizhuyuan Park,"Phoenicurus auroreus (Pallas, 1776)",Muscicapidae,Phoenicurus,auroreus,Species,M,Whole year,150
299,Beijing Zizhuyuan Park,"Turdus merula (Linnaeus, 1758)",Turdidae,Turdus,merula,Species,R,Whole year,150
299,Beijing Zizhuyuan Park,"Phylloscopus fuscatus (Blyth, 1842)",Phylloscopidae,Phylloscopus,fuscatus,Species,M,Whole year,150
299,Beijing Zizhuyuan Park,"Phylloscopus inornatus (Blyth, 1842)",Phylloscopidae,Phylloscopus,inornatus,Species,M,Whole year,150
299,Beijing Zizhuyuan Park,"Phylloscopus proregulus (Pallas, 1811)",Phylloscopidae,Phylloscopus,proregulus,Species,M,Whole year,150
299,Beijing Zizhuyuan Park,"Phylloscopus borealis (J.H.Blasius, 1858)",Phylloscopidae,Phylloscopus,borealis,Species,M,Whole year,150
299,Beijing Zizhuyuan Park,"Parus venustulus (R. Swinhoe, 1870)",Paridae,Parus,venustulus,Species,M,Whole year,150
299,Beijing Zizhuyuan Park,"Sitta villosa (J.Verreaux, 1865)",Sittidae,Sitta,villosa,Species,R,Whole year,150
299,Beijing Zizhuyuan Park,"Passer montanus (Linnaeus, 1758)",Passeridae,Passer,montanus,Species,R,Whole year,150
299,Beijing Zizhuyuan Park,"Carduelis sinica (Linnaeus, 1766)",Fringillidae,Carduelis,sinica,Species,R,Whole year,150
299,Beijing Zizhuyuan Park,"Eophona personata (Temminck & Schlegel, 1848)",Fringillidae,Eophona,personata,Species,M,Whole year,150
299,Beijing Zizhuyuan Park,"Emberiza tristrami (Swinhoe, 1870)",Emberizidae,Emberiza,tristrami,Species,M,Whole year,150
300,Ordos Bulata Park,"Passer domesticus (Linnaeus, 1758)",Passeridae,Passer,domesticus,Species,M,Summer,187
300,Ordos Bulata Park,"Carduelis sinica (Linnaeus, 1766)",Fringillidae,Carduelis,sinica,Species,R,Summer,187
300,Ordos Bulata Park,"Dendrocopos major (Linnaeus, 1758)",Picidae,Dendrocopos,major,Species,R,Summer,187
300,Ordos Bulata Park,"Streptopelia decaocto (Frivaldszky, 1838)",Columbidae,Streptopelia,decaocto,Species,R,Summer,187
300,Ordos Bulata Park,"Hirundo rustica (Linnaeus, 1758)",Laridae,Hirundo,rustica,Species,M,Summer,187
300,Ordos Bulata Park,"Lanius cristatus (Linnaeus, 1758)",Laniidae,Lanius,cristatus,Species,M,Summer,187
300,Ordos Bulata Park,"Sturnus cineraceus (Temminck, 1835)",Sturnidae,Sturnus,cineraceus,Species,M,Summer,187
301,Changsha Martyrs Cemetery,"Tachybaptus ruficollis (Pallas, 1764)",Podicipedidae,Tachybaptus,ruficollis,Species,R,Whole year,149
301,Changsha Martyrs Cemetery,"Ardea cinerea (Linnaeus, 1758)",Ardeidae,Ardea,cinerea,Species,M,Whole year,149
301,Changsha Martyrs Cemetery,"Butorides striata (Linnaeus, 1758)",Ardeidae,Butorides,striata,Species,M,Whole year,149
301,Changsha Martyrs Cemetery,"Ardeola bacchus (Bonaparte, 1855)",Ardeidae,Ardeola,bacchus,Species,M,Whole year,149
301,Changsha Martyrs Cemetery,"Egretta garzetta (Linnaeus, 1766)",Ardeidae,Egretta,garzetta,Species,M,Whole year,149
301,Changsha Martyrs Cemetery,"Bubulcus ibis (Linnaeus, 1758)",Ardeidae,Bubulcus,ibis,Species,R,Whole year,149
301,Changsha Martyrs Cemetery,"Nycticorax nycticorax (Linnaeus, 1758)",Ardeidae,Nycticorax,nycticorax,Species,R,Whole year,149
301,Changsha Martyrs Cemetery,"Ixobrychus cinnamomeus (Gmelin, 1789)",Ardeidae,Ixobrychus,cinnamomeus,Species,M,Whole year,149
301,Changsha Martyrs Cemetery,"Anas platyrhynchos (Linnaeus, 1758)",Anatidae,Anas,platyrhynchos,Species,M,Whole year,149
301,Changsha Martyrs Cemetery,"Anas poecilorhyncha (J.R.Forster, 1781)",Anatidae,Anas,poecilorhyncha,Species,M,Whole year,149
301,Changsha Martyrs Cemetery,"Aix galericulata (Linnaeus, 1758)",Anatidae,Aix,galericulata,Species,M,Whole year,149
301,Changsha Martyrs Cemetery,"Buteo buteo (Linnaeus, 1758)",Accipitridae,Buteo,buteo,Species,R,Whole year,149
301,Changsha Martyrs Cemetery,"Accipiter nisus (Linnaeus, 1758)",Accipitridae,Accipiter,nisus,Species,R,Whole year,149
301,Changsha Martyrs Cemetery,"Accipiter virgatus (Temminck, 1822)",Accipitridae,Accipiter,virgatus,Species,R,Whole year,149
301,Changsha Martyrs Cemetery,"Accipiter trivirgatus (Temminck, 1824)",Accipitridae,Accipiter,trivirgatus,Species,R,Whole year,149
301,Changsha Martyrs Cemetery,"Falco tinnunculus (Linnaeus, 1758)",Falconidae,Falco,tinnunculus,Species,R,Whole year,149
301,Changsha Martyrs Cemetery,"Amaurornis akool (Sykes, 1832)",Rallidae,Amaurornis,akool,Species,R,Whole year,149
301,Changsha Martyrs Cemetery,"Gallinula chloropus (Linnaeus, 1758)",Rallidae,Gallinula,chloropus,Species,R,Whole year,149
301,Changsha Martyrs Cemetery,"Charadrius dubius (Scopoli, 1786)",Charadriidae,Charadrius,dubius,Species,M,Whole year,149
301,Changsha Martyrs Cemetery,"Tringa ochropus (Linnaeus, 1758)",Scolopacidae,Tringa,ochropus,Species,M,Whole year,149
301,Changsha Martyrs Cemetery,"Actitis hypoleucos (Linnaeus, 1758)",Scolopacidae,Actitis,hypoleucos,Species,M,Whole year,149
301,Changsha Martyrs Cemetery,"Larus ridibundus (Linnaeus, 1766)",Laridae,Larus,ridibundus,Species,M,Whole year,149
301,Changsha Martyrs Cemetery,"Chlidonias hybrida (Pallas, 1811)",Laridae,Chlidonias,hybrida,Species,M,Whole year,149
301,Changsha Martyrs Cemetery,"Streptopelia orientalis (Latham, 1790)",Columbidae,Streptopelia,orientalis,Species,R,Whole year,149
301,Changsha Martyrs Cemetery,"Stigmatopelia chinensis (Scopoli, 1768)",Columbidae,Stigmatopelia,chinensis,Species,R,Whole year,149
301,Changsha Martyrs Cemetery,"Cuculus sparverioides (Vigors, 1832)",scolopacea,Cuculus,sparverioides,Species,M,Whole year,149
301,Changsha Martyrs Cemetery,"Cuculus micropterus (Gould, 1838)",scolopacea,Cuculus,micropterus,Species,M,Whole year,149
301,Changsha Martyrs Cemetery,"Cuculus canorus (Linnaeus, 1758)",scolopacea,Cuculus,canorus,Species,M,Whole year,149
301,Changsha Martyrs Cemetery,"Eudynamys scolopaceus (Linnaeus, 1758)",Cuculidae,Eudynamys,scolopaceus,Species,M,Whole year,149
301,Changsha Martyrs Cemetery,"Otus sunia (Hodgson, 1836)",Campephagidae,Otus,sunia,Species,R,Whole year,149
301,Changsha Martyrs Cemetery,"Glaucidium cuculoides (Vigors, 1831)",Strigidae,Glaucidium,cuculoides,Species,R,Whole year,149
301,Changsha Martyrs Cemetery,"Ceryle rudis (Linnaeus, 1758)",Alcedinidae,Ceryle,rudis,Species,R,Whole year,149
301,Changsha Martyrs Cemetery,"Alcedo atthis (Linnaeus, 1758)",Alcedinidae,Alcedo,atthis,Species,R,Whole year,149
301,Changsha Martyrs Cemetery,"Halcyon smyrnensis (Linnaeus, 1758)",Alcedinidae,Halcyon,smyrnensis,Species,R,Whole year,149
301,Changsha Martyrs Cemetery,"Upupa epops (Linnaeus, 1758)",Upupidae,Upupa,epops,Species,R,Whole year,149
301,Changsha Martyrs Cemetery,"Picumnus innominatus (Burton, 1836)",Picidae,Picumnus,innominatus,Species,R,Whole year,149
301,Changsha Martyrs Cemetery,"Picus canus (Gmelin, 1788)",Picidae,Picus,canus,Species,R,Whole year,149
301,Changsha Martyrs Cemetery,"Dendrocopos hyperythrus (Vigors, 1831)",Picidae,Dendrocopos,hyperythrus,Species,R,Whole year,149
301,Changsha Martyrs Cemetery,"Dendrocopos major (Linnaeus, 1758)",Picidae,Dendrocopos,major,Species,R,Whole year,149
301,Changsha Martyrs Cemetery,"Dendrocopos canicapillus (Blyth, 1845)",Picidae,Dendrocopos,canicapillus,Species,R,Whole year,149
301,Changsha Martyrs Cemetery,"Alauda arvensis (Linnaeus, 1758)",Alaudidae,Alauda,arvensis,Species,R,Whole year,149
301,Changsha Martyrs Cemetery,"Alauda gulgula (Franklin, 1831)",Alaudidae,Alauda,gulgula,Species,M,Whole year,149
301,Changsha Martyrs Cemetery,"Hirundo rustica (Linnaeus, 1758)",Laridae,Hirundo,rustica,Species,M,Whole year,149
301,Changsha Martyrs Cemetery,"Hirundo daurica (Laxmann, 1769)",Laridae,Hirundo,daurica,Species,M,Whole year,149
301,Changsha Martyrs Cemetery,"Dendronanthus indicus (Gmelin, 1789)",Motacillidae,Dendronanthus,indicus,Species,M,Whole year,149
301,Changsha Martyrs Cemetery,"Motacilla cinerea (Tunstall, 1771)",Motacillidae,Motacilla,cinerea,Species,R,Whole year,149
301,Changsha Martyrs Cemetery,"Motacilla alba (Linnaeus, 1758)",Motacillidae,Motacilla,alba,Species,R,Whole year,149
301,Changsha Martyrs Cemetery,"Anthus hodgsoni (Richmond, 1907)",Motacillidae,Anthus,hodgsoni,Species,M,Whole year,149
301,Changsha Martyrs Cemetery,"Anthus richardi (Vieillot, 1818)",Motacillidae,Anthus,richardi,Species,M,Whole year,149
301,Changsha Martyrs Cemetery,"Anthus spinoletta (Linnaeus, 1758)",Motacillidae,Anthus,spinoletta,Species,M,Whole year,149
301,Changsha Martyrs Cemetery,"Coracina melaschistos (Hodgson, 1836)",Campephagidae,Coracina,melaschistos,Species,M,Whole year,149
301,Changsha Martyrs Cemetery,"Spizixos semitorques (Swinhoe, 1861)",Pycnonotidae,Spizixos,semitorques,Species,R,Whole year,149
301,Changsha Martyrs Cemetery,"Pycnonotus sinensis (Gmelin, 1789)",Pycnonotidae,Pycnonotus,sinensis,Species,R,Whole year,149
301,Changsha Martyrs Cemetery,"Hemixos castanonotus (Swinhoe, 1870)",Pycnonotidae,Hemixos,castanonotus,Species,M,Whole year,149
301,Changsha Martyrs Cemetery,"Lanius cristatus (Linnaeus, 1758)",Laniidae,Lanius,cristatus,Species,M,Whole year,149
301,Changsha Martyrs Cemetery,"Lanius schach (Linnaeus, 1758)",Laniidae,Lanius,schach,Species,R,Whole year,149
301,Changsha Martyrs Cemetery,"Dicrurus macrocercus (Vieillot, 1817)",Dicruridae,Dicrurus,macrocercus,Species,M,Whole year,149
301,Changsha Martyrs Cemetery,"Sturnus sericeus (Gmelin, 1789)",Sturnidae,Sturnus,sericeus,Species,R,Whole year,149
301,Changsha Martyrs Cemetery,"Sturnus cineraceus (Temminck, 1835)",Sturnidae,Sturnus,cineraceus,Species,R,Whole year,149
301,Changsha Martyrs Cemetery,"Acridotheres cristatellus (Linnaeus, 1758)",Sturnidae,Acridotheres,cristatellus,Species,R,Whole year,149
301,Changsha Martyrs Cemetery,"Garrulus glandarius (Linnaeus, 1758)",Corvidae,Garrulus,glandarius,Species,R,Whole year,149
301,Changsha Martyrs Cemetery,"Urocissa erythrorhyncha (Boddaert, 1783)",Corvidae,Urocissa,erythrorhyncha,Species,R,Whole year,149
301,Changsha Martyrs Cemetery,"Cyanopica cyanus (Pallas, 1776)",Corvidae,Cyanopica,cyanus,Species,R,Whole year,149
301,Changsha Martyrs Cemetery,"Pica pica (Linnaeus, 1758)",Corvidae,Pica,pica,Species,R,Whole year,149
301,Changsha Martyrs Cemetery,"Tarsiger cyanurus (Pallas, 1773)",Muscicapidae,Tarsiger,cyanurus,Species,R,Whole year,149
301,Changsha Martyrs Cemetery,"Copsychus saularis (Linnaeus, 1758)",Muscicapidae,Copsychus,saularis,Species,R,Whole year,149
301,Changsha Martyrs Cemetery,"Phoenicurus auroreus (Pallas, 1776)",Muscicapidae,Phoenicurus,auroreus,Species,M,Whole year,149
301,Changsha Martyrs Cemetery,"Saxicola torquatus (Linnaeus, 1766)",Muscicapidae,Saxicola,torquatus,Species,M,Whole year,149
301,Changsha Martyrs Cemetery,"Myophonus caeruleus (Scopoli, 1786)",Muscicapidae,Myophonus,caeruleus,Species,R,Whole year,149
301,Changsha Martyrs Cemetery,"Turdus hortulorum (P.L.Sclater, 1863)",Turdidae,Turdus,hortulorum,Species,M,Whole year,149
301,Changsha Martyrs Cemetery,"Turdus cardis (Temminck, 1831)",Turdidae,Turdus,cardis,Species,M,Whole year,149
301,Changsha Martyrs Cemetery,"Turdus merula (Linnaeus, 1758)",Turdidae,Turdus,merula,Species,R,Whole year,149
301,Changsha Martyrs Cemetery,"Turdus naumanni (Temminck, 1820)",Turdidae,Turdus,naumanni,Species,M,Whole year,149
301,Changsha Martyrs Cemetery,"Turdus pallidus (Gmelin, 1789)",Turdidae,Turdus,pallidus,Species,M,Whole year,149
301,Changsha Martyrs Cemetery,"Muscicapa sibirica (Gmelin, 1789)",Muscicapidae,Muscicapa,sibirica,Species,R,Whole year,149
301,Changsha Martyrs Cemetery,"Pomatorhinus ruficollis (Hodgson, 1836)",Timaliidae,Pomatorhinus,ruficollis,Species,R,Whole year,149
301,Changsha Martyrs Cemetery,"Babax lanceolatus (J.Verreaux, 1870)",Muscicapidae,Babax,lanceolatus,Species,M,Whole year,149
301,Changsha Martyrs Cemetery,"Garrulax perspicillatus (Gmelin, 1789)",Leiothrichidae,Garrulax,perspicillatus,Species,R,Whole year,149
301,Changsha Martyrs Cemetery,"Garrulax pectoralis (Gould, 1836)",Leiothrichidae,Garrulax,pectoralis,Species,R,Whole year,149
301,Changsha Martyrs Cemetery,"Garrulax canorus (Linnaeus, 1758)",Leiothrichidae,Garrulax,canorus,Species,R,Whole year,149
301,Changsha Martyrs Cemetery,"Garrulax sannio (Swinhoe, 1867)",Leiothrichidae,Garrulax,sannio,Species,R,Whole year,149
301,Changsha Martyrs Cemetery,"Leiothrix lutea (Scopoli, 1786)",Leiothrichidae,Leiothrix,lutea,Species,M,Whole year,149
301,Changsha Martyrs Cemetery,"Yuhina castaniceps (Moore, 1854)",Zosteropidae,Yuhina,castaniceps,Species,R,Whole year,149
301,Changsha Martyrs Cemetery,"Paradoxornis webbianus (Gould, 1852)",Paradoxornithidae,Paradoxornis,webbianus,Species,R,Whole year,149
301,Changsha Martyrs Cemetery,"Prinia inornata (Sykes, 1832)",Cisticolidae,Prinia,inornata,Species,R,Whole year,149
301,Changsha Martyrs Cemetery,"Cettia diphone (Kittlitz, 1830)",Cettiidae,Cettia,diphone,Species,R,Whole year,149
301,Changsha Martyrs Cemetery,"Cettia fortipes (Hodgson, 1845)",Cettiidae,Cettia,fortipes,Species,R,Whole year,149
301,Changsha Martyrs Cemetery,"Phylloscopus inornatus (Blyth, 1842)",Phylloscopidae,Phylloscopus,inornatus,Species,M,Whole year,149
301,Changsha Martyrs Cemetery,"Abroscopus albogularis (Moore, 1854)",Cettiidae,Abroscopus,albogularis,Species,R,Whole year,149
301,Changsha Martyrs Cemetery,"Zosterops japonicus (Temminck & Schlegel, 1845)",Zosteropidae,Zosterops,japonicus,Species,M,Whole year,149
301,Changsha Martyrs Cemetery,"Remiz consobrinus (Swinhoe, 1870)",Remizidae,Remiz,consobrinus,Species,M,Whole year,149
301,Changsha Martyrs Cemetery,"Aegithalos concinnus (Gould, 1855)",Aegithalidae,Aegithalos,concinnus,Species,R,Whole year,149
301,Changsha Martyrs Cemetery,"Parus major (Linnaeus, 1758)",Paridae,Parus,major,Species,R,Whole year,149
301,Changsha Martyrs Cemetery,"Parus venustulus (R. Swinhoe, 1870)",Paridae,Parus,venustulus,Species,R,Whole year,149
301,Changsha Martyrs Cemetery,"Passer montanus (Linnaeus, 1758)",Passeridae,Passer,montanus,Species,R,Whole year,149
301,Changsha Martyrs Cemetery,"Passer rutilans (Temminck, 1836)",Passeridae,Passer,rutilans,Species,R,Whole year,149
301,Changsha Martyrs Cemetery,"Lonchura striata (Linnaeus, 1766)",Estrildidae,Lonchura,striata,Species,R,Whole year,149
301,Changsha Martyrs Cemetery,"Lonchura punctulata (Linnaeus, 1758)",Estrildidae,Lonchura,punctulata,Species,R,Whole year,149
301,Changsha Martyrs Cemetery,"Fringilla montifringilla (Linnaeus, 1758)",Fringillidae,Fringilla,montifringilla,Species,M,Whole year,149
301,Changsha Martyrs Cemetery,"Carduelis sinica (Linnaeus, 1766)",Fringillidae,Carduelis,sinica,Species,R,Whole year,149
301,Changsha Martyrs Cemetery,"Eophona migratoria (Hartert, 1903)",Fringillidae,Eophona,migratoria,Species,R,Whole year,149
301,Changsha Martyrs Cemetery,"Emberiza spodocephala (Pallas, 1776)",Emberizidae,Emberiza,spodocephala,Species,M,Whole year,149
301,Changsha Martyrs Cemetery,"Emberiza chrysophrys (Pallas, 1776)",Emberizidae,Emberiza,chrysophrys,Species,M,Whole year,149
301,Changsha Martyrs Cemetery,"Emberiza elegans (Temminck, 1836)",Emberizidae,Emberiza,elegans,Species,M,Whole year,149
301,Changsha Martyrs Cemetery,"Emberiza pusilla (Pallas, 1776)",Emberizidae,Emberiza,pusilla,Species,M,Whole year,149
302,Changsha Orange Island Park,"Tachybaptus ruficollis (Pallas, 1764)",Podicipedidae,Tachybaptus,ruficollis,Species,R,Whole year,149
302,Changsha Orange Island Park,"Phalacrocorax carbo (Linnaeus, 1758)",Phalacrocoracidae,Phalacrocorax,carbo,Species,M,Whole year,149
302,Changsha Orange Island Park,"Butorides striata (Linnaeus, 1758)",Ardeidae,Butorides,striata,Species,M,Whole year,149
302,Changsha Orange Island Park,"Ardeola bacchus (Bonaparte, 1855)",Ardeidae,Ardeola,bacchus,Species,M,Whole year,149
302,Changsha Orange Island Park,"Casmerodius albus (Linnaeus, 1758)",Ardeidae,Casmerodius,albus,Species,M,Whole year,149
302,Changsha Orange Island Park,"Mesophoyx intermedia (Wagler, 1829)",Ardeidae,Mesophoyx,intermedia,Species,M,Whole year,149
302,Changsha Orange Island Park,"Egretta garzetta (Linnaeus, 1766)",Ardeidae,Egretta,garzetta,Species,M,Whole year,149
302,Changsha Orange Island Park,"Bubulcus ibis (Linnaeus, 1758)",Ardeidae,Bubulcus,ibis,Species,R,Whole year,149
302,Changsha Orange Island Park,"Nycticorax nycticorax (Linnaeus, 1758)",Ardeidae,Nycticorax,nycticorax,Species,R,Whole year,149
302,Changsha Orange Island Park,"Anas poecilorhyncha (J.R.Forster, 1781)",Anatidae,Anas,poecilorhyncha,Species,M,Whole year,149
302,Changsha Orange Island Park,"Tadorna tadorna (Linnaeus, 1758)",Laridae,Tadorna,tadorna,Species,M,Whole year,149
302,Changsha Orange Island Park,"Buteo buteo (Linnaeus, 1758)",Accipitridae,Buteo,buteo,Species,R,Whole year,149
302,Changsha Orange Island Park,"Falco tinnunculus (Linnaeus, 1758)",Falconidae,Falco,tinnunculus,Species,R,Whole year,149
302,Changsha Orange Island Park,"Bambusicola thoracicus (Temminck, 1815)",Phasianidae,Bambusicola,thoracicus,Species,M,Whole year,149
302,Changsha Orange Island Park,"Phasianus colchicus (Linnaeus, 1758)",Jacanidae,Phasianus,colchicus,Species,R,Whole year,149
302,Changsha Orange Island Park,"Amaurornis akool (Sykes, 1832)",Rallidae,Amaurornis,akool,Species,R,Whole year,149
302,Changsha Orange Island Park,"Gallinula chloropus (Linnaeus, 1758)",Rallidae,Gallinula,chloropus,Species,R,Whole year,149
302,Changsha Orange Island Park,"Rostratula benghalensis (Linnaeus, 1758)",Rostratulidae,Rostratula,benghalensis,Species,R,Whole year,149
302,Changsha Orange Island Park,"Recurvirostra avosetta (Linnaeus, 1758)",Recurvirostridae,Recurvirostra,avosetta,Species,M,Whole year,149
302,Changsha Orange Island Park,"Glareola maldivarum (J.R.Forster, 1795)",Scolopacidae,Glareola,maldivarum,Species,M,Whole year,149
302,Changsha Orange Island Park,"Vanellus vanellus (Linnaeus, 1758)",Charadriidae,Vanellus,vanellus,Species,M,Whole year,149
302,Changsha Orange Island Park,"Vanellus cinereus (Blyth, 1842)",Charadriidae,Vanellus,cinereus,Species,M,Whole year,149
302,Changsha Orange Island Park,"Charadrius dubius (Scopoli, 1786)",Charadriidae,Charadrius,dubius,Species,M,Whole year,149
302,Changsha Orange Island Park,"Charadrius alexandrinus (Linnaeus, 1758)",Charadriidae,Charadrius,alexandrinus,Species,R,Whole year,149
302,Changsha Orange Island Park,"Gallinago stenura (Bonaparte, 1831)",Scolopacidae,Gallinago,stenura,Species,M,Whole year,149
302,Changsha Orange Island Park,"Gallinago gallinago (Linnaeus, 1758)",Scolopacidae,Gallinago,gallinago,Species,M,Whole year,149
302,Changsha Orange Island Park,"Gallinago megala (Swinhoe, 1861)",Scolopacidae,Gallinago,megala,Species,M,Whole year,149
302,Changsha Orange Island Park,"Tringa erythropus (Pallas, 1764)",Scolopacidae,Tringa,erythropus,Species,M,Whole year,149
302,Changsha Orange Island Park,"Tringa totanus (Linnaeus, 1758)",Scolopacidae,Tringa,totanus,Species,M,Whole year,149
302,Changsha Orange Island Park,"Tringa nebularia (Gunnerus, 1767)",Scolopacidae,Tringa,nebularia,Species,M,Whole year,149
302,Changsha Orange Island Park,"Tringa ochropus (Linnaeus, 1758)",Scolopacidae,Tringa,ochropus,Species,M,Whole year,149
302,Changsha Orange Island Park,"Actitis hypoleucos (Linnaeus, 1758)",Scolopacidae,Actitis,hypoleucos,Species,M,Whole year,149
302,Changsha Orange Island Park,"Larus ridibundus (Linnaeus, 1766)",Laridae,Larus,ridibundus,Species,M,Whole year,149
302,Changsha Orange Island Park,"Chlidonias hybrida (Pallas, 1811)",Laridae,Chlidonias,hybrida,Species,M,Whole year,149
302,Changsha Orange Island Park,"Chlidonias leucopterus (Temminck, 1815)",Laridae,Chlidonias,leucopterus,Species,M,Whole year,149
302,Changsha Orange Island Park,"Streptopelia orientalis (Latham, 1790)",Columbidae,Streptopelia,orientalis,Species,R,Whole year,149
302,Changsha Orange Island Park,"Stigmatopelia chinensis (Scopoli, 1768)",Columbidae,Stigmatopelia,chinensis,Species,R,Whole year,149
302,Changsha Orange Island Park,"Streptopelia tranquebarica (Hermann, 1804)",Columbidae,Streptopelia,tranquebarica,Species,R,Whole year,149
302,Changsha Orange Island Park,"Cuculus micropterus (Gould, 1838)",scolopacea,Cuculus,micropterus,Species,M,Whole year,149
302,Changsha Orange Island Park,"Cuculus canorus (Linnaeus, 1758)",scolopacea,Cuculus,canorus,Species,M,Whole year,149
302,Changsha Orange Island Park,"Glaucidium cuculoides (Vigors, 1831)",Strigidae,Glaucidium,cuculoides,Species,R,Whole year,149
302,Changsha Orange Island Park,"Ceryle rudis (Linnaeus, 1758)",Alcedinidae,Ceryle,rudis,Species,R,Whole year,149
302,Changsha Orange Island Park,"Alcedo atthis (Linnaeus, 1758)",Alcedinidae,Alcedo,atthis,Species,R,Whole year,149
302,Changsha Orange Island Park,"Halcyon smyrnensis (Linnaeus, 1758)",Alcedinidae,Halcyon,smyrnensis,Species,R,Whole year,149
302,Changsha Orange Island Park,"Halcyon pileata (Boddaert, 1783)",Alcedinidae,Halcyon,pileata,Species,R,Whole year,149
302,Changsha Orange Island Park,"Upupa epops (Linnaeus, 1758)",Upupidae,Upupa,epops,Species,R,Whole year,149
302,Changsha Orange Island Park,"Picumnus innominatus (Burton, 1836)",Picidae,Picumnus,innominatus,Species,R,Whole year,149
302,Changsha Orange Island Park,"Picus canus (Gmelin, 1788)",Picidae,Picus,canus,Species,R,Whole year,149
302,Changsha Orange Island Park,"Dendrocopos hyperythrus (Vigors, 1831)",Picidae,Dendrocopos,hyperythrus,Species,R,Whole year,149
302,Changsha Orange Island Park,"Alauda arvensis (Linnaeus, 1758)",Alaudidae,Alauda,arvensis,Species,R,Whole year,149
302,Changsha Orange Island Park,"Alauda gulgula (Franklin, 1831)",Alaudidae,Alauda,gulgula,Species,M,Whole year,149
302,Changsha Orange Island Park,"Hirundo rustica (Linnaeus, 1758)",Laridae,Hirundo,rustica,Species,M,Whole year,149
302,Changsha Orange Island Park,"Hirundo daurica (Laxmann, 1769)",Laridae,Hirundo,daurica,Species,M,Whole year,149
302,Changsha Orange Island Park,"Motacilla flava (Linnaeus, 1758)",Motacillidae,Motacilla,flava,Species,R,Whole year,149
302,Changsha Orange Island Park,"Motacilla citreola (Pallas, 1776)",Motacillidae,Motacilla,citreola,Species,M,Whole year,149
302,Changsha Orange Island Park,"Motacilla cinerea (Tunstall, 1771)",Motacillidae,Motacilla,cinerea,Species,R,Whole year,149
302,Changsha Orange Island Park,"Motacilla alba (Linnaeus, 1758)",Motacillidae,Motacilla,alba,Species,R,Whole year,149
302,Changsha Orange Island Park,"Anthus hodgsoni (Richmond, 1907)",Motacillidae,Anthus,hodgsoni,Species,M,Whole year,149
302,Changsha Orange Island Park,"Anthus richardi (Vieillot, 1818)",Motacillidae,Anthus,richardi,Species,M,Whole year,149
302,Changsha Orange Island Park,"Anthus spinoletta (Linnaeus, 1758)",Motacillidae,Anthus,spinoletta,Species,M,Whole year,149
302,Changsha Orange Island Park,"Anthus cervinus (Pallas, 1811)",Motacillidae,Anthus,cervinus,Species,M,Whole year,149
302,Changsha Orange Island Park,"Spizixos semitorques (Swinhoe, 1861)",Pycnonotidae,Spizixos,semitorques,Species,R,Whole year,149
302,Changsha Orange Island Park,"Pycnonotus sinensis (Gmelin, 1789)",Pycnonotidae,Pycnonotus,sinensis,Species,R,Whole year,149
302,Changsha Orange Island Park,"Lanius cristatus (Linnaeus, 1758)",Laniidae,Lanius,cristatus,Species,M,Whole year,149
302,Changsha Orange Island Park,"Lanius schach (Linnaeus, 1758)",Laniidae,Lanius,schach,Species,R,Whole year,149
302,Changsha Orange Island Park,"Oriolus chinensis (Linnaeus, 1766)",Oriolidae,Oriolus,chinensis,Species,M,Whole year,149
302,Changsha Orange Island Park,"Dicrurus macrocercus (Vieillot, 1817)",Dicruridae,Dicrurus,macrocercus,Species,M,Whole year,149
302,Changsha Orange Island Park,"Sturnus vulgaris (Linnaeus, 1758)",Sturnidae,Sturnus,vulgaris,Species,M,Whole year,149
302,Changsha Orange Island Park,"Sturnus sericeus (Gmelin, 1789)",Sturnidae,Sturnus,sericeus,Species,R,Whole year,149
302,Changsha Orange Island Park,"Sturnus sturninus (Pallas, 1776)",Sturnidae,Sturnus,sturninus,Species,M,Whole year,149
302,Changsha Orange Island Park,"Sturnus cineraceus (Temminck, 1835)",Sturnidae,Sturnus,cineraceus,Species,R,Whole year,149
302,Changsha Orange Island Park,"Sturnus nigricollis (Paykull, 1807)",Sturnidae,Sturnus,nigricollis,Species,R,Whole year,149
302,Changsha Orange Island Park,"Acridotheres cristatellus (Linnaeus, 1758)",Sturnidae,Acridotheres,cristatellus,Species,R,Whole year,149
302,Changsha Orange Island Park,"Garrulus glandarius (Linnaeus, 1758)",Corvidae,Garrulus,glandarius,Species,R,Whole year,149
302,Changsha Orange Island Park,"Urocissa erythrorhyncha (Boddaert, 1783)",Corvidae,Urocissa,erythrorhyncha,Species,R,Whole year,149
302,Changsha Orange Island Park,"Cyanopica cyanus (Pallas, 1776)",Corvidae,Cyanopica,cyanus,Species,R,Whole year,149
302,Changsha Orange Island Park,"Pica pica (Linnaeus, 1758)",Corvidae,Pica,pica,Species,R,Whole year,149
302,Changsha Orange Island Park,"Tarsiger cyanurus (Pallas, 1773)",Muscicapidae,Tarsiger,cyanurus,Species,R,Whole year,149
302,Changsha Orange Island Park,"Copsychus saularis (Linnaeus, 1758)",Muscicapidae,Copsychus,saularis,Species,R,Whole year,149
302,Changsha Orange Island Park,"Phoenicurus auroreus (Pallas, 1776)",Muscicapidae,Phoenicurus,auroreus,Species,M,Whole year,149
302,Changsha Orange Island Park,"Saxicola torquatus (Linnaeus, 1766)",Muscicapidae,Saxicola,torquatus,Species,M,Whole year,149
302,Changsha Orange Island Park,"Turdus hortulorum (P.L.Sclater, 1863)",Turdidae,Turdus,hortulorum,Species,M,Whole year,149
302,Changsha Orange Island Park,"Turdus cardis (Temminck, 1831)",Turdidae,Turdus,cardis,Species,M,Whole year,149
302,Changsha Orange Island Park,"Turdus merula (Linnaeus, 1758)",Turdidae,Turdus,merula,Species,R,Whole year,149
302,Changsha Orange Island Park,"Turdus naumanni (Temminck, 1820)",Turdidae,Turdus,naumanni,Species,M,Whole year,149
302,Changsha Orange Island Park,"Pomatorhinus ruficollis (Hodgson, 1836)",Timaliidae,Pomatorhinus,ruficollis,Species,R,Whole year,149
302,Changsha Orange Island Park,"Garrulax perspicillatus (Gmelin, 1789)",Leiothrichidae,Garrulax,perspicillatus,Species,R,Whole year,149
302,Changsha Orange Island Park,"Garrulax pectoralis (Gould, 1836)",Leiothrichidae,Garrulax,pectoralis,Species,R,Whole year,149
302,Changsha Orange Island Park,"Garrulax canorus (Linnaeus, 1758)",Leiothrichidae,Garrulax,canorus,Species,R,Whole year,149
302,Changsha Orange Island Park,"Garrulax sannio (Swinhoe, 1867)",Leiothrichidae,Garrulax,sannio,Species,R,Whole year,149
302,Changsha Orange Island Park,"Paradoxornis webbianus (Gould, 1852)",Paradoxornithidae,Paradoxornis,webbianus,Species,R,Whole year,149
302,Changsha Orange Island Park,"Cisticola exilis (Vigors & Horsfield, 1827)",Cisticolidae,Cisticola,exilis,Species,M,Whole year,149
302,Changsha Orange Island Park,"Prinia inornata (Sykes, 1832)",Cisticolidae,Prinia,inornata,Species,R,Whole year,149
302,Changsha Orange Island Park,"Cettia diphone (Kittlitz, 1830)",Cettiidae,Cettia,diphone,Species,R,Whole year,149
302,Changsha Orange Island Park,"Cettia fortipes (Hodgson, 1845)",Cettiidae,Cettia,fortipes,Species,R,Whole year,149
302,Changsha Orange Island Park,"Acrocephalus arundinaceus (Linnaeus, 1758)",Acrocephalidae,Acrocephalus,arundinaceus,Species,M,Whole year,149
302,Changsha Orange Island Park,"Locustella pryeri (Seebohm, 1884)",Locustellidae,Locustella,pryeri,Species,M,Whole year,149
302,Changsha Orange Island Park,"Acrocephalus bistrigiceps (Swinhoe, 1860)",Acrocephalidae,Acrocephalus,bistrigiceps,Species,M,Whole year,149
302,Changsha Orange Island Park,"Acrocephalus aedon (Pallas, 1776)",Acrocephalidae,Acrocephalus,aedon,Species,M,Whole year,149
302,Changsha Orange Island Park,"Phylloscopus inornatus (Blyth, 1842)",Phylloscopidae,Phylloscopus,inornatus,Species,M,Whole year,149
302,Changsha Orange Island Park,"Locustella lanceolata (Temminck, 1840)",Locustellidae,Locustella,lanceolata,Species,M,Whole year,149
302,Changsha Orange Island Park,"Zosterops japonicus (Temminck & Schlegel, 1845)",Zosteropidae,Zosterops,japonicus,Species,M,Whole year,149
302,Changsha Orange Island Park,"Remiz consobrinus (Swinhoe, 1870)",Remizidae,Remiz,consobrinus,Species,M,Whole year,149
302,Changsha Orange Island Park,"Aegithalos concinnus (Gould, 1855)",Aegithalidae,Aegithalos,concinnus,Species,R,Whole year,149
302,Changsha Orange Island Park,"Parus major (Linnaeus, 1758)",Paridae,Parus,major,Species,R,Whole year,149
302,Changsha Orange Island Park,"Parus venustulus (R. Swinhoe, 1870)",Paridae,Parus,venustulus,Species,R,Whole year,149
302,Changsha Orange Island Park,"Passer montanus (Linnaeus, 1758)",Passeridae,Passer,montanus,Species,R,Whole year,149
302,Changsha Orange Island Park,"Lonchura striata (Linnaeus, 1766)",Estrildidae,Lonchura,striata,Species,R,Whole year,149
302,Changsha Orange Island Park,"Lonchura punctulata (Linnaeus, 1758)",Estrildidae,Lonchura,punctulata,Species,R,Whole year,149
302,Changsha Orange Island Park,"Fringilla montifringilla (Linnaeus, 1758)",Fringillidae,Fringilla,montifringilla,Species,M,Whole year,149
302,Changsha Orange Island Park,"Carduelis sinica (Linnaeus, 1766)",Fringillidae,Carduelis,sinica,Species,R,Whole year,149
302,Changsha Orange Island Park,"Eophona migratoria (Hartert, 1903)",Fringillidae,Eophona,migratoria,Species,R,Whole year,149
302,Changsha Orange Island Park,"Emberiza spodocephala (Pallas, 1776)",Emberizidae,Emberiza,spodocephala,Species,M,Whole year,149
302,Changsha Orange Island Park,"Emberiza rutila (Pallas, 1776)",Emberizidae,Emberiza,rutila,Species,M,Whole year,149
302,Changsha Orange Island Park,"Emberiza fucata (Pallas, 1776)",Emberizidae,Emberiza,fucata,Species,M,Whole year,149
302,Changsha Orange Island Park,"Emberiza elegans (Temminck, 1836)",Emberizidae,Emberiza,elegans,Species,M,Whole year,149
302,Changsha Orange Island Park,"Emberiza pusilla (Pallas, 1776)",Emberizidae,Emberiza,pusilla,Species,M,Whole year,149
303,Changsha Yanghu Wetland Park,"Tachybaptus ruficollis (Pallas, 1764)",Podicipedidae,Tachybaptus,ruficollis,Species,R,Whole year,149
303,Changsha Yanghu Wetland Park,"Ardea cinerea (Linnaeus, 1758)",Ardeidae,Ardea,cinerea,Species,M,Whole year,149
303,Changsha Yanghu Wetland Park,"Ardea purpurea (Linnaeus, 1766)",Ardeidae,Ardea,purpurea,Species,M,Whole year,149
303,Changsha Yanghu Wetland Park,"Butorides striata (Linnaeus, 1758)",Ardeidae,Butorides,striata,Species,M,Whole year,149
303,Changsha Yanghu Wetland Park,"Ardeola bacchus (Bonaparte, 1855)",Ardeidae,Ardeola,bacchus,Species,M,Whole year,149
303,Changsha Yanghu Wetland Park,"Casmerodius albus (Linnaeus, 1758)",Ardeidae,Casmerodius,albus,Species,M,Whole year,149
303,Changsha Yanghu Wetland Park,"Mesophoyx intermedia (Wagler, 1829)",Ardeidae,Mesophoyx,intermedia,Species,M,Whole year,149
303,Changsha Yanghu Wetland Park,"Egretta garzetta (Linnaeus, 1766)",Ardeidae,Egretta,garzetta,Species,M,Whole year,149
303,Changsha Yanghu Wetland Park,"Bubulcus ibis (Linnaeus, 1758)",Ardeidae,Bubulcus,ibis,Species,R,Whole year,149
303,Changsha Yanghu Wetland Park,"Nycticorax nycticorax (Linnaeus, 1758)",Ardeidae,Nycticorax,nycticorax,Species,R,Whole year,149
303,Changsha Yanghu Wetland Park,"Ixobrychus sinensis (Gmelin, 1789)",Ardeidae,Ixobrychus,sinensis,Species,M,Whole year,149
303,Changsha Yanghu Wetland Park,"Ixobrychus flavicollis (Latham, 1790)",Ardeidae,Ixobrychus,flavicollis,Species,M,Whole year,149
303,Changsha Yanghu Wetland Park,"Ixobrychus cinnamomeus (Gmelin, 1789)",Ardeidae,Ixobrychus,cinnamomeus,Species,M,Whole year,149
303,Changsha Yanghu Wetland Park,"Ixobrychus eurhythmus (Swinhoe, 1873)",Ardeidae,Ixobrychus,eurhythmus,Species,M,Whole year,149
303,Changsha Yanghu Wetland Park,"Plegadis falcinellus (Linnaeus, 1766)",Threskiornithidae,Plegadis,falcinellus,Species,M,Whole year,149
303,Changsha Yanghu Wetland Park,"Cygnus columbianus (Ord, 1815)",Anatidae,Cygnus,columbianus,Species,M,Whole year,149
303,Changsha Yanghu Wetland Park,"Anas crecca (Linnaeus, 1758)",Anatidae,Anas,crecca,Species,M,Whole year,149
303,Changsha Yanghu Wetland Park,"Anas platyrhynchos (Linnaeus, 1758)",Anatidae,Anas,platyrhynchos,Species,M,Whole year,149
303,Changsha Yanghu Wetland Park,"Nettapus coromandelianus (Gmelin, 1789)",Anatidae,Nettapus,coromandelianus,Species,R,Whole year,149
303,Changsha Yanghu Wetland Park,"Anas poecilorhyncha (J.R.Forster, 1781)",Anatidae,Anas,poecilorhyncha,Species,M,Whole year,149
303,Changsha Yanghu Wetland Park,"Aix galericulata (Linnaeus, 1758)",Anatidae,Aix,galericulata,Species,M,Whole year,149
303,Changsha Yanghu Wetland Park,"Buteo buteo (Linnaeus, 1758)",Accipitridae,Buteo,buteo,Species,R,Whole year,149
303,Changsha Yanghu Wetland Park,"Falco tinnunculus (Linnaeus, 1758)",Falconidae,Falco,tinnunculus,Species,R,Whole year,149
303,Changsha Yanghu Wetland Park,"Bambusicola thoracicus (Temminck, 1815)",Phasianidae,Bambusicola,thoracicus,Species,M,Whole year,149
303,Changsha Yanghu Wetland Park,"Phasianus colchicus (Linnaeus, 1758)",Jacanidae,Phasianus,colchicus,Species,R,Whole year,149
303,Changsha Yanghu Wetland Park,"Rallus aquaticus (Linnaeus, 1758)",Rallidae,Rallus,aquaticus,Species,M,Whole year,149
303,Changsha Yanghu Wetland Park,"Amaurornis phoenicurus (Pennant, 1769)",Rallidae,Amaurornis,phoenicurus,Species,M,Whole year,149
303,Changsha Yanghu Wetland Park,"Amaurornis akool (Sykes, 1832)",Rallidae,Amaurornis,akool,Species,R,Whole year,149
303,Changsha Yanghu Wetland Park,"Gallicrex cinerea (Gmelin, 1789)",Rallidae,Gallicrex,cinerea,Species,M,Whole year,149
303,Changsha Yanghu Wetland Park,"Fulica atra (Linnaeus, 1758)",Rallidae,Fulica,atra,Species,M,Whole year,149
303,Changsha Yanghu Wetland Park,"Gallinula chloropus (Linnaeus, 1758)",Rallidae,Gallinula,chloropus,Species,R,Whole year,149
303,Changsha Yanghu Wetland Park,"Hydrophasianus chirurgus (Scopoli, 1786)",Jacanidae,Hydrophasianus,chirurgus,Species,M,Whole year,149
303,Changsha Yanghu Wetland Park,"Rostratula benghalensis (Linnaeus, 1758)",Rostratulidae,Rostratula,benghalensis,Species,R,Whole year,149
303,Changsha Yanghu Wetland Park,"Himantopus himantopus (Linnaeus, 1758)",Recurvirostridae,Himantopus,himantopus,Species,M,Whole year,149
303,Changsha Yanghu Wetland Park,"Glareola maldivarum (J.R.Forster, 1795)",Scolopacidae,Glareola,maldivarum,Species,M,Whole year,149
303,Changsha Yanghu Wetland Park,"Vanellus cinereus (Blyth, 1842)",Charadriidae,Vanellus,cinereus,Species,M,Whole year,149
303,Changsha Yanghu Wetland Park,"Charadrius dubius (Scopoli, 1786)",Charadriidae,Charadrius,dubius,Species,M,Whole year,149
303,Changsha Yanghu Wetland Park,"Gallinago stenura (Bonaparte, 1831)",Scolopacidae,Gallinago,stenura,Species,M,Whole year,149
303,Changsha Yanghu Wetland Park,"Gallinago gallinago (Linnaeus, 1758)",Scolopacidae,Gallinago,gallinago,Species,M,Whole year,149
303,Changsha Yanghu Wetland Park,"Gallinago megala (Swinhoe, 1861)",Scolopacidae,Gallinago,megala,Species,M,Whole year,149
303,Changsha Yanghu Wetland Park,"Tringa erythropus (Pallas, 1764)",Scolopacidae,Tringa,erythropus,Species,M,Whole year,149
303,Changsha Yanghu Wetland Park,"Tringa nebularia (Gunnerus, 1767)",Scolopacidae,Tringa,nebularia,Species,M,Whole year,149
303,Changsha Yanghu Wetland Park,"Tringa ochropus (Linnaeus, 1758)",Scolopacidae,Tringa,ochropus,Species,M,Whole year,149
303,Changsha Yanghu Wetland Park,"Actitis hypoleucos (Linnaeus, 1758)",Scolopacidae,Actitis,hypoleucos,Species,M,Whole year,149
303,Changsha Yanghu Wetland Park,"Tringa glareola (Linnaeus, 1758)",Scolopacidae,Tringa,glareola,Species,M,Whole year,149
303,Changsha Yanghu Wetland Park,"Chlidonias hybrida (Pallas, 1811)",Laridae,Chlidonias,hybrida,Species,M,Whole year,149
303,Changsha Yanghu Wetland Park,"Streptopelia orientalis (Latham, 1790)",Columbidae,Streptopelia,orientalis,Species,R,Whole year,149
303,Changsha Yanghu Wetland Park,"Stigmatopelia chinensis (Scopoli, 1768)",Columbidae,Stigmatopelia,chinensis,Species,R,Whole year,149
303,Changsha Yanghu Wetland Park,"Cuculus sparverioides (Vigors, 1832)",scolopacea,Cuculus,sparverioides,Species,M,Whole year,149
303,Changsha Yanghu Wetland Park,"Cuculus micropterus (Gould, 1838)",scolopacea,Cuculus,micropterus,Species,M,Whole year,149
303,Changsha Yanghu Wetland Park,"Cuculus canorus (Linnaeus, 1758)",scolopacea,Cuculus,canorus,Species,M,Whole year,149
303,Changsha Yanghu Wetland Park,"Eudynamys scolopaceus (Linnaeus, 1758)",Cuculidae,Eudynamys,scolopaceus,Species,M,Whole year,149
303,Changsha Yanghu Wetland Park,"Ceryle rudis (Linnaeus, 1758)",Alcedinidae,Ceryle,rudis,Species,R,Whole year,149
303,Changsha Yanghu Wetland Park,"Alcedo atthis (Linnaeus, 1758)",Alcedinidae,Alcedo,atthis,Species,R,Whole year,149
303,Changsha Yanghu Wetland Park,"Halcyon smyrnensis (Linnaeus, 1758)",Alcedinidae,Halcyon,smyrnensis,Species,R,Whole year,149
303,Changsha Yanghu Wetland Park,"Upupa epops (Linnaeus, 1758)",Upupidae,Upupa,epops,Species,R,Whole year,149
303,Changsha Yanghu Wetland Park,"Megalaima virens (Boddaert, 1783)",Capitonidae,Megalaima,virens,Species,R,Whole year,149
303,Changsha Yanghu Wetland Park,"Jynx torquilla (Linnaeus, 1758)",Picidae,Jynx,torquilla,Species,R,Whole year,149
303,Changsha Yanghu Wetland Park,"Picumnus innominatus (Burton, 1836)",Picidae,Picumnus,innominatus,Species,R,Whole year,149
303,Changsha Yanghu Wetland Park,"Picus canus (Gmelin, 1788)",Picidae,Picus,canus,Species,R,Whole year,149
303,Changsha Yanghu Wetland Park,"Alauda arvensis (Linnaeus, 1758)",Alaudidae,Alauda,arvensis,Species,R,Whole year,149
303,Changsha Yanghu Wetland Park,"Alauda gulgula (Franklin, 1831)",Alaudidae,Alauda,gulgula,Species,M,Whole year,149
303,Changsha Yanghu Wetland Park,"Hirundo rustica (Linnaeus, 1758)",Laridae,Hirundo,rustica,Species,M,Whole year,149
303,Changsha Yanghu Wetland Park,"Hirundo daurica (Laxmann, 1769)",Laridae,Hirundo,daurica,Species,M,Whole year,149
303,Changsha Yanghu Wetland Park,"Motacilla cinerea (Tunstall, 1771)",Motacillidae,Motacilla,cinerea,Species,R,Whole year,149
303,Changsha Yanghu Wetland Park,"Motacilla alba (Linnaeus, 1758)",Motacillidae,Motacilla,alba,Species,R,Whole year,149
303,Changsha Yanghu Wetland Park,"Anthus hodgsoni (Richmond, 1907)",Motacillidae,Anthus,hodgsoni,Species,M,Whole year,149
303,Changsha Yanghu Wetland Park,"Anthus richardi (Vieillot, 1818)",Motacillidae,Anthus,richardi,Species,M,Whole year,149
303,Changsha Yanghu Wetland Park,"Anthus spinoletta (Linnaeus, 1758)",Motacillidae,Anthus,spinoletta,Species,M,Whole year,149
303,Changsha Yanghu Wetland Park,"Coracina melaschistos (Hodgson, 1836)",Campephagidae,Coracina,melaschistos,Species,M,Whole year,149
303,Changsha Yanghu Wetland Park,"Spizixos semitorques (Swinhoe, 1861)",Pycnonotidae,Spizixos,semitorques,Species,R,Whole year,149
303,Changsha Yanghu Wetland Park,"Pycnonotus sinensis (Gmelin, 1789)",Pycnonotidae,Pycnonotus,sinensis,Species,R,Whole year,149
303,Changsha Yanghu Wetland Park,"Lanius cristatus (Linnaeus, 1758)",Laniidae,Lanius,cristatus,Species,M,Whole year,149
303,Changsha Yanghu Wetland Park,"Lanius schach (Linnaeus, 1758)",Laniidae,Lanius,schach,Species,R,Whole year,149
303,Changsha Yanghu Wetland Park,"Dicrurus macrocercus (Vieillot, 1817)",Dicruridae,Dicrurus,macrocercus,Species,M,Whole year,149
303,Changsha Yanghu Wetland Park,"Sturnus sericeus (Gmelin, 1789)",Sturnidae,Sturnus,sericeus,Species,R,Whole year,149
303,Changsha Yanghu Wetland Park,"Sturnus cineraceus (Temminck, 1835)",Sturnidae,Sturnus,cineraceus,Species,R,Whole year,149
303,Changsha Yanghu Wetland Park,"Sturnus nigricollis (Paykull, 1807)",Sturnidae,Sturnus,nigricollis,Species,R,Whole year,149
303,Changsha Yanghu Wetland Park,"Acridotheres cristatellus (Linnaeus, 1758)",Sturnidae,Acridotheres,cristatellus,Species,R,Whole year,149
303,Changsha Yanghu Wetland Park,"Garrulus glandarius (Linnaeus, 1758)",Corvidae,Garrulus,glandarius,Species,R,Whole year,149
303,Changsha Yanghu Wetland Park,"Urocissa erythrorhyncha (Boddaert, 1783)",Corvidae,Urocissa,erythrorhyncha,Species,R,Whole year,149
303,Changsha Yanghu Wetland Park,"Cyanopica cyanus (Pallas, 1776)",Corvidae,Cyanopica,cyanus,Species,R,Whole year,149
303,Changsha Yanghu Wetland Park,"Pica pica (Linnaeus, 1758)",Corvidae,Pica,pica,Species,R,Whole year,149
303,Changsha Yanghu Wetland Park,"Corvus torquatus (Lesson, 1831)",Corvidae,Corvus,torquatus,Species,R,Whole year,149
303,Changsha Yanghu Wetland Park,"Luscinia svecica (Linnaeus, 1758)",Muscicapidae,Luscinia,svecica,Species,M,Whole year,149
303,Changsha Yanghu Wetland Park,"Tarsiger cyanurus (Pallas, 1773)",Muscicapidae,Tarsiger,cyanurus,Species,R,Whole year,149
303,Changsha Yanghu Wetland Park,"Copsychus saularis (Linnaeus, 1758)",Muscicapidae,Copsychus,saularis,Species,R,Whole year,149
303,Changsha Yanghu Wetland Park,"Phoenicurus auroreus (Pallas, 1776)",Muscicapidae,Phoenicurus,auroreus,Species,M,Whole year,149
303,Changsha Yanghu Wetland Park,"Saxicola torquatus (Linnaeus, 1766)",Muscicapidae,Saxicola,torquatus,Species,M,Whole year,149
303,Changsha Yanghu Wetland Park,"Turdus merula (Linnaeus, 1758)",Turdidae,Turdus,merula,Species,R,Whole year,149
303,Changsha Yanghu Wetland Park,"Turdus naumanni (Temminck, 1820)",Turdidae,Turdus,naumanni,Species,M,Whole year,149
303,Changsha Yanghu Wetland Park,"Muscicapa sibirica (Gmelin, 1789)",Muscicapidae,Muscicapa,sibirica,Species,R,Whole year,149
303,Changsha Yanghu Wetland Park,"Terpsiphone paradisi (Linnaeus, 1758)",Monarchidae,Terpsiphone,paradisi,Species,M,Whole year,149
303,Changsha Yanghu Wetland Park,"Pomatorhinus ruficollis (Hodgson, 1836)",Timaliidae,Pomatorhinus,ruficollis,Species,R,Whole year,149
303,Changsha Yanghu Wetland Park,"Garrulax perspicillatus (Gmelin, 1789)",Leiothrichidae,Garrulax,perspicillatus,Species,R,Whole year,149
303,Changsha Yanghu Wetland Park,"Garrulax canorus (Linnaeus, 1758)",Leiothrichidae,Garrulax,canorus,Species,R,Whole year,149
303,Changsha Yanghu Wetland Park,"Garrulax sannio (Swinhoe, 1867)",Leiothrichidae,Garrulax,sannio,Species,R,Whole year,149
303,Changsha Yanghu Wetland Park,"Paradoxornis webbianus (Gould, 1852)",Paradoxornithidae,Paradoxornis,webbianus,Species,R,Whole year,149
303,Changsha Yanghu Wetland Park,"Cisticola juncidis (Rafinesque, 1810)",Cisticolidae,Cisticola,juncidis,Species,M,Whole year,149
303,Changsha Yanghu Wetland Park,"Cisticola exilis (Vigors & Horsfield, 1827)",Cisticolidae,Cisticola,exilis,Species,M,Whole year,149
303,Changsha Yanghu Wetland Park,"Prinia inornata (Sykes, 1832)",Cisticolidae,Prinia,inornata,Species,R,Whole year,149
303,Changsha Yanghu Wetland Park,"Cettia diphone (Kittlitz, 1830)",Cettiidae,Cettia,diphone,Species,R,Whole year,149
303,Changsha Yanghu Wetland Park,"Cettia fortipes (Hodgson, 1845)",Cettiidae,Cettia,fortipes,Species,R,Whole year,149
303,Changsha Yanghu Wetland Park,"Acrocephalus arundinaceus (Linnaeus, 1758)",Acrocephalidae,Acrocephalus,arundinaceus,Species,M,Whole year,149
303,Changsha Yanghu Wetland Park,"Locustella pryeri (Seebohm, 1884)",Locustellidae,Locustella,pryeri,Species,M,Whole year,149
303,Changsha Yanghu Wetland Park,"Acrocephalus bistrigiceps (Swinhoe, 1860)",Acrocephalidae,Acrocephalus,bistrigiceps,Species,M,Whole year,149
303,Changsha Yanghu Wetland Park,"Acrocephalus aedon (Pallas, 1776)",Acrocephalidae,Acrocephalus,aedon,Species,M,Whole year,149
303,Changsha Yanghu Wetland Park,"Phylloscopus inornatus (Blyth, 1842)",Phylloscopidae,Phylloscopus,inornatus,Species,M,Whole year,149
303,Changsha Yanghu Wetland Park,"Zosterops japonicus (Temminck & Schlegel, 1845)",Zosteropidae,Zosterops,japonicus,Species,M,Whole year,149
303,Changsha Yanghu Wetland Park,"Aegithalos concinnus (Gould, 1855)",Aegithalidae,Aegithalos,concinnus,Species,R,Whole year,149
303,Changsha Yanghu Wetland Park,"Parus major (Linnaeus, 1758)",Paridae,Parus,major,Species,R,Whole year,149
303,Changsha Yanghu Wetland Park,"Parus venustulus (R. Swinhoe, 1870)",Paridae,Parus,venustulus,Species,R,Whole year,149
303,Changsha Yanghu Wetland Park,"Passer montanus (Linnaeus, 1758)",Passeridae,Passer,montanus,Species,R,Whole year,149
303,Changsha Yanghu Wetland Park,"Lonchura striata (Linnaeus, 1766)",Estrildidae,Lonchura,striata,Species,R,Whole year,149
303,Changsha Yanghu Wetland Park,"Lonchura punctulata (Linnaeus, 1758)",Estrildidae,Lonchura,punctulata,Species,R,Whole year,149
303,Changsha Yanghu Wetland Park,"Carduelis sinica (Linnaeus, 1766)",Fringillidae,Carduelis,sinica,Species,R,Whole year,149
303,Changsha Yanghu Wetland Park,"Eophona migratoria (Hartert, 1903)",Fringillidae,Eophona,migratoria,Species,R,Whole year,149
303,Changsha Yanghu Wetland Park,"Emberiza spodocephala (Pallas, 1776)",Emberizidae,Emberiza,spodocephala,Species,M,Whole year,149
303,Changsha Yanghu Wetland Park,"Emberiza rutila (Pallas, 1776)",Emberizidae,Emberiza,rutila,Species,M,Whole year,149
303,Changsha Yanghu Wetland Park,"Emberiza fucata (Pallas, 1776)",Emberizidae,Emberiza,fucata,Species,M,Whole year,149
303,Changsha Yanghu Wetland Park,"Emberiza pusilla (Pallas, 1776)",Emberizidae,Emberiza,pusilla,Species,M,Whole year,149
304,Changsha Yuelu Mountain Park,"Tachybaptus ruficollis (Pallas, 1764)",Podicipedidae,Tachybaptus,ruficollis,Species,R,Whole year,149
304,Changsha Yuelu Mountain Park,"Ardea cinerea (Linnaeus, 1758)",Ardeidae,Ardea,cinerea,Species,M,Whole year,149
304,Changsha Yuelu Mountain Park,"Butorides striata (Linnaeus, 1758)",Ardeidae,Butorides,striata,Species,M,Whole year,149
304,Changsha Yuelu Mountain Park,"Ardeola bacchus (Bonaparte, 1855)",Ardeidae,Ardeola,bacchus,Species,M,Whole year,149
304,Changsha Yuelu Mountain Park,"Egretta garzetta (Linnaeus, 1766)",Ardeidae,Egretta,garzetta,Species,M,Whole year,149
304,Changsha Yuelu Mountain Park,"Bubulcus ibis (Linnaeus, 1758)",Ardeidae,Bubulcus,ibis,Species,R,Whole year,149
304,Changsha Yuelu Mountain Park,"Nycticorax nycticorax (Linnaeus, 1758)",Ardeidae,Nycticorax,nycticorax,Species,R,Whole year,149
304,Changsha Yuelu Mountain Park,"Anas platyrhynchos (Linnaeus, 1758)",Anatidae,Anas,platyrhynchos,Species,M,Whole year,149
304,Changsha Yuelu Mountain Park,"Anas poecilorhyncha (J.R.Forster, 1781)",Anatidae,Anas,poecilorhyncha,Species,M,Whole year,149
304,Changsha Yuelu Mountain Park,"Buteo buteo (Linnaeus, 1758)",Accipitridae,Buteo,buteo,Species,R,Whole year,149
304,Changsha Yuelu Mountain Park,"Accipiter nisus (Linnaeus, 1758)",Accipitridae,Accipiter,nisus,Species,R,Whole year,149
304,Changsha Yuelu Mountain Park,"Accipiter virgatus (Temminck, 1822)",Accipitridae,Accipiter,virgatus,Species,R,Whole year,149
304,Changsha Yuelu Mountain Park,"Accipiter trivirgatus (Temminck, 1824)",Accipitridae,Accipiter,trivirgatus,Species,R,Whole year,149
304,Changsha Yuelu Mountain Park,"Falco tinnunculus (Linnaeus, 1758)",Falconidae,Falco,tinnunculus,Species,R,Whole year,149
304,Changsha Yuelu Mountain Park,"Bambusicola thoracicus (Temminck, 1815)",Phasianidae,Bambusicola,thoracicus,Species,M,Whole year,149
304,Changsha Yuelu Mountain Park,"Phasianus colchicus (Linnaeus, 1758)",Jacanidae,Phasianus,colchicus,Species,R,Whole year,149
304,Changsha Yuelu Mountain Park,"Amaurornis akool (Sykes, 1832)",Rallidae,Amaurornis,akool,Species,R,Whole year,149
304,Changsha Yuelu Mountain Park,"Tringa ochropus (Linnaeus, 1758)",Scolopacidae,Tringa,ochropus,Species,M,Whole year,149
304,Changsha Yuelu Mountain Park,"Actitis hypoleucos (Linnaeus, 1758)",Scolopacidae,Actitis,hypoleucos,Species,M,Whole year,149
304,Changsha Yuelu Mountain Park,"Streptopelia orientalis (Latham, 1790)",Columbidae,Streptopelia,orientalis,Species,R,Whole year,149
304,Changsha Yuelu Mountain Park,"Stigmatopelia chinensis (Scopoli, 1768)",Columbidae,Stigmatopelia,chinensis,Species,R,Whole year,149
304,Changsha Yuelu Mountain Park,"Cuculus sparverioides (Vigors, 1832)",scolopacea,Cuculus,sparverioides,Species,M,Whole year,149
304,Changsha Yuelu Mountain Park,"Cuculus micropterus (Gould, 1838)",scolopacea,Cuculus,micropterus,Species,M,Whole year,149
304,Changsha Yuelu Mountain Park,"Cuculus canorus (Linnaeus, 1758)",scolopacea,Cuculus,canorus,Species,M,Whole year,149
304,Changsha Yuelu Mountain Park,"Eudynamys scolopaceus (Linnaeus, 1758)",Cuculidae,Eudynamys,scolopaceus,Species,M,Whole year,149
304,Changsha Yuelu Mountain Park,"Otus sunia (Hodgson, 1836)",Campephagidae,Otus,sunia,Species,R,Whole year,149
304,Changsha Yuelu Mountain Park,"Otus bakkamoena (Pennant, 1769)",Campephagidae,Otus,bakkamoena,Species,R,Whole year,149
304,Changsha Yuelu Mountain Park,"Glaucidium cuculoides (Vigors, 1831)",Strigidae,Glaucidium,cuculoides,Species,R,Whole year,149
304,Changsha Yuelu Mountain Park,"Alcedo atthis (Linnaeus, 1758)",Alcedinidae,Alcedo,atthis,Species,R,Whole year,149
304,Changsha Yuelu Mountain Park,"Upupa epops (Linnaeus, 1758)",Upupidae,Upupa,epops,Species,R,Whole year,149
304,Changsha Yuelu Mountain Park,"Picumnus innominatus (Burton, 1836)",Picidae,Picumnus,innominatus,Species,R,Whole year,149
304,Changsha Yuelu Mountain Park,"Picus canus (Gmelin, 1788)",Picidae,Picus,canus,Species,R,Whole year,149
304,Changsha Yuelu Mountain Park,"Dendrocopos hyperythrus (Vigors, 1831)",Picidae,Dendrocopos,hyperythrus,Species,R,Whole year,149
304,Changsha Yuelu Mountain Park,"Dendrocopos major (Linnaeus, 1758)",Picidae,Dendrocopos,major,Species,R,Whole year,149
304,Changsha Yuelu Mountain Park,"Dendrocopos canicapillus (Blyth, 1845)",Picidae,Dendrocopos,canicapillus,Species,R,Whole year,149
304,Changsha Yuelu Mountain Park,"Alauda arvensis (Linnaeus, 1758)",Alaudidae,Alauda,arvensis,Species,R,Whole year,149
304,Changsha Yuelu Mountain Park,"Alauda gulgula (Franklin, 1831)",Alaudidae,Alauda,gulgula,Species,M,Whole year,149
304,Changsha Yuelu Mountain Park,"Hirundo rustica (Linnaeus, 1758)",Laridae,Hirundo,rustica,Species,M,Whole year,149
304,Changsha Yuelu Mountain Park,"Hirundo daurica (Laxmann, 1769)",Laridae,Hirundo,daurica,Species,M,Whole year,149
304,Changsha Yuelu Mountain Park,"Dendronanthus indicus (Gmelin, 1789)",Motacillidae,Dendronanthus,indicus,Species,M,Whole year,149
304,Changsha Yuelu Mountain Park,"Motacilla alba (Linnaeus, 1758)",Motacillidae,Motacilla,alba,Species,R,Whole year,149
304,Changsha Yuelu Mountain Park,"Anthus hodgsoni (Richmond, 1907)",Motacillidae,Anthus,hodgsoni,Species,M,Whole year,149
304,Changsha Yuelu Mountain Park,"Coracina melaschistos (Hodgson, 1836)",Campephagidae,Coracina,melaschistos,Species,M,Whole year,149
304,Changsha Yuelu Mountain Park,"Pycnonotus jocosus (Linnaeus, 1758)",Pycnonotidae,Pycnonotus,jocosus,Species,M,Whole year,149
304,Changsha Yuelu Mountain Park,"Spizixos semitorques (Swinhoe, 1861)",Pycnonotidae,Spizixos,semitorques,Species,R,Whole year,149
304,Changsha Yuelu Mountain Park,"Pycnonotus sinensis (Gmelin, 1789)",Pycnonotidae,Pycnonotus,sinensis,Species,R,Whole year,149
304,Changsha Yuelu Mountain Park,"Hemixos castanonotus (Swinhoe, 1870)",Pycnonotidae,Hemixos,castanonotus,Species,M,Whole year,149
304,Changsha Yuelu Mountain Park,"Lanius cristatus (Linnaeus, 1758)",Laniidae,Lanius,cristatus,Species,M,Whole year,149
304,Changsha Yuelu Mountain Park,"Lanius schach (Linnaeus, 1758)",Laniidae,Lanius,schach,Species,R,Whole year,149
304,Changsha Yuelu Mountain Park,"Dicrurus macrocercus (Vieillot, 1817)",Dicruridae,Dicrurus,macrocercus,Species,M,Whole year,149
304,Changsha Yuelu Mountain Park,"Sturnus sericeus (Gmelin, 1789)",Sturnidae,Sturnus,sericeus,Species,R,Whole year,149
304,Changsha Yuelu Mountain Park,"Sturnus cineraceus (Temminck, 1835)",Sturnidae,Sturnus,cineraceus,Species,R,Whole year,149
304,Changsha Yuelu Mountain Park,"Acridotheres cristatellus (Linnaeus, 1758)",Sturnidae,Acridotheres,cristatellus,Species,R,Whole year,149
304,Changsha Yuelu Mountain Park,"Garrulus glandarius (Linnaeus, 1758)",Corvidae,Garrulus,glandarius,Species,R,Whole year,149
304,Changsha Yuelu Mountain Park,"Urocissa erythrorhyncha (Boddaert, 1783)",Corvidae,Urocissa,erythrorhyncha,Species,R,Whole year,149
304,Changsha Yuelu Mountain Park,"Cyanopica cyanus (Pallas, 1776)",Corvidae,Cyanopica,cyanus,Species,R,Whole year,149
304,Changsha Yuelu Mountain Park,"Pica pica (Linnaeus, 1758)",Corvidae,Pica,pica,Species,R,Whole year,149
304,Changsha Yuelu Mountain Park,"Tarsiger cyanurus (Pallas, 1773)",Muscicapidae,Tarsiger,cyanurus,Species,R,Whole year,149
304,Changsha Yuelu Mountain Park,"Copsychus saularis (Linnaeus, 1758)",Muscicapidae,Copsychus,saularis,Species,R,Whole year,149
304,Changsha Yuelu Mountain Park,"Phoenicurus auroreus (Pallas, 1776)",Muscicapidae,Phoenicurus,auroreus,Species,M,Whole year,149
304,Changsha Yuelu Mountain Park,"Saxicola torquatus (Linnaeus, 1766)",Muscicapidae,Saxicola,torquatus,Species,M,Whole year,149
304,Changsha Yuelu Mountain Park,"Myophonus caeruleus (Scopoli, 1786)",Muscicapidae,Myophonus,caeruleus,Species,R,Whole year,149
304,Changsha Yuelu Mountain Park,"Turdus hortulorum (P.L.Sclater, 1863)",Turdidae,Turdus,hortulorum,Species,M,Whole year,149
304,Changsha Yuelu Mountain Park,"Turdus cardis (Temminck, 1831)",Turdidae,Turdus,cardis,Species,M,Whole year,149
304,Changsha Yuelu Mountain Park,"Turdus merula (Linnaeus, 1758)",Turdidae,Turdus,merula,Species,R,Whole year,149
304,Changsha Yuelu Mountain Park,"Turdus naumanni (Temminck, 1820)",Turdidae,Turdus,naumanni,Species,M,Whole year,149
304,Changsha Yuelu Mountain Park,"Zoothera dauma (Latham, 1790)",Turdidae,Zoothera,dauma,Species,M,Whole year,149
304,Changsha Yuelu Mountain Park,"Muscicapa sibirica (Gmelin, 1789)",Muscicapidae,Muscicapa,sibirica,Species,R,Whole year,149
304,Changsha Yuelu Mountain Park,"Pomatorhinus ruficollis (Hodgson, 1836)",Timaliidae,Pomatorhinus,ruficollis,Species,R,Whole year,149
304,Changsha Yuelu Mountain Park,"Garrulax perspicillatus (Gmelin, 1789)",Leiothrichidae,Garrulax,perspicillatus,Species,R,Whole year,149
304,Changsha Yuelu Mountain Park,"Garrulax albogularis (Gould, 1836)",Leiothrichidae,Garrulax,albogularis,Species,R,Whole year,149
304,Changsha Yuelu Mountain Park,"Garrulax pectoralis (Gould, 1836)",Leiothrichidae,Garrulax,pectoralis,Species,R,Whole year,149
304,Changsha Yuelu Mountain Park,"Garrulax canorus (Linnaeus, 1758)",Leiothrichidae,Garrulax,canorus,Species,R,Whole year,149
304,Changsha Yuelu Mountain Park,"Garrulax sannio (Swinhoe, 1867)",Leiothrichidae,Garrulax,sannio,Species,R,Whole year,149
304,Changsha Yuelu Mountain Park,"Leiothrix lutea (Scopoli, 1786)",Leiothrichidae,Leiothrix,lutea,Species,M,Whole year,149
304,Changsha Yuelu Mountain Park,"Yuhina castaniceps (Moore, 1854)",Zosteropidae,Yuhina,castaniceps,Species,R,Whole year,149
304,Changsha Yuelu Mountain Park,"Paradoxornis webbianus (Gould, 1852)",Paradoxornithidae,Paradoxornis,webbianus,Species,R,Whole year,149
304,Changsha Yuelu Mountain Park,"Paradoxornis gularis (G.R.Gray, 1845)",Paradoxornithidae,Paradoxornis,gularis,Species,R,Whole year,149
304,Changsha Yuelu Mountain Park,"Prinia inornata (Sykes, 1832)",Cisticolidae,Prinia,inornata,Species,R,Whole year,149
304,Changsha Yuelu Mountain Park,"Cettia diphone (Kittlitz, 1830)",Cettiidae,Cettia,diphone,Species,R,Whole year,149
304,Changsha Yuelu Mountain Park,"Cettia fortipes (Hodgson, 1845)",Cettiidae,Cettia,fortipes,Species,R,Whole year,149
304,Changsha Yuelu Mountain Park,"Phylloscopus inornatus (Blyth, 1842)",Phylloscopidae,Phylloscopus,inornatus,Species,M,Whole year,149
304,Changsha Yuelu Mountain Park,"Abroscopus albogularis (Moore, 1854)",Cettiidae,Abroscopus,albogularis,Species,R,Whole year,149
304,Changsha Yuelu Mountain Park,"Zosterops japonicus (Temminck & Schlegel, 1845)",Zosteropidae,Zosterops,japonicus,Species,M,Whole year,149
304,Changsha Yuelu Mountain Park,"Remiz consobrinus (Swinhoe, 1870)",Remizidae,Remiz,consobrinus,Species,M,Whole year,149
304,Changsha Yuelu Mountain Park,"Aegithalos concinnus (Gould, 1855)",Aegithalidae,Aegithalos,concinnus,Species,R,Whole year,149
304,Changsha Yuelu Mountain Park,"Parus major (Linnaeus, 1758)",Paridae,Parus,major,Species,R,Whole year,149
304,Changsha Yuelu Mountain Park,"Parus venustulus (R. Swinhoe, 1870)",Paridae,Parus,venustulus,Species,R,Whole year,149
304,Changsha Yuelu Mountain Park,"Passer montanus (Linnaeus, 1758)",Passeridae,Passer,montanus,Species,R,Whole year,149
304,Changsha Yuelu Mountain Park,"Passer rutilans (Temminck, 1836)",Passeridae,Passer,rutilans,Species,R,Whole year,149
304,Changsha Yuelu Mountain Park,"Lonchura striata (Linnaeus, 1766)",Estrildidae,Lonchura,striata,Species,R,Whole year,149
304,Changsha Yuelu Mountain Park,"Lonchura punctulata (Linnaeus, 1758)",Estrildidae,Lonchura,punctulata,Species,R,Whole year,149
304,Changsha Yuelu Mountain Park,"Fringilla montifringilla (Linnaeus, 1758)",Fringillidae,Fringilla,montifringilla,Species,M,Whole year,149
304,Changsha Yuelu Mountain Park,"Carduelis sinica (Linnaeus, 1766)",Fringillidae,Carduelis,sinica,Species,R,Whole year,149
304,Changsha Yuelu Mountain Park,"Eophona migratoria (Hartert, 1903)",Fringillidae,Eophona,migratoria,Species,R,Whole year,149
304,Changsha Yuelu Mountain Park,"Emberiza spodocephala (Pallas, 1776)",Emberizidae,Emberiza,spodocephala,Species,M,Whole year,149
304,Changsha Yuelu Mountain Park,"Emberiza chrysophrys (Pallas, 1776)",Emberizidae,Emberiza,chrysophrys,Species,M,Whole year,149
304,Changsha Yuelu Mountain Park,"Emberiza pusilla (Pallas, 1776)",Emberizidae,Emberiza,pusilla,Species,M,Whole year,149
305,Chengdu Botanical Garden,"Ardea cinerea (Linnaeus, 1758)",Ardeidae,Ardea,cinerea,Species,M,Whole year,216
305,Chengdu Botanical Garden,"Egretta garzetta (Linnaeus, 1766)",Ardeidae,Egretta,garzetta,Species,R,Whole year,216
305,Chengdu Botanical Garden,"Nycticorax nycticorax (Linnaeus, 1758)",Ardeidae,Nycticorax,nycticorax,Species,R,Whole year,216
305,Chengdu Botanical Garden,"Milvus migrans (Boddaert, 1783)",Accipitridae,Milvus,migrans,Species,R,Whole year,216
305,Chengdu Botanical Garden,"Accipiter gentilis (Linnaeus, 1758)",Accipitridae,Accipiter,gentilis,Species,M,Whole year,216
305,Chengdu Botanical Garden,"Accipiter nisus (Linnaeus, 1758)",Accipitridae,Accipiter,nisus,Species,R,Whole year,216
305,Chengdu Botanical Garden,"Buteo buteo (Linnaeus, 1758)",Accipitridae,Buteo,buteo,Species,M,Whole year,216
305,Chengdu Botanical Garden,"Circus cyaneus (Linnaeus, 1766)",Charadriidae,Circus,cyaneus,Species,M,Whole year,216
305,Chengdu Botanical Garden,"Falco tinnunculus (Linnaeus, 1758)",Falconidae,Falco,tinnunculus,Species,M,Whole year,216
305,Chengdu Botanical Garden,"Bambusicola thoracicus (Temminck, 1815)",Phasianidae,Bambusicola,thoracicus,Species,R,Whole year,216
305,Chengdu Botanical Garden,"Phasianus colchicus (Linnaeus, 1758)",Jacanidae,Phasianus,colchicus,Species,R,Whole year,216
305,Chengdu Botanical Garden,"Scolopax rusticola (Linnaeus, 1758)",Scolopacidae,Scolopax,rusticola,Species,M,Whole year,216
305,Chengdu Botanical Garden,"Columba hodgsonii (Vigors, 1832)",Columbidae,Columba,hodgsonii,Species,M,Whole year,216
305,Chengdu Botanical Garden,"Streptopelia orientalis (Latham, 1790)",Columbidae,Streptopelia,orientalis,Species,M,Whole year,216
305,Chengdu Botanical Garden,"Stigmatopelia chinensis (Scopoli, 1768)",Columbidae,Stigmatopelia,chinensis,Species,M,Whole year,216
305,Chengdu Botanical Garden,"Streptopelia tranquebarica (Hermann, 1804)",Columbidae,Streptopelia,tranquebarica,Species,R,Whole year,216
305,Chengdu Botanical Garden,"Cuculus sparverioides (Vigors, 1832)",scolopacea,Cuculus,sparverioides,Species,M,Whole year,216
305,Chengdu Botanical Garden,"Cuculus micropterus (Gould, 1838)",scolopacea,Cuculus,micropterus,Species,M,Whole year,216
305,Chengdu Botanical Garden,"Cuculus canorus (Linnaeus, 1758)",scolopacea,Cuculus,canorus,Species,M,Whole year,216
305,Chengdu Botanical Garden,"Asio otus (Linnaeus, 1758)",Strigidae,Asio,otus,Species,R,Whole year,216
305,Chengdu Botanical Garden,"Asio flammeus (Pontoppidan, 1763)",Strigidae,Asio,flammeus,Species,M,Whole year,216
305,Chengdu Botanical Garden,"Alcedo atthis (Linnaeus, 1758)",Alcedinidae,Alcedo,atthis,Species,R,Whole year,216
305,Chengdu Botanical Garden,"Upupa epops (Linnaeus, 1758)",Upupidae,Upupa,epops,Species,M,Whole year,216
305,Chengdu Botanical Garden,"Jynx torquilla (Linnaeus, 1758)",Picidae,Jynx,torquilla,Species,M,Whole year,216
305,Chengdu Botanical Garden,"Picus canus (Gmelin, 1788)",Picidae,Picus,canus,Species,R,Whole year,216
305,Chengdu Botanical Garden,"Calandrella cheleensis (Swinhoe, 1871)",Alaudidae,Calandrella,cheleensis,Species,M,Whole year,216
305,Chengdu Botanical Garden,"Hirundo rustica (Linnaeus, 1758)",Laridae,Hirundo,rustica,Species,M,Whole year,216
305,Chengdu Botanical Garden,"Hirundo daurica (Laxmann, 1769)",Laridae,Hirundo,daurica,Species,M,Whole year,216
305,Chengdu Botanical Garden,"Motacilla cinerea (Tunstall, 1771)",Motacillidae,Motacilla,cinerea,Species,M,Whole year,216
305,Chengdu Botanical Garden,"Motacilla alba (Linnaeus, 1758)",Motacillidae,Motacilla,alba,Species,R,Whole year,216
305,Chengdu Botanical Garden,"Dendronanthus indicus (Gmelin, 1789)",Motacillidae,Dendronanthus,indicus,Species,M,Whole year,216
305,Chengdu Botanical Garden,"Anthus richardi (Vieillot, 1818)",Motacillidae,Anthus,richardi,Species,M,Whole year,216
305,Chengdu Botanical Garden,"Anthus hodgsoni (Richmond, 1907)",Motacillidae,Anthus,hodgsoni,Species,M,Whole year,216
305,Chengdu Botanical Garden,"Anthus roseatus (Blyth, 1847)",Motacillidae,Anthus,roseatus,Species,M,Whole year,216
305,Chengdu Botanical Garden,"Spizixos semitorques (Swinhoe, 1861)",Pycnonotidae,Spizixos,semitorques,Species,R,Whole year,216
305,Chengdu Botanical Garden,"Pycnonotus sinensis (Gmelin, 1789)",Pycnonotidae,Pycnonotus,sinensis,Species,R,Whole year,216
305,Chengdu Botanical Garden,"Lanius tigrinus (Drapiez, 1828)",Laniidae,Lanius,tigrinus,Species,M,Whole year,216
305,Chengdu Botanical Garden,"Lanius bucephalus (Temminck & Schlegel, 1845)",Laniidae,Lanius,bucephalus,Species,M,Whole year,216
305,Chengdu Botanical Garden,"Lanius schach (Linnaeus, 1758)",Laniidae,Lanius,schach,Species,R,Whole year,216
305,Chengdu Botanical Garden,"Dicrurus macrocercus (Vieillot, 1817)",Dicruridae,Dicrurus,macrocercus,Species,M,Whole year,216
305,Chengdu Botanical Garden,"Sturnus vulgaris (Linnaeus, 1758)",Sturnidae,Sturnus,vulgaris,Species,M,Whole year,216
305,Chengdu Botanical Garden,"Sturnus cineraceus (Temminck, 1835)",Sturnidae,Sturnus,cineraceus,Species,M,Whole year,216
305,Chengdu Botanical Garden,"Urocissa erythrorhyncha (Boddaert, 1783)",Corvidae,Urocissa,erythrorhyncha,Species,R,Whole year,216
305,Chengdu Botanical Garden,"Troglodytes troglodytes (Linnaeus, 1758)",Troglodytidae,Troglodytes,troglodytes,Species,M,Whole year,216
305,Chengdu Botanical Garden,"Tarsiger cyanurus (Pallas, 1773)",Muscicapidae,Tarsiger,cyanurus,Species,M,Whole year,216
305,Chengdu Botanical Garden,"Copsychus saularis (Linnaeus, 1758)",Muscicapidae,Copsychus,saularis,Species,R,Whole year,216
305,Chengdu Botanical Garden,"Phoenicurus frontalis (Vigors, 1832)",Muscicapidae,Phoenicurus,frontalis,Species,M,Whole year,216
305,Chengdu Botanical Garden,"Phoenicurus auroreus (Pallas, 1776)",Muscicapidae,Phoenicurus,auroreus,Species,R,Whole year,216
305,Chengdu Botanical Garden,"Saxicola ferreus (J.E.Gray & G.R.Gray, 1847)",Muscicapidae,Saxicola,ferreus,Species,M,Whole year,216
305,Chengdu Botanical Garden,"Chaimarrornis leucocephalus (Vigors, 1831)",Muscicapidae,Chaimarrornis,leucocephalus,Species,M,Whole year,216
305,Chengdu Botanical Garden,"Monticola solitarius (Linnaeus, 1758)",Muscicapidae,Monticola,solitarius,Species,R,Whole year,216
305,Chengdu Botanical Garden,"Myophonus caeruleus (Scopoli, 1786)",Muscicapidae,Myophonus,caeruleus,Species,M,Whole year,216
305,Chengdu Botanical Garden,"Zoothera dauma (Latham, 1790)",Turdidae,Zoothera,dauma,Species,M,Whole year,216
305,Chengdu Botanical Garden,"Turdus merula (Linnaeus, 1758)",Turdidae,Turdus,merula,Species,R,Whole year,216
305,Chengdu Botanical Garden,"Turdus naumanni (Temminck, 1820)",Turdidae,Turdus,naumanni,Species,M,Whole year,216
305,Chengdu Botanical Garden,"Pomatorhinus ruficollis (Hodgson, 1836)",Timaliidae,Pomatorhinus,ruficollis,Species,R,Whole year,216
305,Chengdu Botanical Garden,"Stachyris ruficeps (Blyth, 1847)",Timaliidae,Stachyris,ruficeps,Species,R,Whole year,216
305,Chengdu Botanical Garden,"Garrulax canorus (Linnaeus, 1758)",Leiothrichidae,Garrulax,canorus,Species,R,Whole year,216
305,Chengdu Botanical Garden,"Garrulax sannio (Swinhoe, 1867)",Leiothrichidae,Garrulax,sannio,Species,R,Whole year,216
305,Chengdu Botanical Garden,"Garrulax elliotii (J.Verreaux, 1870)",Leiothrichidae,Garrulax,elliotii,Species,M,Whole year,216
305,Chengdu Botanical Garden,"Garrulax albogularis (Gould, 1836)",Leiothrichidae,Garrulax,albogularis,Species,R,Whole year,216
305,Chengdu Botanical Garden,"Leiothrix lutea (Scopoli, 1786)",Leiothrichidae,Leiothrix,lutea,Species,M,Whole year,216
305,Chengdu Botanical Garden,"Paradoxornis webbianus (Gould, 1852)",Paradoxornithidae,Paradoxornis,webbianus,Species,R,Whole year,216
305,Chengdu Botanical Garden,"Cettia fortipes (Hodgson, 1845)",Cettiidae,Cettia,fortipes,Species,M,Whole year,216
305,Chengdu Botanical Garden,"Phylloscopus fuscatus (Blyth, 1842)",Phylloscopidae,Phylloscopus,fuscatus,Species,M,Whole year,216
305,Chengdu Botanical Garden,"Phylloscopus proregulus (Pallas, 1811)",Phylloscopidae,Phylloscopus,proregulus,Species,M,Whole year,216
305,Chengdu Botanical Garden,"Phylloscopus trochiloides (Sundevall, 1837)",Phylloscopidae,Phylloscopus,trochiloides,Species,M,Whole year,216
305,Chengdu Botanical Garden,"Phylloscopus reguloides (Blyth, 1842)",Phylloscopidae,Phylloscopus,reguloides,Species,M,Whole year,216
305,Chengdu Botanical Garden,"Regulus regulus (Linnaeus, 1758)",Regulidae,Regulus,regulus,Species,M,Whole year,216
305,Chengdu Botanical Garden,"Prinia crinigera (Hodgson, 1836)",Cisticolidae,Prinia,crinigera,Species,R,Whole year,216
305,Chengdu Botanical Garden,"Niltava davidi (La Touche, 1907)",Muscicapidae,Niltava,davidi,Species,M,Whole year,216
305,Chengdu Botanical Garden,"Parus major (Linnaeus, 1758)",Paridae,Parus,major,Species,R,Whole year,216
305,Chengdu Botanical Garden,"Parus monticolus (Vigors, 1831)",Paridae,Parus,monticolus,Species,M,Whole year,216
305,Chengdu Botanical Garden,"Parus venustulus (R. Swinhoe, 1870)",Paridae,Parus,venustulus,Species,M,Whole year,216
305,Chengdu Botanical Garden,"Parus ater (Linnaeus, 1758)",Paridae,Parus,ater,Species,M,Whole year,216
305,Chengdu Botanical Garden,"Aegithalos concinnus (Gould, 1855)",Aegithalidae,Aegithalos,concinnus,Species,R,Whole year,216
305,Chengdu Botanical Garden,"Sitta europaea (Linnaeus, 1758)",Sittidae,Sitta,europaea,Species,M,Whole year,216
305,Chengdu Botanical Garden,"Certhia himalayana (Vigors, 1832)",Certhiidae,Certhia,himalayana,Species,M,Whole year,216
305,Chengdu Botanical Garden,"Dicaeum concolor (Jerdon, 1840)",Dicaeidae,Dicaeum,concolor,Species,M,Whole year,216
305,Chengdu Botanical Garden,"Dicaeum ignipectus (Blyth, 1843)",Dicaeidae,Dicaeum,ignipectus,Species,M,Whole year,216
305,Chengdu Botanical Garden,"Zosterops japonicus (Temminck & Schlegel, 1845)",Zosteropidae,Zosterops,japonicus,Species,M,Whole year,216
305,Chengdu Botanical Garden,"Passer montanus (Linnaeus, 1758)",Passeridae,Passer,montanus,Species,R,Whole year,216
305,Chengdu Botanical Garden,"Lonchura striata (Linnaeus, 1766)",Estrildidae,Lonchura,striata,Species,R,Whole year,216
305,Chengdu Botanical Garden,"Carduelis sinica (Linnaeus, 1766)",Fringillidae,Carduelis,sinica,Species,R,Whole year,216
305,Chengdu Botanical Garden,"Carpodacus vinaceus (J.Verreaux, 1871)",Fringillidae,Carpodacus,vinaceus,Species,M,Whole year,216
305,Chengdu Botanical Garden,"Carpodacus erythrinus (Pallas, 1770)",Fringillidae,Carpodacus,erythrinus,Species,M,Whole year,216
305,Chengdu Botanical Garden,"Pyrrhula erythaca (Blyth, 1862)",Fringillidae,Pyrrhula,erythaca,Species,M,Whole year,216
305,Chengdu Botanical Garden,"Eophona personata (Temminck & Schlegel, 1848)",Fringillidae,Eophona,personata,Species,M,Whole year,216
305,Chengdu Botanical Garden,"Emberiza spodocephala (Pallas, 1776)",Emberizidae,Emberiza,spodocephala,Species,M,Whole year,216
305,Chengdu Botanical Garden,"Emberiza cioides (von J.F.Brandt, 1843)",Emberizidae,Emberiza,cioides,Species,R,Whole year,216
305,Chengdu Botanical Garden,"Emberiza pusilla (Pallas, 1776)",Emberizidae,Emberiza,pusilla,Species,M,Whole year,216
305,Chengdu Botanical Garden,"Latoucheornis siemsseni (G.H.Martens, 1906)",Emberizidae,Latoucheornis,siemsseni,Species,M,Whole year,216
305,Chengdu Botanical Garden,"Cisticola juncidis (Rafinesque, 1810)",Cisticolidae,Cisticola,juncidis,Species,R,Whole year,216
306,Chengdu Dufu Thatched Cottage Park,"Egretta garzetta (Linnaeus, 1766)",Ardeidae,Egretta,garzetta,Species,R,Whole year,216
306,Chengdu Dufu Thatched Cottage Park,"Nycticorax nycticorax (Linnaeus, 1758)",Ardeidae,Nycticorax,nycticorax,Species,R,Whole year,216
306,Chengdu Dufu Thatched Cottage Park,"Milvus migrans (Boddaert, 1783)",Accipitridae,Milvus,migrans,Species,R,Whole year,216
306,Chengdu Dufu Thatched Cottage Park,"Accipiter gentilis (Linnaeus, 1758)",Accipitridae,Accipiter,gentilis,Species,M,Whole year,216
306,Chengdu Dufu Thatched Cottage Park,"Accipiter nisus (Linnaeus, 1758)",Accipitridae,Accipiter,nisus,Species,R,Whole year,216
306,Chengdu Dufu Thatched Cottage Park,"Buteo buteo (Linnaeus, 1758)",Accipitridae,Buteo,buteo,Species,M,Whole year,216
306,Chengdu Dufu Thatched Cottage Park,"Circus cyaneus (Linnaeus, 1766)",Charadriidae,Circus,cyaneus,Species,M,Whole year,216
306,Chengdu Dufu Thatched Cottage Park,"Charadrius dubius (Scopoli, 1786)",Charadriidae,Charadrius,dubius,Species,M,Whole year,216
306,Chengdu Dufu Thatched Cottage Park,"Streptopelia orientalis (Latham, 1790)",Columbidae,Streptopelia,orientalis,Species,M,Whole year,216
306,Chengdu Dufu Thatched Cottage Park,"Stigmatopelia chinensis (Scopoli, 1768)",Columbidae,Stigmatopelia,chinensis,Species,M,Whole year,216
306,Chengdu Dufu Thatched Cottage Park,"Streptopelia tranquebarica (Hermann, 1804)",Columbidae,Streptopelia,tranquebarica,Species,R,Whole year,216
306,Chengdu Dufu Thatched Cottage Park,"Cuculus sparverioides (Vigors, 1832)",scolopacea,Cuculus,sparverioides,Species,M,Whole year,216
306,Chengdu Dufu Thatched Cottage Park,"Cuculus micropterus (Gould, 1838)",scolopacea,Cuculus,micropterus,Species,M,Whole year,216
306,Chengdu Dufu Thatched Cottage Park,"Cuculus canorus (Linnaeus, 1758)",scolopacea,Cuculus,canorus,Species,M,Whole year,216
306,Chengdu Dufu Thatched Cottage Park,"Asio otus (Linnaeus, 1758)",Strigidae,Asio,otus,Species,R,Whole year,216
306,Chengdu Dufu Thatched Cottage Park,"Asio flammeus (Pontoppidan, 1763)",Strigidae,Asio,flammeus,Species,M,Whole year,216
306,Chengdu Dufu Thatched Cottage Park,"Alcedo atthis (Linnaeus, 1758)",Alcedinidae,Alcedo,atthis,Species,R,Whole year,216
306,Chengdu Dufu Thatched Cottage Park,"Halcyon pileata (Boddaert, 1783)",Alcedinidae,Halcyon,pileata,Species,M,Whole year,216
306,Chengdu Dufu Thatched Cottage Park,"Hirundo rustica (Linnaeus, 1758)",Laridae,Hirundo,rustica,Species,M,Whole year,216
306,Chengdu Dufu Thatched Cottage Park,"Hirundo daurica (Laxmann, 1769)",Laridae,Hirundo,daurica,Species,M,Whole year,216
306,Chengdu Dufu Thatched Cottage Park,"Motacilla cinerea (Tunstall, 1771)",Motacillidae,Motacilla,cinerea,Species,M,Whole year,216
306,Chengdu Dufu Thatched Cottage Park,"Motacilla alba (Linnaeus, 1758)",Motacillidae,Motacilla,alba,Species,R,Whole year,216
306,Chengdu Dufu Thatched Cottage Park,"Anthus richardi (Vieillot, 1818)",Motacillidae,Anthus,richardi,Species,M,Whole year,216
306,Chengdu Dufu Thatched Cottage Park,"Anthus hodgsoni (Richmond, 1907)",Motacillidae,Anthus,hodgsoni,Species,M,Whole year,216
306,Chengdu Dufu Thatched Cottage Park,"Spizixos semitorques (Swinhoe, 1861)",Pycnonotidae,Spizixos,semitorques,Species,R,Whole year,216
306,Chengdu Dufu Thatched Cottage Park,"Pycnonotus sinensis (Gmelin, 1789)",Pycnonotidae,Pycnonotus,sinensis,Species,R,Whole year,216
306,Chengdu Dufu Thatched Cottage Park,"Lanius bucephalus (Temminck & Schlegel, 1845)",Laniidae,Lanius,bucephalus,Species,M,Whole year,216
306,Chengdu Dufu Thatched Cottage Park,"Lanius schach (Linnaeus, 1758)",Laniidae,Lanius,schach,Species,R,Whole year,216
306,Chengdu Dufu Thatched Cottage Park,"Oriolus chinensis (Linnaeus, 1766)",Oriolidae,Oriolus,chinensis,Species,M,Whole year,216
306,Chengdu Dufu Thatched Cottage Park,"Dicrurus macrocercus (Vieillot, 1817)",Dicruridae,Dicrurus,macrocercus,Species,M,Whole year,216
306,Chengdu Dufu Thatched Cottage Park,"Sturnus vulgaris (Linnaeus, 1758)",Sturnidae,Sturnus,vulgaris,Species,M,Whole year,216
306,Chengdu Dufu Thatched Cottage Park,"Sturnus sericeus (Gmelin, 1789)",Sturnidae,Sturnus,sericeus,Species,R,Whole year,216
306,Chengdu Dufu Thatched Cottage Park,"Sturnus cineraceus (Temminck, 1835)",Sturnidae,Sturnus,cineraceus,Species,M,Whole year,216
306,Chengdu Dufu Thatched Cottage Park,"Cinclus pallasii (Temminck, 1820)",Cinclidae,Cinclus,pallasii,Species,M,Whole year,216
306,Chengdu Dufu Thatched Cottage Park,"Troglodytes troglodytes (Linnaeus, 1758)",Troglodytidae,Troglodytes,troglodytes,Species,M,Whole year,216
306,Chengdu Dufu Thatched Cottage Park,"Brachypteryx montana (Horsfield, 1821)",Muscicapidae,Brachypteryx,montana,Species,M,Whole year,216
306,Chengdu Dufu Thatched Cottage Park,"Tarsiger cyanurus (Pallas, 1773)",Muscicapidae,Tarsiger,cyanurus,Species,M,Whole year,216
306,Chengdu Dufu Thatched Cottage Park,"Copsychus saularis (Linnaeus, 1758)",Muscicapidae,Copsychus,saularis,Species,R,Whole year,216
306,Chengdu Dufu Thatched Cottage Park,"Phoenicurus auroreus (Pallas, 1776)",Muscicapidae,Phoenicurus,auroreus,Species,R,Whole year,216
306,Chengdu Dufu Thatched Cottage Park,"Rhyacornis fuliginosa (Vigors, 1831)",Muscicapidae,Rhyacornis,fuliginosa,Species,R,Whole year,216
306,Chengdu Dufu Thatched Cottage Park,"Saxicola ferreus (J.E.Gray & G.R.Gray, 1847)",Muscicapidae,Saxicola,ferreus,Species,M,Whole year,216
306,Chengdu Dufu Thatched Cottage Park,"Chaimarrornis leucocephalus (Vigors, 1831)",Muscicapidae,Chaimarrornis,leucocephalus,Species,M,Whole year,216
306,Chengdu Dufu Thatched Cottage Park,"Myophonus caeruleus (Scopoli, 1786)",Muscicapidae,Myophonus,caeruleus,Species,M,Whole year,216
306,Chengdu Dufu Thatched Cottage Park,"Turdus merula (Linnaeus, 1758)",Turdidae,Turdus,merula,Species,R,Whole year,216
306,Chengdu Dufu Thatched Cottage Park,"Turdus naumanni (Temminck, 1820)",Turdidae,Turdus,naumanni,Species,M,Whole year,216
306,Chengdu Dufu Thatched Cottage Park,"Pomatorhinus ruficollis (Hodgson, 1836)",Timaliidae,Pomatorhinus,ruficollis,Species,R,Whole year,216
306,Chengdu Dufu Thatched Cottage Park,"Stachyris ruficeps (Blyth, 1847)",Timaliidae,Stachyris,ruficeps,Species,R,Whole year,216
306,Chengdu Dufu Thatched Cottage Park,"Garrulax canorus (Linnaeus, 1758)",Leiothrichidae,Garrulax,canorus,Species,R,Whole year,216
306,Chengdu Dufu Thatched Cottage Park,"Garrulax sannio (Swinhoe, 1867)",Leiothrichidae,Garrulax,sannio,Species,R,Whole year,216
306,Chengdu Dufu Thatched Cottage Park,"Garrulax elliotii (J.Verreaux, 1870)",Leiothrichidae,Garrulax,elliotii,Species,M,Whole year,216
306,Chengdu Dufu Thatched Cottage Park,"Garrulax albogularis (Gould, 1836)",Leiothrichidae,Garrulax,albogularis,Species,R,Whole year,216
306,Chengdu Dufu Thatched Cottage Park,"Leiothrix lutea (Scopoli, 1786)",Leiothrichidae,Leiothrix,lutea,Species,M,Whole year,216
306,Chengdu Dufu Thatched Cottage Park,"Paradoxornis webbianus (Gould, 1852)",Paradoxornithidae,Paradoxornis,webbianus,Species,R,Whole year,216
306,Chengdu Dufu Thatched Cottage Park,"Cettia fortipes (Hodgson, 1845)",Cettiidae,Cettia,fortipes,Species,M,Whole year,216
306,Chengdu Dufu Thatched Cottage Park,"Phylloscopus fuscatus (Blyth, 1842)",Phylloscopidae,Phylloscopus,fuscatus,Species,M,Whole year,216
306,Chengdu Dufu Thatched Cottage Park,"Phylloscopus proregulus (Pallas, 1811)",Phylloscopidae,Phylloscopus,proregulus,Species,M,Whole year,216
306,Chengdu Dufu Thatched Cottage Park,"Phylloscopus trochiloides (Sundevall, 1837)",Phylloscopidae,Phylloscopus,trochiloides,Species,M,Whole year,216
306,Chengdu Dufu Thatched Cottage Park,"Phylloscopus reguloides (Blyth, 1842)",Phylloscopidae,Phylloscopus,reguloides,Species,M,Whole year,216
306,Chengdu Dufu Thatched Cottage Park,"Culicicapa ceylonensis (Swainson, 1820)",Muscicapidae,Culicicapa,ceylonensis,Species,M,Whole year,216
306,Chengdu Dufu Thatched Cottage Park,"Parus major (Linnaeus, 1758)",Paridae,Parus,major,Species,R,Whole year,216
306,Chengdu Dufu Thatched Cottage Park,"Parus monticolus (Vigors, 1831)",Paridae,Parus,monticolus,Species,M,Whole year,216
306,Chengdu Dufu Thatched Cottage Park,"Aegithalos concinnus (Gould, 1855)",Aegithalidae,Aegithalos,concinnus,Species,R,Whole year,216
306,Chengdu Dufu Thatched Cottage Park,"Dicaeum concolor (Jerdon, 1840)",Dicaeidae,Dicaeum,concolor,Species,M,Whole year,216
306,Chengdu Dufu Thatched Cottage Park,"Aethopyga gouldiae (Vigors, 1831)",Nectariniidae,Aethopyga,gouldiae,Species,M,Whole year,216
306,Chengdu Dufu Thatched Cottage Park,"Zosterops japonicus (Temminck & Schlegel, 1845)",Zosteropidae,Zosterops,japonicus,Species,M,Whole year,216
306,Chengdu Dufu Thatched Cottage Park,"Passer montanus (Linnaeus, 1758)",Passeridae,Passer,montanus,Species,R,Whole year,216
306,Chengdu Dufu Thatched Cottage Park,"Lonchura striata (Linnaeus, 1766)",Estrildidae,Lonchura,striata,Species,R,Whole year,216
306,Chengdu Dufu Thatched Cottage Park,"Carduelis sinica (Linnaeus, 1766)",Fringillidae,Carduelis,sinica,Species,R,Whole year,216
306,Chengdu Dufu Thatched Cottage Park,"Eophona personata (Temminck & Schlegel, 1848)",Fringillidae,Eophona,personata,Species,M,Whole year,216
306,Chengdu Dufu Thatched Cottage Park,"Emberiza pusilla (Pallas, 1776)",Emberizidae,Emberiza,pusilla,Species,M,Whole year,216
307,Chengdu Funan River Greenbelt,"Egretta garzetta (Linnaeus, 1766)",Ardeidae,Egretta,garzetta,Species,R,Whole year,216
307,Chengdu Funan River Greenbelt,"Charadrius dubius (Scopoli, 1786)",Charadriidae,Charadrius,dubius,Species,M,Whole year,216
307,Chengdu Funan River Greenbelt,"Stigmatopelia chinensis (Scopoli, 1768)",Columbidae,Stigmatopelia,chinensis,Species,M,Whole year,216
307,Chengdu Funan River Greenbelt,"Cuculus sparverioides (Vigors, 1832)",scolopacea,Cuculus,sparverioides,Species,M,Whole year,216
307,Chengdu Funan River Greenbelt,"Cuculus canorus (Linnaeus, 1758)",scolopacea,Cuculus,canorus,Species,M,Whole year,216
307,Chengdu Funan River Greenbelt,"Alcedo atthis (Linnaeus, 1758)",Alcedinidae,Alcedo,atthis,Species,R,Whole year,216
307,Chengdu Funan River Greenbelt,"Halcyon pileata (Boddaert, 1783)",Alcedinidae,Halcyon,pileata,Species,M,Whole year,216
307,Chengdu Funan River Greenbelt,"Upupa epops (Linnaeus, 1758)",Upupidae,Upupa,epops,Species,M,Whole year,216
307,Chengdu Funan River Greenbelt,"Alauda gulgula (Franklin, 1831)",Alaudidae,Alauda,gulgula,Species,R,Whole year,216
307,Chengdu Funan River Greenbelt,"Hirundo rustica (Linnaeus, 1758)",Laridae,Hirundo,rustica,Species,M,Whole year,216
307,Chengdu Funan River Greenbelt,"Hirundo daurica (Laxmann, 1769)",Laridae,Hirundo,daurica,Species,M,Whole year,216
307,Chengdu Funan River Greenbelt,"Motacilla citreola (Pallas, 1776)",Motacillidae,Motacilla,citreola,Species,M,Whole year,216
307,Chengdu Funan River Greenbelt,"Motacilla alba (Linnaeus, 1758)",Motacillidae,Motacilla,alba,Species,R,Whole year,216
307,Chengdu Funan River Greenbelt,"Anthus hodgsoni (Richmond, 1907)",Motacillidae,Anthus,hodgsoni,Species,M,Whole year,216
307,Chengdu Funan River Greenbelt,"Pycnonotus sinensis (Gmelin, 1789)",Pycnonotidae,Pycnonotus,sinensis,Species,R,Whole year,216
307,Chengdu Funan River Greenbelt,"Lanius schach (Linnaeus, 1758)",Laniidae,Lanius,schach,Species,R,Whole year,216
307,Chengdu Funan River Greenbelt,"Dicrurus macrocercus (Vieillot, 1817)",Dicruridae,Dicrurus,macrocercus,Species,M,Whole year,216
307,Chengdu Funan River Greenbelt,"Sturnus vulgaris (Linnaeus, 1758)",Sturnidae,Sturnus,vulgaris,Species,M,Whole year,216
307,Chengdu Funan River Greenbelt,"Tarsiger cyanurus (Pallas, 1773)",Muscicapidae,Tarsiger,cyanurus,Species,M,Whole year,216
307,Chengdu Funan River Greenbelt,"Copsychus saularis (Linnaeus, 1758)",Muscicapidae,Copsychus,saularis,Species,R,Whole year,216
307,Chengdu Funan River Greenbelt,"Phoenicurus auroreus (Pallas, 1776)",Muscicapidae,Phoenicurus,auroreus,Species,R,Whole year,216
307,Chengdu Funan River Greenbelt,"Zoothera dauma (Latham, 1790)",Turdidae,Zoothera,dauma,Species,M,Whole year,216
307,Chengdu Funan River Greenbelt,"Garrulax canorus (Linnaeus, 1758)",Leiothrichidae,Garrulax,canorus,Species,R,Whole year,216
307,Chengdu Funan River Greenbelt,"Garrulax sannio (Swinhoe, 1867)",Leiothrichidae,Garrulax,sannio,Species,R,Whole year,216
307,Chengdu Funan River Greenbelt,"Paradoxornis webbianus (Gould, 1852)",Paradoxornithidae,Paradoxornis,webbianus,Species,R,Whole year,216
307,Chengdu Funan River Greenbelt,"Cettia fortipes (Hodgson, 1845)",Cettiidae,Cettia,fortipes,Species,M,Whole year,216
307,Chengdu Funan River Greenbelt,"Phylloscopus fuscatus (Blyth, 1842)",Phylloscopidae,Phylloscopus,fuscatus,Species,M,Whole year,216
307,Chengdu Funan River Greenbelt,"Phylloscopus proregulus (Pallas, 1811)",Phylloscopidae,Phylloscopus,proregulus,Species,M,Whole year,216
307,Chengdu Funan River Greenbelt,"Phylloscopus trochiloides (Sundevall, 1837)",Phylloscopidae,Phylloscopus,trochiloides,Species,M,Whole year,216
307,Chengdu Funan River Greenbelt,"Phylloscopus reguloides (Blyth, 1842)",Phylloscopidae,Phylloscopus,reguloides,Species,M,Whole year,216
307,Chengdu Funan River Greenbelt,"Parus major (Linnaeus, 1758)",Paridae,Parus,major,Species,R,Whole year,216
307,Chengdu Funan River Greenbelt,"Parus monticolus (Vigors, 1831)",Paridae,Parus,monticolus,Species,M,Whole year,216
307,Chengdu Funan River Greenbelt,"Aegithalos concinnus (Gould, 1855)",Aegithalidae,Aegithalos,concinnus,Species,R,Whole year,216
307,Chengdu Funan River Greenbelt,"Zosterops japonicus (Temminck & Schlegel, 1845)",Zosteropidae,Zosterops,japonicus,Species,M,Whole year,216
307,Chengdu Funan River Greenbelt,"Passer montanus (Linnaeus, 1758)",Passeridae,Passer,montanus,Species,R,Whole year,216
307,Chengdu Funan River Greenbelt,"Lonchura striata (Linnaeus, 1766)",Estrildidae,Lonchura,striata,Species,R,Whole year,216
307,Chengdu Funan River Greenbelt,"Carduelis sinica (Linnaeus, 1766)",Fringillidae,Carduelis,sinica,Species,R,Whole year,216
308,Chengdu Panda Breeding Base,"Tachybaptus ruficollis (Pallas, 1764)",Podicipedidae,Tachybaptus,ruficollis,Species,M,Whole year,216
308,Chengdu Panda Breeding Base,"Podiceps nigricollis (C.L.Brehm, 1831)",Podicipedidae,Podiceps,nigricollis,Species,M,Whole year,216
308,Chengdu Panda Breeding Base,"Ardea cinerea (Linnaeus, 1758)",Ardeidae,Ardea,cinerea,Species,M,Whole year,216
308,Chengdu Panda Breeding Base,"Butorides striata (Linnaeus, 1758)",Ardeidae,Butorides,striata,Species,M,Whole year,216
308,Chengdu Panda Breeding Base,"Ardeola bacchus (Bonaparte, 1855)",Ardeidae,Ardeola,bacchus,Species,M,Whole year,216
308,Chengdu Panda Breeding Base,"Casmerodius albus (Linnaeus, 1758)",Ardeidae,Casmerodius,albus,Species,M,Whole year,216
308,Chengdu Panda Breeding Base,"Egretta garzetta (Linnaeus, 1766)",Ardeidae,Egretta,garzetta,Species,R,Whole year,216
308,Chengdu Panda Breeding Base,"Mesophoyx intermedia (Wagler, 1829)",Ardeidae,Mesophoyx,intermedia,Species,M,Whole year,216
308,Chengdu Panda Breeding Base,"Nycticorax nycticorax (Linnaeus, 1758)",Ardeidae,Nycticorax,nycticorax,Species,R,Whole year,216
308,Chengdu Panda Breeding Base,"Botaurus stellaris (Linnaeus, 1758)",Ardeidae,Botaurus,stellaris,Species,M,Whole year,216
308,Chengdu Panda Breeding Base,"Platalea leucorodia (Linnaeus, 1758)",Threskiornithidae,Platalea,leucorodia,Species,M,Whole year,216
308,Chengdu Panda Breeding Base,"Anser indicus (Latham, 1790)",Anatidae,Anser,indicus,Species,M,Whole year,216
308,Chengdu Panda Breeding Base,"Tadorna ferruginea (Pallas, 1764)",Laridae,Tadorna,ferruginea,Species,M,Whole year,216
308,Chengdu Panda Breeding Base,"Anas crecca (Linnaeus, 1758)",Anatidae,Anas,crecca,Species,M,Whole year,216
308,Chengdu Panda Breeding Base,"Anas platyrhynchos (Linnaeus, 1758)",Anatidae,Anas,platyrhynchos,Species,M,Whole year,216
308,Chengdu Panda Breeding Base,"Anas poecilorhyncha (J.R.Forster, 1781)",Anatidae,Anas,poecilorhyncha,Species,M,Whole year,216
308,Chengdu Panda Breeding Base,"Anas strepera (Linnaeus, 1758)",Anatidae,Anas,strepera,Species,M,Whole year,216
308,Chengdu Panda Breeding Base,"Anas clypeata (Linnaeus, 1758)",Anatidae,Anas,clypeata,Species,M,Whole year,216
308,Chengdu Panda Breeding Base,"Aythya ferina (Linnaeus, 1758)",Anatidae,Aythya,ferina,Species,M,Whole year,216
308,Chengdu Panda Breeding Base,"Aythya nyroca (Guldenstadt, 1770)",Anatidae,Aythya,nyroca,Species,M,Whole year,216
308,Chengdu Panda Breeding Base,"Aythya fuligula (Linnaeus, 1758)",Anatidae,Aythya,fuligula,Species,M,Whole year,216
308,Chengdu Panda Breeding Base,"Nettapus coromandelianus (Gmelin, 1789)",Anatidae,Nettapus,coromandelianus,Species,M,Whole year,216
308,Chengdu Panda Breeding Base,"Milvus migrans (Boddaert, 1783)",Accipitridae,Milvus,migrans,Species,R,Whole year,216
308,Chengdu Panda Breeding Base,"Accipiter gentilis (Linnaeus, 1758)",Accipitridae,Accipiter,gentilis,Species,M,Whole year,216
308,Chengdu Panda Breeding Base,"Accipiter nisus (Linnaeus, 1758)",Accipitridae,Accipiter,nisus,Species,R,Whole year,216
308,Chengdu Panda Breeding Base,"Buteo buteo (Linnaeus, 1758)",Accipitridae,Buteo,buteo,Species,M,Whole year,216
308,Chengdu Panda Breeding Base,"Aquila clanga (Pallas, 1811)",Accipitridae,Aquila,clanga,Species,M,Whole year,216
308,Chengdu Panda Breeding Base,"Circus cyaneus (Linnaeus, 1766)",Charadriidae,Circus,cyaneus,Species,M,Whole year,216
308,Chengdu Panda Breeding Base,"Falco tinnunculus (Linnaeus, 1758)",Falconidae,Falco,tinnunculus,Species,M,Whole year,216
308,Chengdu Panda Breeding Base,"Coturnix japonica (Temminck & Schlegel, 1849)",Phasianidae,Coturnix,japonica,Species,M,Whole year,216
308,Chengdu Panda Breeding Base,"Bambusicola thoracicus (Temminck, 1815)",Phasianidae,Bambusicola,thoracicus,Species,R,Whole year,216
308,Chengdu Panda Breeding Base,"Phasianus colchicus (Linnaeus, 1758)",Jacanidae,Phasianus,colchicus,Species,R,Whole year,216
308,Chengdu Panda Breeding Base,"Turnix tanki (Blyth, 1843)",Phasianidae,Turnix,tanki,Species,R,Whole year,216
308,Chengdu Panda Breeding Base,"Amaurornis phoenicurus (Pennant, 1769)",Rallidae,Amaurornis,phoenicurus,Species,M,Whole year,216
308,Chengdu Panda Breeding Base,"Fulica atra (Linnaeus, 1758)",Rallidae,Fulica,atra,Species,M,Whole year,216
308,Chengdu Panda Breeding Base,"Vanellus vanellus (Linnaeus, 1758)",Charadriidae,Vanellus,vanellus,Species,M,Whole year,216
308,Chengdu Panda Breeding Base,"Pluvialis dominica (Statius Muller, 1776)",Charadriidae,Pluvialis,dominica,Species,M,Whole year,216
308,Chengdu Panda Breeding Base,"Charadrius dubius (Scopoli, 1786)",Charadriidae,Charadrius,dubius,Species,M,Whole year,216
308,Chengdu Panda Breeding Base,"Charadrius alexandrinus (Linnaeus, 1758)",Charadriidae,Charadrius,alexandrinus,Species,M,Whole year,216
308,Chengdu Panda Breeding Base,"Tringa ochropus (Linnaeus, 1758)",Scolopacidae,Tringa,ochropus,Species,M,Whole year,216
308,Chengdu Panda Breeding Base,"Actitis hypoleucos (Linnaeus, 1758)",Scolopacidae,Actitis,hypoleucos,Species,M,Whole year,216
308,Chengdu Panda Breeding Base,"Gallinago stenura (Bonaparte, 1831)",Scolopacidae,Gallinago,stenura,Species,M,Whole year,216
308,Chengdu Panda Breeding Base,"Scolopax rusticola (Linnaeus, 1758)",Scolopacidae,Scolopax,rusticola,Species,M,Whole year,216
308,Chengdu Panda Breeding Base,"Calidris ferruginea (Pontoppidan, 1763)",Scolopacidae,Calidris,ferruginea,Species,M,Whole year,216
308,Chengdu Panda Breeding Base,"Chlidonias leucopterus (Temminck, 1815)",Laridae,Chlidonias,leucopterus,Species,M,Whole year,216
308,Chengdu Panda Breeding Base,"Columba hodgsonii (Vigors, 1832)",Columbidae,Columba,hodgsonii,Species,M,Whole year,216
308,Chengdu Panda Breeding Base,"Streptopelia orientalis (Latham, 1790)",Columbidae,Streptopelia,orientalis,Species,M,Whole year,216
308,Chengdu Panda Breeding Base,"Stigmatopelia chinensis (Scopoli, 1768)",Columbidae,Stigmatopelia,chinensis,Species,M,Whole year,216
308,Chengdu Panda Breeding Base,"Streptopelia tranquebarica (Hermann, 1804)",Columbidae,Streptopelia,tranquebarica,Species,R,Whole year,216
308,Chengdu Panda Breeding Base,"Clamator coromandus (Linnaeus, 1766)",Cuculidae,Clamator,coromandus,Species,R,Whole year,216
308,Chengdu Panda Breeding Base,"Cuculus sparverioides (Vigors, 1832)",scolopacea,Cuculus,sparverioides,Species,M,Whole year,216
308,Chengdu Panda Breeding Base,"Cuculus micropterus (Gould, 1838)",scolopacea,Cuculus,micropterus,Species,M,Whole year,216
308,Chengdu Panda Breeding Base,"Cuculus canorus (Linnaeus, 1758)",scolopacea,Cuculus,canorus,Species,M,Whole year,216
308,Chengdu Panda Breeding Base,"Cuculus saturatus (Blyth, 1843)",scolopacea,Cuculus,saturatus,Species,M,Whole year,216
308,Chengdu Panda Breeding Base,"Cuculus poliocephalus (Latham, 1790)",scolopacea,Cuculus,poliocephalus,Species,M,Whole year,216
308,Chengdu Panda Breeding Base,"Otus lettia (Hodgson, 1836)",Campephagidae,Otus,lettia,Species,M,Whole year,216
308,Chengdu Panda Breeding Base,"Glaucidium cuculoides (Vigors, 1831)",Strigidae,Glaucidium,cuculoides,Species,M,Whole year,216
308,Chengdu Panda Breeding Base,"Asio otus (Linnaeus, 1758)",Strigidae,Asio,otus,Species,R,Whole year,216
308,Chengdu Panda Breeding Base,"Asio flammeus (Pontoppidan, 1763)",Strigidae,Asio,flammeus,Species,M,Whole year,216
308,Chengdu Panda Breeding Base,"Caprimulgus indicus (Latham, 1790)",Caprimulgidae,Caprimulgus,indicus,Species,M,Whole year,216
308,Chengdu Panda Breeding Base,"Apus nipalensis (Hodgson, 1837)",Apodidae,Apus,nipalensis,Species,M,Whole year,216
308,Chengdu Panda Breeding Base,"Alcedo atthis (Linnaeus, 1758)",Alcedinidae,Alcedo,atthis,Species,R,Whole year,216
308,Chengdu Panda Breeding Base,"Halcyon pileata (Boddaert, 1783)",Alcedinidae,Halcyon,pileata,Species,M,Whole year,216
308,Chengdu Panda Breeding Base,"Upupa epops (Linnaeus, 1758)",Upupidae,Upupa,epops,Species,M,Whole year,216
308,Chengdu Panda Breeding Base,"Jynx torquilla (Linnaeus, 1758)",Picidae,Jynx,torquilla,Species,M,Whole year,216
308,Chengdu Panda Breeding Base,"Picus canus (Gmelin, 1788)",Picidae,Picus,canus,Species,R,Whole year,216
308,Chengdu Panda Breeding Base,"Dendrocopos hyperythrus (Vigors, 1831)",Picidae,Dendrocopos,hyperythrus,Species,M,Whole year,216
308,Chengdu Panda Breeding Base,"Picumnus innominatus (Burton, 1836)",Picidae,Picumnus,innominatus,Species,M,Whole year,216
308,Chengdu Panda Breeding Base,"Calandrella cheleensis (Swinhoe, 1871)",Alaudidae,Calandrella,cheleensis,Species,M,Whole year,216
308,Chengdu Panda Breeding Base,"Alauda gulgula (Franklin, 1831)",Alaudidae,Alauda,gulgula,Species,R,Whole year,216
308,Chengdu Panda Breeding Base,"Hirundo rustica (Linnaeus, 1758)",Laridae,Hirundo,rustica,Species,M,Whole year,216
308,Chengdu Panda Breeding Base,"Hirundo daurica (Laxmann, 1769)",Laridae,Hirundo,daurica,Species,M,Whole year,216
308,Chengdu Panda Breeding Base,"Motacilla cinerea (Tunstall, 1771)",Motacillidae,Motacilla,cinerea,Species,M,Whole year,216
308,Chengdu Panda Breeding Base,"Motacilla alba (Linnaeus, 1758)",Motacillidae,Motacilla,alba,Species,R,Whole year,216
308,Chengdu Panda Breeding Base,"Dendronanthus indicus (Gmelin, 1789)",Motacillidae,Dendronanthus,indicus,Species,M,Whole year,216
308,Chengdu Panda Breeding Base,"Anthus richardi (Vieillot, 1818)",Motacillidae,Anthus,richardi,Species,M,Whole year,216
308,Chengdu Panda Breeding Base,"Anthus hodgsoni (Richmond, 1907)",Motacillidae,Anthus,hodgsoni,Species,M,Whole year,216
308,Chengdu Panda Breeding Base,"Anthus roseatus (Blyth, 1847)",Motacillidae,Anthus,roseatus,Species,M,Whole year,216
308,Chengdu Panda Breeding Base,"Coracina melaschistos (Hodgson, 1836)",Campephagidae,Coracina,melaschistos,Species,M,Whole year,216
308,Chengdu Panda Breeding Base,"Pericrocotus ethologus (Bangs & J.C.Phillips, 1914)",Campephagidae,Pericrocotus,ethologus,Species,M,Whole year,216
308,Chengdu Panda Breeding Base,"Spizixos semitorques (Swinhoe, 1861)",Pycnonotidae,Spizixos,semitorques,Species,R,Whole year,216
308,Chengdu Panda Breeding Base,"Pycnonotus sinensis (Gmelin, 1789)",Pycnonotidae,Pycnonotus,sinensis,Species,R,Whole year,216
308,Chengdu Panda Breeding Base,"Hypsipetes leucocephalus (Gmelin, 1789)",Pycnonotidae,Hypsipetes,leucocephalus,Species,M,Whole year,216
308,Chengdu Panda Breeding Base,"Lanius tigrinus (Drapiez, 1828)",Laniidae,Lanius,tigrinus,Species,M,Whole year,216
308,Chengdu Panda Breeding Base,"Lanius bucephalus (Temminck & Schlegel, 1845)",Laniidae,Lanius,bucephalus,Species,M,Whole year,216
308,Chengdu Panda Breeding Base,"Lanius cristatus (Linnaeus, 1758)",Laniidae,Lanius,cristatus,Species,M,Whole year,216
308,Chengdu Panda Breeding Base,"Lanius schach (Linnaeus, 1758)",Laniidae,Lanius,schach,Species,R,Whole year,216
308,Chengdu Panda Breeding Base,"Oriolus chinensis (Linnaeus, 1766)",Oriolidae,Oriolus,chinensis,Species,M,Whole year,216
308,Chengdu Panda Breeding Base,"Dicrurus macrocercus (Vieillot, 1817)",Dicruridae,Dicrurus,macrocercus,Species,M,Whole year,216
308,Chengdu Panda Breeding Base,"Dicrurus hottentottus (Linnaeus, 1766)",Dicruridae,Dicrurus,hottentottus,Species,M,Whole year,216
308,Chengdu Panda Breeding Base,"Sturnus vulgaris (Linnaeus, 1758)",Sturnidae,Sturnus,vulgaris,Species,M,Whole year,216
308,Chengdu Panda Breeding Base,"Sturnus sericeus (Gmelin, 1789)",Sturnidae,Sturnus,sericeus,Species,R,Whole year,216
308,Chengdu Panda Breeding Base,"Sturnus cineraceus (Temminck, 1835)",Sturnidae,Sturnus,cineraceus,Species,M,Whole year,216
308,Chengdu Panda Breeding Base,"Acridotheres cristatellus (Linnaeus, 1758)",Sturnidae,Acridotheres,cristatellus,Species,R,Whole year,216
308,Chengdu Panda Breeding Base,"Urocissa erythrorhyncha (Boddaert, 1783)",Corvidae,Urocissa,erythrorhyncha,Species,R,Whole year,216
308,Chengdu Panda Breeding Base,"Pica pica (Linnaeus, 1758)",Corvidae,Pica,pica,Species,R,Whole year,216
308,Chengdu Panda Breeding Base,"Troglodytes troglodytes (Linnaeus, 1758)",Troglodytidae,Troglodytes,troglodytes,Species,M,Whole year,216
308,Chengdu Panda Breeding Base,"Brachypteryx montana (Horsfield, 1821)",Muscicapidae,Brachypteryx,montana,Species,M,Whole year,216
308,Chengdu Panda Breeding Base,"Tarsiger cyanurus (Pallas, 1773)",Muscicapidae,Tarsiger,cyanurus,Species,M,Whole year,216
308,Chengdu Panda Breeding Base,"Copsychus saularis (Linnaeus, 1758)",Muscicapidae,Copsychus,saularis,Species,R,Whole year,216
308,Chengdu Panda Breeding Base,"Phoenicurus frontalis (Vigors, 1832)",Muscicapidae,Phoenicurus,frontalis,Species,M,Whole year,216
308,Chengdu Panda Breeding Base,"Phoenicurus auroreus (Pallas, 1776)",Muscicapidae,Phoenicurus,auroreus,Species,R,Whole year,216
308,Chengdu Panda Breeding Base,"Rhyacornis fuliginosa (Vigors, 1831)",Muscicapidae,Rhyacornis,fuliginosa,Species,R,Whole year,216
308,Chengdu Panda Breeding Base,"Saxicola ferreus (J.E.Gray & G.R.Gray, 1847)",Muscicapidae,Saxicola,ferreus,Species,M,Whole year,216
308,Chengdu Panda Breeding Base,"Chaimarrornis leucocephalus (Vigors, 1831)",Muscicapidae,Chaimarrornis,leucocephalus,Species,M,Whole year,216
308,Chengdu Panda Breeding Base,"Monticola solitarius (Linnaeus, 1758)",Muscicapidae,Monticola,solitarius,Species,R,Whole year,216
308,Chengdu Panda Breeding Base,"Myophonus caeruleus (Scopoli, 1786)",Muscicapidae,Myophonus,caeruleus,Species,M,Whole year,216
308,Chengdu Panda Breeding Base,"Zoothera dixoni (Seebohm, 1881)",Turdidae,Zoothera,dixoni,Species,M,Whole year,216
308,Chengdu Panda Breeding Base,"Zoothera dauma (Latham, 1790)",Turdidae,Zoothera,dauma,Species,M,Whole year,216
308,Chengdu Panda Breeding Base,"Turdus merula (Linnaeus, 1758)",Turdidae,Turdus,merula,Species,R,Whole year,216
308,Chengdu Panda Breeding Base,"Turdus rubrocanus (J.E.Gray & G.R.Gray, 1847)",Turdidae,Turdus,rubrocanus,Species,M,Whole year,216
308,Chengdu Panda Breeding Base,"Turdus pallidus (Gmelin, 1789)",Turdidae,Turdus,pallidus,Species,M,Whole year,216
308,Chengdu Panda Breeding Base,"Turdus naumanni (Temminck, 1820)",Turdidae,Turdus,naumanni,Species,M,Whole year,216
308,Chengdu Panda Breeding Base,"Pomatorhinus ruficollis (Hodgson, 1836)",Timaliidae,Pomatorhinus,ruficollis,Species,R,Whole year,216
308,Chengdu Panda Breeding Base,"Stachyris ruficeps (Blyth, 1847)",Timaliidae,Stachyris,ruficeps,Species,R,Whole year,216
308,Chengdu Panda Breeding Base,"Garrulax ocellatus (Vigors, 1831)",Leiothrichidae,Garrulax,ocellatus,Species,M,Whole year,216
308,Chengdu Panda Breeding Base,"Garrulax canorus (Linnaeus, 1758)",Leiothrichidae,Garrulax,canorus,Species,R,Whole year,216
308,Chengdu Panda Breeding Base,"Garrulax sannio (Swinhoe, 1867)",Leiothrichidae,Garrulax,sannio,Species,R,Whole year,216
308,Chengdu Panda Breeding Base,"Garrulax elliotii (J.Verreaux, 1870)",Leiothrichidae,Garrulax,elliotii,Species,M,Whole year,216
308,Chengdu Panda Breeding Base,"Garrulax albogularis (Gould, 1836)",Leiothrichidae,Garrulax,albogularis,Species,R,Whole year,216
308,Chengdu Panda Breeding Base,"Garrulax formosus (J.Verreaux, 1869)",Leiothrichidae,Garrulax,formosus,Species,M,Whole year,216
308,Chengdu Panda Breeding Base,"Leiothrix lutea (Scopoli, 1786)",Leiothrichidae,Leiothrix,lutea,Species,M,Whole year,216
308,Chengdu Panda Breeding Base,"Yuhina diademata (J.Verreaux, 1869)",Zosteropidae,Yuhina,diademata,Species,M,Whole year,216
308,Chengdu Panda Breeding Base,"Paradoxornis webbianus (Gould, 1852)",Paradoxornithidae,Paradoxornis,webbianus,Species,R,Whole year,216
308,Chengdu Panda Breeding Base,"Cettia fortipes (Hodgson, 1845)",Cettiidae,Cettia,fortipes,Species,M,Whole year,216
308,Chengdu Panda Breeding Base,"Phylloscopus fuscatus (Blyth, 1842)",Phylloscopidae,Phylloscopus,fuscatus,Species,M,Whole year,216
308,Chengdu Panda Breeding Base,"Phylloscopus proregulus (Pallas, 1811)",Phylloscopidae,Phylloscopus,proregulus,Species,M,Whole year,216
308,Chengdu Panda Breeding Base,"Phylloscopus trochiloides (Sundevall, 1837)",Phylloscopidae,Phylloscopus,trochiloides,Species,M,Whole year,216
308,Chengdu Panda Breeding Base,"Phylloscopus reguloides (Blyth, 1842)",Phylloscopidae,Phylloscopus,reguloides,Species,M,Whole year,216
308,Chengdu Panda Breeding Base,"Seicercus burkii (Burton, 1836)",Muscicapidae,Seicercus,burkii,Species,M,Whole year,216
308,Chengdu Panda Breeding Base,"Abroscopus albogularis (Moore, 1854)",Cettiidae,Abroscopus,albogularis,Species,R,Whole year,216
308,Chengdu Panda Breeding Base,"Prinia crinigera (Hodgson, 1836)",Cisticolidae,Prinia,crinigera,Species,R,Whole year,216
308,Chengdu Panda Breeding Base,"Niltava davidi (La Touche, 1907)",Muscicapidae,Niltava,davidi,Species,M,Whole year,216
308,Chengdu Panda Breeding Base,"Culicicapa ceylonensis (Swainson, 1820)",Muscicapidae,Culicicapa,ceylonensis,Species,M,Whole year,216
308,Chengdu Panda Breeding Base,"Terpsiphone paradisi (Linnaeus, 1758)",Monarchidae,Terpsiphone,paradisi,Species,M,Whole year,216
308,Chengdu Panda Breeding Base,"Parus major (Linnaeus, 1758)",Paridae,Parus,major,Species,R,Whole year,216
308,Chengdu Panda Breeding Base,"Parus monticolus (Vigors, 1831)",Paridae,Parus,monticolus,Species,M,Whole year,216
308,Chengdu Panda Breeding Base,"Parus venustulus (R. Swinhoe, 1870)",Paridae,Parus,venustulus,Species,M,Whole year,216
308,Chengdu Panda Breeding Base,"Aegithalos concinnus (Gould, 1855)",Aegithalidae,Aegithalos,concinnus,Species,R,Whole year,216
308,Chengdu Panda Breeding Base,"Sitta europaea (Linnaeus, 1758)",Sittidae,Sitta,europaea,Species,M,Whole year,216
308,Chengdu Panda Breeding Base,"Tichodroma muraria (Linnaeus, 1766)",Tichodromadidae,Tichodroma,muraria,Species,M,Whole year,216
308,Chengdu Panda Breeding Base,"Dicaeum concolor (Jerdon, 1840)",Dicaeidae,Dicaeum,concolor,Species,M,Whole year,216
308,Chengdu Panda Breeding Base,"Dicaeum ignipectus (Blyth, 1843)",Dicaeidae,Dicaeum,ignipectus,Species,M,Whole year,216
308,Chengdu Panda Breeding Base,"Zosterops japonicus (Temminck & Schlegel, 1845)",Zosteropidae,Zosterops,japonicus,Species,M,Whole year,216
308,Chengdu Panda Breeding Base,"Passer montanus (Linnaeus, 1758)",Passeridae,Passer,montanus,Species,R,Whole year,216
308,Chengdu Panda Breeding Base,"Lonchura striata (Linnaeus, 1766)",Estrildidae,Lonchura,striata,Species,R,Whole year,216
308,Chengdu Panda Breeding Base,"Fringilla montifringilla (Linnaeus, 1758)",Fringillidae,Fringilla,montifringilla,Species,M,Whole year,216
308,Chengdu Panda Breeding Base,"Carduelis sinica (Linnaeus, 1766)",Fringillidae,Carduelis,sinica,Species,R,Whole year,216
308,Chengdu Panda Breeding Base,"Carpodacus vinaceus (J.Verreaux, 1871)",Fringillidae,Carpodacus,vinaceus,Species,M,Whole year,216
308,Chengdu Panda Breeding Base,"Carpodacus erythrinus (Pallas, 1770)",Fringillidae,Carpodacus,erythrinus,Species,M,Whole year,216
308,Chengdu Panda Breeding Base,"Pyrrhula erythaca (Blyth, 1862)",Fringillidae,Pyrrhula,erythaca,Species,M,Whole year,216
308,Chengdu Panda Breeding Base,"Eophona personata (Temminck & Schlegel, 1848)",Fringillidae,Eophona,personata,Species,M,Whole year,216
308,Chengdu Panda Breeding Base,"Emberiza elegans (Temminck, 1836)",Emberizidae,Emberiza,elegans,Species,M,Whole year,216
308,Chengdu Panda Breeding Base,"Emberiza spodocephala (Pallas, 1776)",Emberizidae,Emberiza,spodocephala,Species,M,Whole year,216
308,Chengdu Panda Breeding Base,"Emberiza cioides (von J.F.Brandt, 1843)",Emberizidae,Emberiza,cioides,Species,R,Whole year,216
308,Chengdu Panda Breeding Base,"Emberiza pusilla (Pallas, 1776)",Emberizidae,Emberiza,pusilla,Species,M,Whole year,216
308,Chengdu Panda Breeding Base,"Latoucheornis siemsseni (G.H.Martens, 1906)",Emberizidae,Latoucheornis,siemsseni,Species,M,Whole year,216
308,Chengdu Panda Breeding Base,"Cisticola juncidis (Rafinesque, 1810)",Cisticolidae,Cisticola,juncidis,Species,R,Whole year,216
309,Chengdu People's Park,"Egretta garzetta (Linnaeus, 1766)",Ardeidae,Egretta,garzetta,Species,R,Whole year,216
309,Chengdu People's Park,"Pernis ptilorhyncus (Temminck, 1821)",Accipitridae,Pernis,ptilorhyncus,Species,M,Whole year,216
309,Chengdu People's Park,"Accipiter gentilis (Linnaeus, 1758)",Accipitridae,Accipiter,gentilis,Species,M,Whole year,216
309,Chengdu People's Park,"Stigmatopelia chinensis (Scopoli, 1768)",Columbidae,Stigmatopelia,chinensis,Species,M,Whole year,216
309,Chengdu People's Park,"Clamator coromandus (Linnaeus, 1766)",Cuculidae,Clamator,coromandus,Species,R,Whole year,216
309,Chengdu People's Park,"Cuculus sparverioides (Vigors, 1832)",scolopacea,Cuculus,sparverioides,Species,M,Whole year,216
309,Chengdu People's Park,"Cuculus canorus (Linnaeus, 1758)",scolopacea,Cuculus,canorus,Species,M,Whole year,216
309,Chengdu People's Park,"Alcedo atthis (Linnaeus, 1758)",Alcedinidae,Alcedo,atthis,Species,R,Whole year,216
309,Chengdu People's Park,"Hirundo rustica (Linnaeus, 1758)",Laridae,Hirundo,rustica,Species,M,Whole year,216
309,Chengdu People's Park,"Hirundo daurica (Laxmann, 1769)",Laridae,Hirundo,daurica,Species,M,Whole year,216
309,Chengdu People's Park,"Motacilla cinerea (Tunstall, 1771)",Motacillidae,Motacilla,cinerea,Species,M,Whole year,216
309,Chengdu People's Park,"Motacilla alba (Linnaeus, 1758)",Motacillidae,Motacilla,alba,Species,R,Whole year,216
309,Chengdu People's Park,"Anthus hodgsoni (Richmond, 1907)",Motacillidae,Anthus,hodgsoni,Species,M,Whole year,216
309,Chengdu People's Park,"Spizixos semitorques (Swinhoe, 1861)",Pycnonotidae,Spizixos,semitorques,Species,R,Whole year,216
309,Chengdu People's Park,"Pycnonotus sinensis (Gmelin, 1789)",Pycnonotidae,Pycnonotus,sinensis,Species,R,Whole year,216
309,Chengdu People's Park,"Lanius schach (Linnaeus, 1758)",Laniidae,Lanius,schach,Species,R,Whole year,216
309,Chengdu People's Park,"Dicrurus macrocercus (Vieillot, 1817)",Dicruridae,Dicrurus,macrocercus,Species,M,Whole year,216
309,Chengdu People's Park,"Acridotheres cristatellus (Linnaeus, 1758)",Sturnidae,Acridotheres,cristatellus,Species,R,Whole year,216
309,Chengdu People's Park,"Troglodytes troglodytes (Linnaeus, 1758)",Troglodytidae,Troglodytes,troglodytes,Species,M,Whole year,216
309,Chengdu People's Park,"Copsychus saularis (Linnaeus, 1758)",Muscicapidae,Copsychus,saularis,Species,R,Whole year,216
309,Chengdu People's Park,"Phoenicurus auroreus (Pallas, 1776)",Muscicapidae,Phoenicurus,auroreus,Species,R,Whole year,216
309,Chengdu People's Park,"Turdus merula (Linnaeus, 1758)",Turdidae,Turdus,merula,Species,R,Whole year,216
309,Chengdu People's Park,"Pomatorhinus ruficollis (Hodgson, 1836)",Timaliidae,Pomatorhinus,ruficollis,Species,R,Whole year,216
309,Chengdu People's Park,"Stachyris ruficeps (Blyth, 1847)",Timaliidae,Stachyris,ruficeps,Species,R,Whole year,216
309,Chengdu People's Park,"Garrulax canorus (Linnaeus, 1758)",Leiothrichidae,Garrulax,canorus,Species,R,Whole year,216
309,Chengdu People's Park,"Garrulax sannio (Swinhoe, 1867)",Leiothrichidae,Garrulax,sannio,Species,R,Whole year,216
309,Chengdu People's Park,"Garrulax elliotii (J.Verreaux, 1870)",Leiothrichidae,Garrulax,elliotii,Species,M,Whole year,216
309,Chengdu People's Park,"Garrulax albogularis (Gould, 1836)",Leiothrichidae,Garrulax,albogularis,Species,R,Whole year,216
309,Chengdu People's Park,"Garrulax formosus (J.Verreaux, 1869)",Leiothrichidae,Garrulax,formosus,Species,M,Whole year,216
309,Chengdu People's Park,"Leiothrix lutea (Scopoli, 1786)",Leiothrichidae,Leiothrix,lutea,Species,M,Whole year,216
309,Chengdu People's Park,"Yuhina diademata (J.Verreaux, 1869)",Zosteropidae,Yuhina,diademata,Species,M,Whole year,216
309,Chengdu People's Park,"Paradoxornis webbianus (Gould, 1852)",Paradoxornithidae,Paradoxornis,webbianus,Species,R,Whole year,216
309,Chengdu People's Park,"Cettia fortipes (Hodgson, 1845)",Cettiidae,Cettia,fortipes,Species,M,Whole year,216
309,Chengdu People's Park,"Phylloscopus fuscatus (Blyth, 1842)",Phylloscopidae,Phylloscopus,fuscatus,Species,M,Whole year,216
309,Chengdu People's Park,"Phylloscopus proregulus (Pallas, 1811)",Phylloscopidae,Phylloscopus,proregulus,Species,M,Whole year,216
309,Chengdu People's Park,"Phylloscopus trochiloides (Sundevall, 1837)",Phylloscopidae,Phylloscopus,trochiloides,Species,M,Whole year,216
309,Chengdu People's Park,"Phylloscopus reguloides (Blyth, 1842)",Phylloscopidae,Phylloscopus,reguloides,Species,M,Whole year,216
309,Chengdu People's Park,"Parus major (Linnaeus, 1758)",Paridae,Parus,major,Species,R,Whole year,216
309,Chengdu People's Park,"Parus monticolus (Vigors, 1831)",Paridae,Parus,monticolus,Species,M,Whole year,216
309,Chengdu People's Park,"Aegithalos concinnus (Gould, 1855)",Aegithalidae,Aegithalos,concinnus,Species,R,Whole year,216
309,Chengdu People's Park,"Zosterops japonicus (Temminck & Schlegel, 1845)",Zosteropidae,Zosterops,japonicus,Species,M,Whole year,216
309,Chengdu People's Park,"Passer montanus (Linnaeus, 1758)",Passeridae,Passer,montanus,Species,R,Whole year,216
309,Chengdu People's Park,"Lonchura striata (Linnaeus, 1766)",Estrildidae,Lonchura,striata,Species,R,Whole year,216
309,Chengdu People's Park,"Fringilla montifringilla (Linnaeus, 1758)",Fringillidae,Fringilla,montifringilla,Species,M,Whole year,216
309,Chengdu People's Park,"Carduelis sinica (Linnaeus, 1766)",Fringillidae,Carduelis,sinica,Species,R,Whole year,216
309,Chengdu People's Park,"Eophona personata (Temminck & Schlegel, 1848)",Fringillidae,Eophona,personata,Species,M,Whole year,216
309,Chengdu People's Park,"Emberiza pusilla (Pallas, 1776)",Emberizidae,Emberiza,pusilla,Species,M,Whole year,216
310,Chengdu Tazishan Park,"Egretta garzetta (Linnaeus, 1766)",Ardeidae,Egretta,garzetta,Species,R,Whole year,216
310,Chengdu Tazishan Park,"Mesophoyx intermedia (Wagler, 1829)",Ardeidae,Mesophoyx,intermedia,Species,M,Whole year,216
310,Chengdu Tazishan Park,"Nycticorax nycticorax (Linnaeus, 1758)",Ardeidae,Nycticorax,nycticorax,Species,R,Whole year,216
310,Chengdu Tazishan Park,"Milvus migrans (Boddaert, 1783)",Accipitridae,Milvus,migrans,Species,R,Whole year,216
310,Chengdu Tazishan Park,"Buteo buteo (Linnaeus, 1758)",Accipitridae,Buteo,buteo,Species,M,Whole year,216
310,Chengdu Tazishan Park,"Falco tinnunculus (Linnaeus, 1758)",Falconidae,Falco,tinnunculus,Species,M,Whole year,216
310,Chengdu Tazishan Park,"Phasianus colchicus (Linnaeus, 1758)",Jacanidae,Phasianus,colchicus,Species,R,Whole year,216
310,Chengdu Tazishan Park,"Gallinago stenura (Bonaparte, 1831)",Scolopacidae,Gallinago,stenura,Species,M,Whole year,216
310,Chengdu Tazishan Park,"Columba hodgsonii (Vigors, 1832)",Columbidae,Columba,hodgsonii,Species,M,Whole year,216
310,Chengdu Tazishan Park,"Streptopelia orientalis (Latham, 1790)",Columbidae,Streptopelia,orientalis,Species,M,Whole year,216
310,Chengdu Tazishan Park,"Stigmatopelia chinensis (Scopoli, 1768)",Columbidae,Stigmatopelia,chinensis,Species,M,Whole year,216
310,Chengdu Tazishan Park,"Streptopelia tranquebarica (Hermann, 1804)",Columbidae,Streptopelia,tranquebarica,Species,R,Whole year,216
310,Chengdu Tazishan Park,"Cuculus sparverioides (Vigors, 1832)",scolopacea,Cuculus,sparverioides,Species,M,Whole year,216
310,Chengdu Tazishan Park,"Cuculus micropterus (Gould, 1838)",scolopacea,Cuculus,micropterus,Species,M,Whole year,216
310,Chengdu Tazishan Park,"Cuculus canorus (Linnaeus, 1758)",scolopacea,Cuculus,canorus,Species,M,Whole year,216
310,Chengdu Tazishan Park,"Asio otus (Linnaeus, 1758)",Strigidae,Asio,otus,Species,R,Whole year,216
310,Chengdu Tazishan Park,"Asio flammeus (Pontoppidan, 1763)",Strigidae,Asio,flammeus,Species,M,Whole year,216
310,Chengdu Tazishan Park,"Alcedo atthis (Linnaeus, 1758)",Alcedinidae,Alcedo,atthis,Species,R,Whole year,216
310,Chengdu Tazishan Park,"Halcyon pileata (Boddaert, 1783)",Alcedinidae,Halcyon,pileata,Species,M,Whole year,216
310,Chengdu Tazishan Park,"Upupa epops (Linnaeus, 1758)",Upupidae,Upupa,epops,Species,M,Whole year,216
310,Chengdu Tazishan Park,"Picus canus (Gmelin, 1788)",Picidae,Picus,canus,Species,R,Whole year,216
310,Chengdu Tazishan Park,"Calandrella cheleensis (Swinhoe, 1871)",Alaudidae,Calandrella,cheleensis,Species,M,Whole year,216
310,Chengdu Tazishan Park,"Alauda gulgula (Franklin, 1831)",Alaudidae,Alauda,gulgula,Species,R,Whole year,216
310,Chengdu Tazishan Park,"Hirundo rustica (Linnaeus, 1758)",Laridae,Hirundo,rustica,Species,M,Whole year,216
310,Chengdu Tazishan Park,"Hirundo daurica (Laxmann, 1769)",Laridae,Hirundo,daurica,Species,M,Whole year,216
310,Chengdu Tazishan Park,"Motacilla citreola (Pallas, 1776)",Motacillidae,Motacilla,citreola,Species,M,Whole year,216
310,Chengdu Tazishan Park,"Motacilla alba (Linnaeus, 1758)",Motacillidae,Motacilla,alba,Species,R,Whole year,216
310,Chengdu Tazishan Park,"Anthus hodgsoni (Richmond, 1907)",Motacillidae,Anthus,hodgsoni,Species,M,Whole year,216
310,Chengdu Tazishan Park,"Pycnonotus sinensis (Gmelin, 1789)",Pycnonotidae,Pycnonotus,sinensis,Species,R,Whole year,216
310,Chengdu Tazishan Park,"Lanius bucephalus (Temminck & Schlegel, 1845)",Laniidae,Lanius,bucephalus,Species,M,Whole year,216
310,Chengdu Tazishan Park,"Lanius schach (Linnaeus, 1758)",Laniidae,Lanius,schach,Species,R,Whole year,216
310,Chengdu Tazishan Park,"Dicrurus macrocercus (Vieillot, 1817)",Dicruridae,Dicrurus,macrocercus,Species,M,Whole year,216
310,Chengdu Tazishan Park,"Sturnus vulgaris (Linnaeus, 1758)",Sturnidae,Sturnus,vulgaris,Species,M,Whole year,216
310,Chengdu Tazishan Park,"Sturnus cineraceus (Temminck, 1835)",Sturnidae,Sturnus,cineraceus,Species,M,Whole year,216
310,Chengdu Tazishan Park,"Acridotheres cristatellus (Linnaeus, 1758)",Sturnidae,Acridotheres,cristatellus,Species,R,Whole year,216
310,Chengdu Tazishan Park,"Urocissa erythrorhyncha (Boddaert, 1783)",Corvidae,Urocissa,erythrorhyncha,Species,R,Whole year,216
310,Chengdu Tazishan Park,"Troglodytes troglodytes (Linnaeus, 1758)",Troglodytidae,Troglodytes,troglodytes,Species,M,Whole year,216
310,Chengdu Tazishan Park,"Tarsiger cyanurus (Pallas, 1773)",Muscicapidae,Tarsiger,cyanurus,Species,M,Whole year,216
310,Chengdu Tazishan Park,"Copsychus saularis (Linnaeus, 1758)",Muscicapidae,Copsychus,saularis,Species,R,Whole year,216
310,Chengdu Tazishan Park,"Phoenicurus auroreus (Pallas, 1776)",Muscicapidae,Phoenicurus,auroreus,Species,R,Whole year,216
310,Chengdu Tazishan Park,"Rhyacornis fuliginosa (Vigors, 1831)",Muscicapidae,Rhyacornis,fuliginosa,Species,R,Whole year,216
310,Chengdu Tazishan Park,"Chaimarrornis leucocephalus (Vigors, 1831)",Muscicapidae,Chaimarrornis,leucocephalus,Species,M,Whole year,216
310,Chengdu Tazishan Park,"Monticola solitarius (Linnaeus, 1758)",Muscicapidae,Monticola,solitarius,Species,R,Whole year,216
310,Chengdu Tazishan Park,"Myophonus caeruleus (Scopoli, 1786)",Muscicapidae,Myophonus,caeruleus,Species,M,Whole year,216
310,Chengdu Tazishan Park,"Zoothera dauma (Latham, 1790)",Turdidae,Zoothera,dauma,Species,M,Whole year,216
310,Chengdu Tazishan Park,"Turdus merula (Linnaeus, 1758)",Turdidae,Turdus,merula,Species,R,Whole year,216
310,Chengdu Tazishan Park,"Turdus naumanni (Temminck, 1820)",Turdidae,Turdus,naumanni,Species,M,Whole year,216
310,Chengdu Tazishan Park,"Pomatorhinus ruficollis (Hodgson, 1836)",Timaliidae,Pomatorhinus,ruficollis,Species,R,Whole year,216
310,Chengdu Tazishan Park,"Stachyris ruficeps (Blyth, 1847)",Timaliidae,Stachyris,ruficeps,Species,R,Whole year,216
310,Chengdu Tazishan Park,"Garrulax ocellatus (Vigors, 1831)",Leiothrichidae,Garrulax,ocellatus,Species,M,Whole year,216
310,Chengdu Tazishan Park,"Garrulax poecilorhynchus (Gould, 1863)",Leiothrichidae,Garrulax,poecilorhynchus,Species,M,Whole year,216
310,Chengdu Tazishan Park,"Garrulax canorus (Linnaeus, 1758)",Leiothrichidae,Garrulax,canorus,Species,R,Whole year,216
310,Chengdu Tazishan Park,"Garrulax sannio (Swinhoe, 1867)",Leiothrichidae,Garrulax,sannio,Species,R,Whole year,216
310,Chengdu Tazishan Park,"Garrulax elliotii (J.Verreaux, 1870)",Leiothrichidae,Garrulax,elliotii,Species,M,Whole year,216
310,Chengdu Tazishan Park,"Garrulax albogularis (Gould, 1836)",Leiothrichidae,Garrulax,albogularis,Species,R,Whole year,216
310,Chengdu Tazishan Park,"Leiothrix lutea (Scopoli, 1786)",Leiothrichidae,Leiothrix,lutea,Species,M,Whole year,216
310,Chengdu Tazishan Park,"Paradoxornis webbianus (Gould, 1852)",Paradoxornithidae,Paradoxornis,webbianus,Species,R,Whole year,216
310,Chengdu Tazishan Park,"Cettia fortipes (Hodgson, 1845)",Cettiidae,Cettia,fortipes,Species,M,Whole year,216
310,Chengdu Tazishan Park,"Phylloscopus fuscatus (Blyth, 1842)",Phylloscopidae,Phylloscopus,fuscatus,Species,M,Whole year,216
310,Chengdu Tazishan Park,"Phylloscopus proregulus (Pallas, 1811)",Phylloscopidae,Phylloscopus,proregulus,Species,M,Whole year,216
310,Chengdu Tazishan Park,"Phylloscopus trochiloides (Sundevall, 1837)",Phylloscopidae,Phylloscopus,trochiloides,Species,M,Whole year,216
310,Chengdu Tazishan Park,"Phylloscopus reguloides (Blyth, 1842)",Phylloscopidae,Phylloscopus,reguloides,Species,M,Whole year,216
310,Chengdu Tazishan Park,"Culicicapa ceylonensis (Swainson, 1820)",Muscicapidae,Culicicapa,ceylonensis,Species,M,Whole year,216
310,Chengdu Tazishan Park,"Parus major (Linnaeus, 1758)",Paridae,Parus,major,Species,R,Whole year,216
310,Chengdu Tazishan Park,"Parus monticolus (Vigors, 1831)",Paridae,Parus,monticolus,Species,M,Whole year,216
310,Chengdu Tazishan Park,"Aegithalos concinnus (Gould, 1855)",Aegithalidae,Aegithalos,concinnus,Species,R,Whole year,216
310,Chengdu Tazishan Park,"Zosterops japonicus (Temminck & Schlegel, 1845)",Zosteropidae,Zosterops,japonicus,Species,M,Whole year,216
310,Chengdu Tazishan Park,"Passer montanus (Linnaeus, 1758)",Passeridae,Passer,montanus,Species,R,Whole year,216
310,Chengdu Tazishan Park,"Lonchura striata (Linnaeus, 1766)",Estrildidae,Lonchura,striata,Species,R,Whole year,216
310,Chengdu Tazishan Park,"Carduelis sinica (Linnaeus, 1766)",Fringillidae,Carduelis,sinica,Species,R,Whole year,216
310,Chengdu Tazishan Park,"Eophona personata (Temminck & Schlegel, 1848)",Fringillidae,Eophona,personata,Species,M,Whole year,216
310,Chengdu Tazishan Park,"Emberiza cioides (von J.F.Brandt, 1843)",Emberizidae,Emberiza,cioides,Species,R,Whole year,216
310,Chengdu Tazishan Park,"Emberiza pusilla (Pallas, 1776)",Emberizidae,Emberiza,pusilla,Species,M,Whole year,216
311,Chengdu Wangjianglou Park,"Egretta garzetta (Linnaeus, 1766)",Ardeidae,Egretta,garzetta,Species,R,Whole year,216
311,Chengdu Wangjianglou Park,"Nycticorax nycticorax (Linnaeus, 1758)",Ardeidae,Nycticorax,nycticorax,Species,R,Whole year,216
311,Chengdu Wangjianglou Park,"Milvus migrans (Boddaert, 1783)",Accipitridae,Milvus,migrans,Species,R,Whole year,216
311,Chengdu Wangjianglou Park,"Charadrius dubius (Scopoli, 1786)",Charadriidae,Charadrius,dubius,Species,M,Whole year,216
311,Chengdu Wangjianglou Park,"Streptopelia orientalis (Latham, 1790)",Columbidae,Streptopelia,orientalis,Species,M,Whole year,216
311,Chengdu Wangjianglou Park,"Stigmatopelia chinensis (Scopoli, 1768)",Columbidae,Stigmatopelia,chinensis,Species,M,Whole year,216
311,Chengdu Wangjianglou Park,"Streptopelia tranquebarica (Hermann, 1804)",Columbidae,Streptopelia,tranquebarica,Species,R,Whole year,216
311,Chengdu Wangjianglou Park,"Cuculus sparverioides (Vigors, 1832)",scolopacea,Cuculus,sparverioides,Species,M,Whole year,216
311,Chengdu Wangjianglou Park,"Cuculus micropterus (Gould, 1838)",scolopacea,Cuculus,micropterus,Species,M,Whole year,216
311,Chengdu Wangjianglou Park,"Cuculus canorus (Linnaeus, 1758)",scolopacea,Cuculus,canorus,Species,M,Whole year,216
311,Chengdu Wangjianglou Park,"Apus nipalensis (Hodgson, 1837)",Apodidae,Apus,nipalensis,Species,M,Whole year,216
311,Chengdu Wangjianglou Park,"Alcedo atthis (Linnaeus, 1758)",Alcedinidae,Alcedo,atthis,Species,R,Whole year,216
311,Chengdu Wangjianglou Park,"Halcyon pileata (Boddaert, 1783)",Alcedinidae,Halcyon,pileata,Species,M,Whole year,216
311,Chengdu Wangjianglou Park,"Upupa epops (Linnaeus, 1758)",Upupidae,Upupa,epops,Species,M,Whole year,216
311,Chengdu Wangjianglou Park,"Dendrocopos hyperythrus (Vigors, 1831)",Picidae,Dendrocopos,hyperythrus,Species,M,Whole year,216
311,Chengdu Wangjianglou Park,"Calandrella cheleensis (Swinhoe, 1871)",Alaudidae,Calandrella,cheleensis,Species,M,Whole year,216
311,Chengdu Wangjianglou Park,"Hirundo rustica (Linnaeus, 1758)",Laridae,Hirundo,rustica,Species,M,Whole year,216
311,Chengdu Wangjianglou Park,"Hirundo daurica (Laxmann, 1769)",Laridae,Hirundo,daurica,Species,M,Whole year,216
311,Chengdu Wangjianglou Park,"Motacilla cinerea (Tunstall, 1771)",Motacillidae,Motacilla,cinerea,Species,M,Whole year,216
311,Chengdu Wangjianglou Park,"Motacilla alba (Linnaeus, 1758)",Motacillidae,Motacilla,alba,Species,R,Whole year,216
311,Chengdu Wangjianglou Park,"Anthus hodgsoni (Richmond, 1907)",Motacillidae,Anthus,hodgsoni,Species,M,Whole year,216
311,Chengdu Wangjianglou Park,"Pycnonotus sinensis (Gmelin, 1789)",Pycnonotidae,Pycnonotus,sinensis,Species,R,Whole year,216
311,Chengdu Wangjianglou Park,"Lanius tigrinus (Drapiez, 1828)",Laniidae,Lanius,tigrinus,Species,M,Whole year,216
311,Chengdu Wangjianglou Park,"Lanius schach (Linnaeus, 1758)",Laniidae,Lanius,schach,Species,R,Whole year,216
311,Chengdu Wangjianglou Park,"Dicrurus macrocercus (Vieillot, 1817)",Dicruridae,Dicrurus,macrocercus,Species,M,Whole year,216
311,Chengdu Wangjianglou Park,"Sturnus vulgaris (Linnaeus, 1758)",Sturnidae,Sturnus,vulgaris,Species,M,Whole year,216
311,Chengdu Wangjianglou Park,"Sturnus sericeus (Gmelin, 1789)",Sturnidae,Sturnus,sericeus,Species,R,Whole year,216
311,Chengdu Wangjianglou Park,"Sturnus cineraceus (Temminck, 1835)",Sturnidae,Sturnus,cineraceus,Species,M,Whole year,216
311,Chengdu Wangjianglou Park,"Pica pica (Linnaeus, 1758)",Corvidae,Pica,pica,Species,R,Whole year,216
311,Chengdu Wangjianglou Park,"Troglodytes troglodytes (Linnaeus, 1758)",Troglodytidae,Troglodytes,troglodytes,Species,M,Whole year,216
311,Chengdu Wangjianglou Park,"Brachypteryx montana (Horsfield, 1821)",Muscicapidae,Brachypteryx,montana,Species,M,Whole year,216
311,Chengdu Wangjianglou Park,"Tarsiger cyanurus (Pallas, 1773)",Muscicapidae,Tarsiger,cyanurus,Species,M,Whole year,216
311,Chengdu Wangjianglou Park,"Copsychus saularis (Linnaeus, 1758)",Muscicapidae,Copsychus,saularis,Species,R,Whole year,216
311,Chengdu Wangjianglou Park,"Phoenicurus frontalis (Vigors, 1832)",Muscicapidae,Phoenicurus,frontalis,Species,M,Whole year,216
311,Chengdu Wangjianglou Park,"Phoenicurus auroreus (Pallas, 1776)",Muscicapidae,Phoenicurus,auroreus,Species,R,Whole year,216
311,Chengdu Wangjianglou Park,"Rhyacornis fuliginosa (Vigors, 1831)",Muscicapidae,Rhyacornis,fuliginosa,Species,R,Whole year,216
311,Chengdu Wangjianglou Park,"Chaimarrornis leucocephalus (Vigors, 1831)",Muscicapidae,Chaimarrornis,leucocephalus,Species,M,Whole year,216
311,Chengdu Wangjianglou Park,"Myophonus caeruleus (Scopoli, 1786)",Muscicapidae,Myophonus,caeruleus,Species,M,Whole year,216
311,Chengdu Wangjianglou Park,"Turdus merula (Linnaeus, 1758)",Turdidae,Turdus,merula,Species,R,Whole year,216
311,Chengdu Wangjianglou Park,"Pomatorhinus ruficollis (Hodgson, 1836)",Timaliidae,Pomatorhinus,ruficollis,Species,R,Whole year,216
311,Chengdu Wangjianglou Park,"Stachyris ruficeps (Blyth, 1847)",Timaliidae,Stachyris,ruficeps,Species,R,Whole year,216
311,Chengdu Wangjianglou Park,"Garrulax canorus (Linnaeus, 1758)",Leiothrichidae,Garrulax,canorus,Species,R,Whole year,216
311,Chengdu Wangjianglou Park,"Garrulax sannio (Swinhoe, 1867)",Leiothrichidae,Garrulax,sannio,Species,R,Whole year,216
311,Chengdu Wangjianglou Park,"Garrulax elliotii (J.Verreaux, 1870)",Leiothrichidae,Garrulax,elliotii,Species,M,Whole year,216
311,Chengdu Wangjianglou Park,"Garrulax albogularis (Gould, 1836)",Leiothrichidae,Garrulax,albogularis,Species,R,Whole year,216
311,Chengdu Wangjianglou Park,"Paradoxornis webbianus (Gould, 1852)",Paradoxornithidae,Paradoxornis,webbianus,Species,R,Whole year,216
311,Chengdu Wangjianglou Park,"Cettia fortipes (Hodgson, 1845)",Cettiidae,Cettia,fortipes,Species,M,Whole year,216
311,Chengdu Wangjianglou Park,"Phylloscopus fuscatus (Blyth, 1842)",Phylloscopidae,Phylloscopus,fuscatus,Species,M,Whole year,216
311,Chengdu Wangjianglou Park,"Phylloscopus proregulus (Pallas, 1811)",Phylloscopidae,Phylloscopus,proregulus,Species,M,Whole year,216
311,Chengdu Wangjianglou Park,"Phylloscopus trochiloides (Sundevall, 1837)",Phylloscopidae,Phylloscopus,trochiloides,Species,M,Whole year,216
311,Chengdu Wangjianglou Park,"Phylloscopus reguloides (Blyth, 1842)",Phylloscopidae,Phylloscopus,reguloides,Species,M,Whole year,216
311,Chengdu Wangjianglou Park,"Seicercus burkii (Burton, 1836)",Muscicapidae,Seicercus,burkii,Species,M,Whole year,216
311,Chengdu Wangjianglou Park,"Prinia crinigera (Hodgson, 1836)",Cisticolidae,Prinia,crinigera,Species,R,Whole year,216
311,Chengdu Wangjianglou Park,"Parus major (Linnaeus, 1758)",Paridae,Parus,major,Species,R,Whole year,216
311,Chengdu Wangjianglou Park,"Parus monticolus (Vigors, 1831)",Paridae,Parus,monticolus,Species,M,Whole year,216
311,Chengdu Wangjianglou Park,"Aegithalos concinnus (Gould, 1855)",Aegithalidae,Aegithalos,concinnus,Species,R,Whole year,216
311,Chengdu Wangjianglou Park,"Zosterops japonicus (Temminck & Schlegel, 1845)",Zosteropidae,Zosterops,japonicus,Species,M,Whole year,216
311,Chengdu Wangjianglou Park,"Passer montanus (Linnaeus, 1758)",Passeridae,Passer,montanus,Species,R,Whole year,216
311,Chengdu Wangjianglou Park,"Lonchura striata (Linnaeus, 1766)",Estrildidae,Lonchura,striata,Species,R,Whole year,216
311,Chengdu Wangjianglou Park,"Carduelis sinica (Linnaeus, 1766)",Fringillidae,Carduelis,sinica,Species,R,Whole year,216
311,Chengdu Wangjianglou Park,"Eophona personata (Temminck & Schlegel, 1848)",Fringillidae,Eophona,personata,Species,M,Whole year,216
311,Chengdu Wangjianglou Park,"Emberiza pusilla (Pallas, 1776)",Emberizidae,Emberiza,pusilla,Species,M,Whole year,216
312,Chengdu Zoo,"Tachybaptus ruficollis (Pallas, 1764)",Podicipedidae,Tachybaptus,ruficollis,Species,M,Whole year,216
312,Chengdu Zoo,"Ardea cinerea (Linnaeus, 1758)",Ardeidae,Ardea,cinerea,Species,M,Whole year,216
312,Chengdu Zoo,"Egretta garzetta (Linnaeus, 1766)",Ardeidae,Egretta,garzetta,Species,R,Whole year,216
312,Chengdu Zoo,"Mesophoyx intermedia (Wagler, 1829)",Ardeidae,Mesophoyx,intermedia,Species,M,Whole year,216
312,Chengdu Zoo,"Nycticorax nycticorax (Linnaeus, 1758)",Ardeidae,Nycticorax,nycticorax,Species,R,Whole year,216
312,Chengdu Zoo,"Milvus migrans (Boddaert, 1783)",Accipitridae,Milvus,migrans,Species,R,Whole year,216
312,Chengdu Zoo,"Columba hodgsonii (Vigors, 1832)",Columbidae,Columba,hodgsonii,Species,M,Whole year,216
312,Chengdu Zoo,"Streptopelia orientalis (Latham, 1790)",Columbidae,Streptopelia,orientalis,Species,M,Whole year,216
312,Chengdu Zoo,"Stigmatopelia chinensis (Scopoli, 1768)",Columbidae,Stigmatopelia,chinensis,Species,M,Whole year,216
312,Chengdu Zoo,"Streptopelia tranquebarica (Hermann, 1804)",Columbidae,Streptopelia,tranquebarica,Species,R,Whole year,216
312,Chengdu Zoo,"Clamator coromandus (Linnaeus, 1766)",Cuculidae,Clamator,coromandus,Species,R,Whole year,216
312,Chengdu Zoo,"Cuculus sparverioides (Vigors, 1832)",scolopacea,Cuculus,sparverioides,Species,M,Whole year,216
312,Chengdu Zoo,"Cuculus micropterus (Gould, 1838)",scolopacea,Cuculus,micropterus,Species,M,Whole year,216
312,Chengdu Zoo,"Cuculus canorus (Linnaeus, 1758)",scolopacea,Cuculus,canorus,Species,M,Whole year,216
312,Chengdu Zoo,"Alcedo atthis (Linnaeus, 1758)",Alcedinidae,Alcedo,atthis,Species,R,Whole year,216
312,Chengdu Zoo,"Hirundo rustica (Linnaeus, 1758)",Laridae,Hirundo,rustica,Species,M,Whole year,216
312,Chengdu Zoo,"Hirundo daurica (Laxmann, 1769)",Laridae,Hirundo,daurica,Species,M,Whole year,216
312,Chengdu Zoo,"Motacilla alba (Linnaeus, 1758)",Motacillidae,Motacilla,alba,Species,R,Whole year,216
312,Chengdu Zoo,"Dendronanthus indicus (Gmelin, 1789)",Motacillidae,Dendronanthus,indicus,Species,M,Whole year,216
312,Chengdu Zoo,"Anthus hodgsoni (Richmond, 1907)",Motacillidae,Anthus,hodgsoni,Species,M,Whole year,216
312,Chengdu Zoo,"Spizixos semitorques (Swinhoe, 1861)",Pycnonotidae,Spizixos,semitorques,Species,R,Whole year,216
312,Chengdu Zoo,"Pycnonotus sinensis (Gmelin, 1789)",Pycnonotidae,Pycnonotus,sinensis,Species,R,Whole year,216
312,Chengdu Zoo,"Lanius schach (Linnaeus, 1758)",Laniidae,Lanius,schach,Species,R,Whole year,216
312,Chengdu Zoo,"Dicrurus macrocercus (Vieillot, 1817)",Dicruridae,Dicrurus,macrocercus,Species,M,Whole year,216
312,Chengdu Zoo,"Sturnus vulgaris (Linnaeus, 1758)",Sturnidae,Sturnus,vulgaris,Species,M,Whole year,216
312,Chengdu Zoo,"Sturnus cineraceus (Temminck, 1835)",Sturnidae,Sturnus,cineraceus,Species,M,Whole year,216
312,Chengdu Zoo,"Acridotheres cristatellus (Linnaeus, 1758)",Sturnidae,Acridotheres,cristatellus,Species,R,Whole year,216
312,Chengdu Zoo,"Troglodytes troglodytes (Linnaeus, 1758)",Troglodytidae,Troglodytes,troglodytes,Species,M,Whole year,216
312,Chengdu Zoo,"Copsychus saularis (Linnaeus, 1758)",Muscicapidae,Copsychus,saularis,Species,R,Whole year,216
312,Chengdu Zoo,"Phoenicurus auroreus (Pallas, 1776)",Muscicapidae,Phoenicurus,auroreus,Species,R,Whole year,216
312,Chengdu Zoo,"Turdus merula (Linnaeus, 1758)",Turdidae,Turdus,merula,Species,R,Whole year,216
312,Chengdu Zoo,"Turdus rubrocanus (J.E.Gray & G.R.Gray, 1847)",Turdidae,Turdus,rubrocanus,Species,M,Whole year,216
312,Chengdu Zoo,"Turdus naumanni (Temminck, 1820)",Turdidae,Turdus,naumanni,Species,M,Whole year,216
312,Chengdu Zoo,"Pomatorhinus ruficollis (Hodgson, 1836)",Timaliidae,Pomatorhinus,ruficollis,Species,R,Whole year,216
312,Chengdu Zoo,"Stachyris ruficeps (Blyth, 1847)",Timaliidae,Stachyris,ruficeps,Species,R,Whole year,216
312,Chengdu Zoo,"Garrulax canorus (Linnaeus, 1758)",Leiothrichidae,Garrulax,canorus,Species,R,Whole year,216
312,Chengdu Zoo,"Garrulax sannio (Swinhoe, 1867)",Leiothrichidae,Garrulax,sannio,Species,R,Whole year,216
312,Chengdu Zoo,"Garrulax elliotii (J.Verreaux, 1870)",Leiothrichidae,Garrulax,elliotii,Species,M,Whole year,216
312,Chengdu Zoo,"Garrulax albogularis (Gould, 1836)",Leiothrichidae,Garrulax,albogularis,Species,R,Whole year,216
312,Chengdu Zoo,"Garrulax formosus (J.Verreaux, 1869)",Leiothrichidae,Garrulax,formosus,Species,M,Whole year,216
312,Chengdu Zoo,"Leiothrix lutea (Scopoli, 1786)",Leiothrichidae,Leiothrix,lutea,Species,M,Whole year,216
312,Chengdu Zoo,"Yuhina diademata (J.Verreaux, 1869)",Zosteropidae,Yuhina,diademata,Species,M,Whole year,216
312,Chengdu Zoo,"Paradoxornis webbianus (Gould, 1852)",Paradoxornithidae,Paradoxornis,webbianus,Species,R,Whole year,216
312,Chengdu Zoo,"Cettia fortipes (Hodgson, 1845)",Cettiidae,Cettia,fortipes,Species,M,Whole year,216
312,Chengdu Zoo,"Phylloscopus fuscatus (Blyth, 1842)",Phylloscopidae,Phylloscopus,fuscatus,Species,M,Whole year,216
312,Chengdu Zoo,"Phylloscopus proregulus (Pallas, 1811)",Phylloscopidae,Phylloscopus,proregulus,Species,M,Whole year,216
312,Chengdu Zoo,"Phylloscopus trochiloides (Sundevall, 1837)",Phylloscopidae,Phylloscopus,trochiloides,Species,M,Whole year,216
312,Chengdu Zoo,"Phylloscopus reguloides (Blyth, 1842)",Phylloscopidae,Phylloscopus,reguloides,Species,M,Whole year,216
312,Chengdu Zoo,"Parus major (Linnaeus, 1758)",Paridae,Parus,major,Species,R,Whole year,216
312,Chengdu Zoo,"Parus monticolus (Vigors, 1831)",Paridae,Parus,monticolus,Species,M,Whole year,216
312,Chengdu Zoo,"Aegithalos concinnus (Gould, 1855)",Aegithalidae,Aegithalos,concinnus,Species,R,Whole year,216
312,Chengdu Zoo,"Zosterops japonicus (Temminck & Schlegel, 1845)",Zosteropidae,Zosterops,japonicus,Species,M,Whole year,216
312,Chengdu Zoo,"Passer montanus (Linnaeus, 1758)",Passeridae,Passer,montanus,Species,R,Whole year,216
312,Chengdu Zoo,"Lonchura striata (Linnaeus, 1766)",Estrildidae,Lonchura,striata,Species,R,Whole year,216
312,Chengdu Zoo,"Fringilla montifringilla (Linnaeus, 1758)",Fringillidae,Fringilla,montifringilla,Species,M,Whole year,216
312,Chengdu Zoo,"Carduelis sinica (Linnaeus, 1766)",Fringillidae,Carduelis,sinica,Species,R,Whole year,216
312,Chengdu Zoo,"Pyrrhula erythaca (Blyth, 1862)",Fringillidae,Pyrrhula,erythaca,Species,M,Whole year,216
312,Chengdu Zoo,"Eophona personata (Temminck & Schlegel, 1848)",Fringillidae,Eophona,personata,Species,M,Whole year,216
312,Chengdu Zoo,"Coccothraustes coccothraustes (Linnaeus, 1758)",Fringillidae,Coccothraustes,coccothraustes,Species,M,Whole year,216
312,Chengdu Zoo,"Emberiza pusilla (Pallas, 1776)",Emberizidae,Emberiza,pusilla,Species,M,Whole year,216
313,Delta Park in Ordos City,"Passer domesticus (Linnaeus, 1758)",Passeridae,Passer,domesticus,Species,M,Summer,187
313,Delta Park in Ordos City,"Hirundo rustica (Linnaeus, 1758)",Laridae,Hirundo,rustica,Species,M,Summer,187
313,Delta Park in Ordos City,"Lanius cristatus (Linnaeus, 1758)",Laniidae,Lanius,cristatus,Species,M,Summer,187
313,Delta Park in Ordos City,"Pica pica (Linnaeus, 1758)",Corvidae,Pica,pica,Species,R,Summer,187
313,Delta Park in Ordos City,"Carduelis sinica (Linnaeus, 1766)",Fringillidae,Carduelis,sinica,Species,R,Summer,187
314,Dongguan Tongsha Ecological Park,"Ardeola bacchus (Bonaparte, 1855)",Ardeidae,Ardeola,bacchus,Species,R,Whole year,189
314,Dongguan Tongsha Ecological Park,"Egretta garzetta (Linnaeus, 1766)",Ardeidae,Egretta,garzetta,Species,R,Whole year,189
314,Dongguan Tongsha Ecological Park,"Alcedo atthis (Linnaeus, 1758)",Alcedinidae,Alcedo,atthis,Species,R,Whole year,189
314,Dongguan Tongsha Ecological Park,"Falco tinnunculus (Linnaeus, 1758)",Falconidae,Falco,tinnunculus,Species,M,Whole year,189
314,Dongguan Tongsha Ecological Park,"Streptopelia orientalis (Latham, 1790)",Columbidae,Streptopelia,orientalis,Species,M,Whole year,189
314,Dongguan Tongsha Ecological Park,"Stigmatopelia chinensis (Scopoli, 1768)",Columbidae,Stigmatopelia,chinensis,Species,R,Whole year,189
314,Dongguan Tongsha Ecological Park,"Eudynamys scolopaceus (Linnaeus, 1758)",Cuculidae,Eudynamys,scolopaceus,Species,R,Whole year,189
314,Dongguan Tongsha Ecological Park,"Centropus sinensis (Stephens, 1815)",Cuculidae,Centropus,sinensis,Species,R,Whole year,189
314,Dongguan Tongsha Ecological Park,"Hirundo rustica (Linnaeus, 1758)",Laridae,Hirundo,rustica,Species,M,Whole year,189
314,Dongguan Tongsha Ecological Park,"Motacilla alba (Linnaeus, 1758)",Motacillidae,Motacilla,alba,Species,R,Whole year,189
314,Dongguan Tongsha Ecological Park,"Motacilla cinerea (Tunstall, 1771)",Motacillidae,Motacilla,cinerea,Species,M,Whole year,189
314,Dongguan Tongsha Ecological Park,"Anthus hodgsoni (Richmond, 1907)",Motacillidae,Anthus,hodgsoni,Species,M,Whole year,189
314,Dongguan Tongsha Ecological Park,"Anthus novaeseelandiae (Gmelin, 1789)",Motacillidae,Anthus,novaeseelandiae,Species,M,Whole year,189
314,Dongguan Tongsha Ecological Park,"Coracina melaschistos (Hodgson, 1836)",Campephagidae,Coracina,melaschistos,Species,M,Whole year,189
314,Dongguan Tongsha Ecological Park,"Pycnonotus jocosus (Linnaeus, 1758)",Pycnonotidae,Pycnonotus,jocosus,Species,R,Whole year,189
314,Dongguan Tongsha Ecological Park,"Pycnonotus sinensis (Gmelin, 1789)",Pycnonotidae,Pycnonotus,sinensis,Species,R,Whole year,189
314,Dongguan Tongsha Ecological Park,"Pycnonotus aurigaster (Vieillot, 1818)",Pycnonotidae,Pycnonotus,aurigaster,Species,R,Whole year,189
314,Dongguan Tongsha Ecological Park,"Hemixos castanonotus (Swinhoe, 1870)",Pycnonotidae,Hemixos,castanonotus,Species,R,Whole year,189
314,Dongguan Tongsha Ecological Park,"Lanius schach (Linnaeus, 1758)",Laniidae,Lanius,schach,Species,R,Whole year,189
314,Dongguan Tongsha Ecological Park,"Oriolus chinensis (Linnaeus, 1766)",Oriolidae,Oriolus,chinensis,Species,M,Whole year,189
314,Dongguan Tongsha Ecological Park,"Sturnus sericeus (Gmelin, 1789)",Sturnidae,Sturnus,sericeus,Species,M,Whole year,189
314,Dongguan Tongsha Ecological Park,"Sturnus nigricollis (Paykull, 1807)",Sturnidae,Sturnus,nigricollis,Species,R,Whole year,189
314,Dongguan Tongsha Ecological Park,"Acridotheres cristatellus (Linnaeus, 1758)",Sturnidae,Acridotheres,cristatellus,Species,R,Whole year,189
314,Dongguan Tongsha Ecological Park,"Corvus macrorhynchos (Wagler, 1827)",Corvidae,Corvus,macrorhynchos,Species,R,Whole year,189
314,Dongguan Tongsha Ecological Park,"Copsychus saularis (Linnaeus, 1758)",Muscicapidae,Copsychus,saularis,Species,R,Whole year,189
314,Dongguan Tongsha Ecological Park,"Saxicola torquatus (Linnaeus, 1766)",Muscicapidae,Saxicola,torquatus,Species,M,Whole year,189
314,Dongguan Tongsha Ecological Park,"Myophonus caeruleus (Scopoli, 1786)",Muscicapidae,Myophonus,caeruleus,Species,R,Whole year,189
314,Dongguan Tongsha Ecological Park,"Turdus hortulorum (P.L.Sclater, 1863)",Turdidae,Turdus,hortulorum,Species,M,Whole year,189
314,Dongguan Tongsha Ecological Park,"Turdus merula (Linnaeus, 1758)",Turdidae,Turdus,merula,Species,M,Whole year,189
314,Dongguan Tongsha Ecological Park,"Turdus pallidus (Gmelin, 1789)",Turdidae,Turdus,pallidus,Species,M,Whole year,189
314,Dongguan Tongsha Ecological Park,"Garrulax perspicillatus (Gmelin, 1789)",Leiothrichidae,Garrulax,perspicillatus,Species,R,Whole year,189
314,Dongguan Tongsha Ecological Park,"Urosphena squameiceps (Swinhoe, 1863)",Cettiidae,Urosphena,squameiceps,Species,M,Whole year,189
314,Dongguan Tongsha Ecological Park,"Phylloscopus fuscatus (Blyth, 1842)",Phylloscopidae,Phylloscopus,fuscatus,Species,M,Whole year,189
314,Dongguan Tongsha Ecological Park,"Phylloscopus proregulus (Pallas, 1811)",Phylloscopidae,Phylloscopus,proregulus,Species,M,Whole year,189
314,Dongguan Tongsha Ecological Park,"Phylloscopus inornatus (Blyth, 1842)",Phylloscopidae,Phylloscopus,inornatus,Species,M,Whole year,189
314,Dongguan Tongsha Ecological Park,"Phylloscopus borealis (J.H.Blasius, 1858)",Phylloscopidae,Phylloscopus,borealis,Species,M,Whole year,189
314,Dongguan Tongsha Ecological Park,"Orthotomus sutorius (Pennant, 1769)",Cisticolidae,Orthotomus,sutorius,Species,R,Whole year,189
314,Dongguan Tongsha Ecological Park,"Prinia subflava (Gmelin, 1789)",Cisticolidae,Prinia,subflava,Species,R,Whole year,189
314,Dongguan Tongsha Ecological Park,"Prinia flaviventris (Delessert, 1840)",Cisticolidae,Prinia,flaviventris,Species,R,Whole year,189
314,Dongguan Tongsha Ecological Park,"Parus major (Linnaeus, 1758)",Paridae,Parus,major,Species,R,Whole year,189
314,Dongguan Tongsha Ecological Park,"Zosterops japonicus (Temminck & Schlegel, 1845)",Zosteropidae,Zosterops,japonicus,Species,R,Whole year,189
314,Dongguan Tongsha Ecological Park,"Passer montanus (Linnaeus, 1758)",Passeridae,Passer,montanus,Species,R,Whole year,189
314,Dongguan Tongsha Ecological Park,"Lonchura punctulata (Linnaeus, 1758)",Estrildidae,Lonchura,punctulata,Species,R,Whole year,189
314,Dongguan Tongsha Ecological Park,"Eophona personata (Temminck & Schlegel, 1848)",Fringillidae,Eophona,personata,Species,M,Whole year,189
314,Dongguan Tongsha Ecological Park,"Emberiza spodocephala (Pallas, 1776)",Emberizidae,Emberiza,spodocephala,Species,M,Whole year,189
315,Erhai Park,"Pycnonotus aurigaster (Vieillot, 1818)",Pycnonotidae,Pycnonotus,aurigaster,Species,R,Spring,112
315,Erhai Park,"Pycnonotus xanthorrhous (Anderson, 1869)",Pycnonotidae,Pycnonotus,xanthorrhous,Species,R,Spring,112
315,Erhai Park,"Garrulus glandarius (Linnaeus, 1758)",Corvidae,Garrulus,glandarius,Species,R,Spring,112
315,Erhai Park,"Rhipidura albicollis (Vieillot, 1818)",Rhipiduridae,Rhipidura,albicollis,Species,R,Spring,112
315,Erhai Park,"Ficedula mugimaki (Temminck, 1836)",Muscicapidae,Ficedula,mugimaki,Species,M,Spring,112
315,Erhai Park,"Ficedula westermanni (Sharpe, 1888)",Muscicapidae,Ficedula,westermanni,Species,R,Spring,112
315,Erhai Park,"Phylloscopus proregulus (Pallas, 1811)",Phylloscopidae,Phylloscopus,proregulus,Species,M,Spring,112
315,Erhai Park,"Phylloscopus trochiloides (Sundevall, 1837)",Phylloscopidae,Phylloscopus,trochiloides,Species,M,Spring,112
315,Erhai Park,"Garrulax sannio (Swinhoe, 1867)",Leiothrichidae,Garrulax,sannio,Species,R,Spring,112
315,Erhai Park,"Passer montanus (Linnaeus, 1758)",Passeridae,Passer,montanus,Species,R,Spring,112
315,Erhai Park,"Carduelis ambigua (Oustalet, 1896)",Fringillidae,Carduelis,ambigua,Species,R,Spring,112
315,Erhai Park,"Emberiza pusilla (Pallas, 1776)",Emberizidae,Emberiza,pusilla,Species,R,Spring,112
315,Erhai Park,"Copsychus saularis (Linnaeus, 1758)",Muscicapidae,Copsychus,saularis,Species,R,Spring,112
315,Erhai Park,"Motacilla alba (Linnaeus, 1758)",Motacillidae,Motacilla,alba,Species,M,Spring,112
315,Erhai Park,"Strix leptogrammica (Temminck, 1832)",Strigidae,Strix,leptogrammica,Species,R,Spring,112
315,Erhai Park,"Stigmatopelia chinensis (Scopoli, 1768)",Columbidae,Stigmatopelia,chinensis,Species,R,Spring,112
315,Erhai Park,"Upupa epops (Linnaeus, 1758)",Upupidae,Upupa,epops,Species,R,Spring,112
315,Erhai Park,"Buteo buteo (Linnaeus, 1758)",Accipitridae,Buteo,buteo,Species,R,Spring,112
316,Baotou Fairview Park ,"Passer domesticus (Linnaeus, 1758)",Passeridae,Passer,domesticus,Species,M,Summer,187
316,Baotou Fairview Park ,"Hirundo rustica (Linnaeus, 1758)",Laridae,Hirundo,rustica,Species,M,Summer,187
316,Baotou Fairview Park ,"Streptopelia decaocto (Frivaldszky, 1838)",Columbidae,Streptopelia,decaocto,Species,R,Summer,187
316,Baotou Fairview Park ,"Pica pica (Linnaeus, 1758)",Corvidae,Pica,pica,Species,R,Summer,187
316,Baotou Fairview Park ,"Columba livia domestica (Gmelin, 1789)",Columbidae,Columba,livia,Species,M,Summer,187
316,Baotou Fairview Park ,"Carduelis sinica (Linnaeus, 1766)",Fringillidae,Carduelis,sinica,Species,R,Summer,187
316,Baotou Fairview Park ,"Cyanopica cyanus (Pallas, 1776)",Corvidae,Cyanopica,cyanus,Species,R,Summer,187
316,Baotou Fairview Park ,"Lanius cristatus (Linnaeus, 1758)",Laniidae,Lanius,cristatus,Species,M,Summer,187
317,Fuyang Wenfeng Park,"Stigmatopelia chinensis (Scopoli, 1768)",Columbidae,Stigmatopelia,chinensis,Species,R,Spring,130
317,Fuyang Wenfeng Park,"Streptopelia orientalis (Latham, 1790)",Columbidae,Streptopelia,orientalis,Species,R,Spring,130
317,Fuyang Wenfeng Park,"Dendrocopos major (Linnaeus, 1758)",Picidae,Dendrocopos,major,Species,R,Spring,130
317,Fuyang Wenfeng Park,"Cuculus micropterus (Gould, 1838)",scolopacea,Cuculus,micropterus,Species,M,Spring,130
317,Fuyang Wenfeng Park,"Hirundo rustica (Linnaeus, 1758)",Laridae,Hirundo,rustica,Species,M,Spring,130
317,Fuyang Wenfeng Park,"Hirundo daurica (Laxmann, 1769)",Laridae,Hirundo,daurica,Species,M,Spring,130
317,Fuyang Wenfeng Park,"Motacilla alba (Linnaeus, 1758)",Motacillidae,Motacilla,alba,Species,R,Spring,130
317,Fuyang Wenfeng Park,"Zosterops japonicus (Temminck & Schlegel, 1845)",Zosteropidae,Zosterops,japonicus,Species,M,Spring,130
317,Fuyang Wenfeng Park,"Pycnonotus sinensis (Gmelin, 1789)",Pycnonotidae,Pycnonotus,sinensis,Species,R,Spring,130
317,Fuyang Wenfeng Park,"Pica pica (Linnaeus, 1758)",Corvidae,Pica,pica,Species,R,Spring,130
317,Fuyang Wenfeng Park,"Phylloscopus inornatus (Blyth, 1842)",Phylloscopidae,Phylloscopus,inornatus,Species,M,Spring,130
317,Fuyang Wenfeng Park,"Parus major (Linnaeus, 1758)",Paridae,Parus,major,Species,R,Spring,130
317,Fuyang Wenfeng Park,"Passer montanus (Linnaeus, 1758)",Passeridae,Passer,montanus,Species,R,Spring,130
317,Fuyang Wenfeng Park,"Carduelis sinica (Linnaeus, 1766)",Fringillidae,Carduelis,sinica,Species,R,Spring,130
318,Guangzhou Bay Tsui Wetland Park,"Tachybaptus ruficollis (Pallas, 1764)",Podicipedidae,Tachybaptus,ruficollis,Species,R,Whole year,90
318,Guangzhou Bay Tsui Wetland Park,"Ardea cinerea (Linnaeus, 1758)",Ardeidae,Ardea,cinerea,Species,R,Whole year,90
318,Guangzhou Bay Tsui Wetland Park,"Casmerodius albus (Linnaeus, 1758)",Ardeidae,Casmerodius,albus,Species,M,Whole year,90
318,Guangzhou Bay Tsui Wetland Park,"Mesophoyx intermedia (Wagler, 1829)",Ardeidae,Mesophoyx,intermedia,Species,M,Whole year,90
318,Guangzhou Bay Tsui Wetland Park,"Egretta garzetta (Linnaeus, 1766)",Ardeidae,Egretta,garzetta,Species,R,Whole year,90
318,Guangzhou Bay Tsui Wetland Park,"Ardeola bacchus (Bonaparte, 1855)",Ardeidae,Ardeola,bacchus,Species,R,Whole year,90
318,Guangzhou Bay Tsui Wetland Park,"Nycticorax nycticorax (Linnaeus, 1758)",Ardeidae,Nycticorax,nycticorax,Species,R,Whole year,90
318,Guangzhou Bay Tsui Wetland Park,"Anser cygnoides (Linnaeus, 1758)",Anatidae,Anser,cygnoides,Species,R,Whole year,90
318,Guangzhou Bay Tsui Wetland Park,"Anser fabalis (Latham, 1787)",Anatidae,Anser,fabalis,Species,R,Whole year,90
318,Guangzhou Bay Tsui Wetland Park,"Anas platyrhynchos (Linnaeus, 1758)",Anatidae,Anas,platyrhynchos,Species,R,Whole year,90
318,Guangzhou Bay Tsui Wetland Park,"Anas poecilorhyncha (J.R.Forster, 1781)",Anatidae,Anas,poecilorhyncha,Species,R,Whole year,90
318,Guangzhou Bay Tsui Wetland Park,"Phasianus colchicus (Linnaeus, 1758)",Jacanidae,Phasianus,colchicus,Species,R,Whole year,90
318,Guangzhou Bay Tsui Wetland Park,"Amaurornis phoenicurus (Pennant, 1769)",Rallidae,Amaurornis,phoenicurus,Species,R,Whole year,90
318,Guangzhou Bay Tsui Wetland Park,"Gallinula chloropus (Linnaeus, 1758)",Rallidae,Gallinula,chloropus,Species,R,Whole year,90
318,Guangzhou Bay Tsui Wetland Park,"Charadrius dubius (Scopoli, 1786)",Charadriidae,Charadrius,dubius,Species,M,Whole year,90
318,Guangzhou Bay Tsui Wetland Park,"Actitis hypoleucos (Linnaeus, 1758)",Scolopacidae,Actitis,hypoleucos,Species,M,Whole year,90
318,Guangzhou Bay Tsui Wetland Park,"Streptopelia orientalis (Latham, 1790)",Columbidae,Streptopelia,orientalis,Species,R,Whole year,90
318,Guangzhou Bay Tsui Wetland Park,"Stigmatopelia chinensis (Scopoli, 1768)",Columbidae,Stigmatopelia,chinensis,Species,R,Whole year,90
318,Guangzhou Bay Tsui Wetland Park,"Centropus sinensis (Stephens, 1815)",Cuculidae,Centropus,sinensis,Species,R,Whole year,90
318,Guangzhou Bay Tsui Wetland Park,"Centropus bengalensis (Gmelin, 1788)",Cuculidae,Centropus,bengalensis,Species,R,Whole year,90
318,Guangzhou Bay Tsui Wetland Park,"Apus nipalensis (Hodgson, 1837)",Apodidae,Apus,nipalensis,Species,M,Whole year,90
318,Guangzhou Bay Tsui Wetland Park,"Alcedo atthis (Linnaeus, 1758)",Alcedinidae,Alcedo,atthis,Species,R,Whole year,90
318,Guangzhou Bay Tsui Wetland Park,"Halcyon pileata (Boddaert, 1783)",Alcedinidae,Halcyon,pileata,Species,R,Whole year,90
318,Guangzhou Bay Tsui Wetland Park,"Hirundo rustica (Linnaeus, 1758)",Laridae,Hirundo,rustica,Species,M,Whole year,90
318,Guangzhou Bay Tsui Wetland Park,"Motacilla alba (Linnaeus, 1758)",Motacillidae,Motacilla,alba,Species,M,Whole year,90
318,Guangzhou Bay Tsui Wetland Park,"Anthus hodgsoni (Richmond, 1907)",Motacillidae,Anthus,hodgsoni,Species,M,Whole year,90
318,Guangzhou Bay Tsui Wetland Park,"Pycnonotus jocosus (Linnaeus, 1758)",Pycnonotidae,Pycnonotus,jocosus,Species,R,Whole year,90
318,Guangzhou Bay Tsui Wetland Park,"Pycnonotus sinensis (Gmelin, 1789)",Pycnonotidae,Pycnonotus,sinensis,Species,R,Whole year,90
318,Guangzhou Bay Tsui Wetland Park,"Pycnonotus aurigaster (Vieillot, 1818)",Pycnonotidae,Pycnonotus,aurigaster,Species,R,Whole year,90
318,Guangzhou Bay Tsui Wetland Park,"Lanius schach (Linnaeus, 1758)",Laniidae,Lanius,schach,Species,R,Whole year,90
318,Guangzhou Bay Tsui Wetland Park,"Dicrurus macrocercus (Vieillot, 1817)",Dicruridae,Dicrurus,macrocercus,Species,R,Whole year,90
318,Guangzhou Bay Tsui Wetland Park,"Acridotheres cristatellus (Linnaeus, 1758)",Sturnidae,Acridotheres,cristatellus,Species,R,Whole year,90
318,Guangzhou Bay Tsui Wetland Park,"Sturnus nigricollis (Paykull, 1807)",Sturnidae,Sturnus,nigricollis,Species,R,Whole year,90
318,Guangzhou Bay Tsui Wetland Park,"Sturnus sericeus (Gmelin, 1789)",Sturnidae,Sturnus,sericeus,Species,R,Whole year,90
318,Guangzhou Bay Tsui Wetland Park,"Cyanopica cyanus (Pallas, 1776)",Corvidae,Cyanopica,cyanus,Species,R,Whole year,90
318,Guangzhou Bay Tsui Wetland Park,"Copsychus saularis (Linnaeus, 1758)",Muscicapidae,Copsychus,saularis,Species,R,Whole year,90
318,Guangzhou Bay Tsui Wetland Park,"Phoenicurus auroreus (Pallas, 1776)",Muscicapidae,Phoenicurus,auroreus,Species,M,Whole year,90
318,Guangzhou Bay Tsui Wetland Park,"Saxicola torquatus (Linnaeus, 1766)",Muscicapidae,Saxicola,torquatus,Species,R,Whole year,90
318,Guangzhou Bay Tsui Wetland Park,"Turdus merula (Linnaeus, 1758)",Turdidae,Turdus,merula,Species,R,Whole year,90
318,Guangzhou Bay Tsui Wetland Park,"Garrulax perspicillatus (Gmelin, 1789)",Leiothrichidae,Garrulax,perspicillatus,Species,R,Whole year,90
318,Guangzhou Bay Tsui Wetland Park,"Garrulax chinensis (Scopoli, 1786)",Leiothrichidae,Garrulax,chinensis,Species,R,Whole year,90
318,Guangzhou Bay Tsui Wetland Park,"Garrulax canorus (Linnaeus, 1758)",Leiothrichidae,Garrulax,canorus,Species,R,Whole year,90
318,Guangzhou Bay Tsui Wetland Park,"Prinia flaviventris (Delessert, 1840)",Cisticolidae,Prinia,flaviventris,Species,R,Whole year,90
318,Guangzhou Bay Tsui Wetland Park,"Prinia subflava (Gmelin, 1789)",Cisticolidae,Prinia,subflava,Species,R,Whole year,90
318,Guangzhou Bay Tsui Wetland Park,"Orthotomus sutorius (Pennant, 1769)",Cisticolidae,Orthotomus,sutorius,Species,R,Whole year,90
318,Guangzhou Bay Tsui Wetland Park,"Phylloscopus fuscatus (Blyth, 1842)",Phylloscopidae,Phylloscopus,fuscatus,Species,M,Whole year,90
318,Guangzhou Bay Tsui Wetland Park,"Phylloscopus proregulus (Pallas, 1811)",Phylloscopidae,Phylloscopus,proregulus,Species,M,Whole year,90
318,Guangzhou Bay Tsui Wetland Park,"Phylloscopus inornatus (Blyth, 1842)",Phylloscopidae,Phylloscopus,inornatus,Species,M,Whole year,90
318,Guangzhou Bay Tsui Wetland Park,"Zosterops japonicus (Temminck & Schlegel, 1845)",Zosteropidae,Zosterops,japonicus,Species,R,Whole year,90
318,Guangzhou Bay Tsui Wetland Park,"Parus major (Linnaeus, 1758)",Paridae,Parus,major,Species,R,Whole year,90
318,Guangzhou Bay Tsui Wetland Park,"Aethopyga christinae (Swinhoe, 1869)",Nectariniidae,Aethopyga,christinae,Species,R,Whole year,90
318,Guangzhou Bay Tsui Wetland Park,"Passer montanus (Linnaeus, 1758)",Passeridae,Passer,montanus,Species,R,Whole year,90
318,Guangzhou Bay Tsui Wetland Park,"Lonchura striata (Linnaeus, 1766)",Estrildidae,Lonchura,striata,Species,R,Whole year,90
319,Guangzhou Dongshan Lake Park,"Egretta garzetta (Linnaeus, 1766)",Ardeidae,Egretta,garzetta,Species,R,Whole year,114
319,Guangzhou Dongshan Lake Park,"Ardeola bacchus (Bonaparte, 1855)",Ardeidae,Ardeola,bacchus,Species,R,Whole year,114
319,Guangzhou Dongshan Lake Park,"Nycticorax nycticorax (Linnaeus, 1758)",Ardeidae,Nycticorax,nycticorax,Species,R,Whole year,114
319,Guangzhou Dongshan Lake Park,"Apus nipalensis (Hodgson, 1837)",Apodidae,Apus,nipalensis,Species,M,Whole year,114
319,Guangzhou Dongshan Lake Park,"Alcedo atthis (Linnaeus, 1758)",Alcedinidae,Alcedo,atthis,Species,R,Whole year,114
319,Guangzhou Dongshan Lake Park,"Hirundo rustica (Linnaeus, 1758)",Laridae,Hirundo,rustica,Species,M,Whole year,114
319,Guangzhou Dongshan Lake Park,"Motacilla alba (Linnaeus, 1758)",Motacillidae,Motacilla,alba,Species,M,Whole year,114
319,Guangzhou Dongshan Lake Park,"Pycnonotus jocosus (Linnaeus, 1758)",Pycnonotidae,Pycnonotus,jocosus,Species,R,Whole year,114
319,Guangzhou Dongshan Lake Park,"Pycnonotus sinensis (Gmelin, 1789)",Pycnonotidae,Pycnonotus,sinensis,Species,R,Whole year,114
319,Guangzhou Dongshan Lake Park,"Hypsipetes leucocephalus (Gmelin, 1789)",Pycnonotidae,Hypsipetes,leucocephalus,Species,M,Whole year,114
319,Guangzhou Dongshan Lake Park,"Lanius schach (Linnaeus, 1758)",Laniidae,Lanius,schach,Species,R,Whole year,114
319,Guangzhou Dongshan Lake Park,"Oriolus chinensis (Linnaeus, 1766)",Oriolidae,Oriolus,chinensis,Species,M,Whole year,114
319,Guangzhou Dongshan Lake Park,"Gracula religiosa (Linnaeus, 1758)",Sturnidae,Gracula,religiosa,Species,R,Whole year,114
319,Guangzhou Dongshan Lake Park,"Acridotheres cristatellus (Linnaeus, 1758)",Sturnidae,Acridotheres,cristatellus,Species,R,Whole year,114
319,Guangzhou Dongshan Lake Park,"Sturnus sinensis (Gmelin, 1788)",Sturnidae,Sturnus,sinensis,Species,R,Whole year,114
319,Guangzhou Dongshan Lake Park,"Copsychus saularis (Linnaeus, 1758)",Muscicapidae,Copsychus,saularis,Species,R,Whole year,114
319,Guangzhou Dongshan Lake Park,"Turdus hortulorum (P.L.Sclater, 1863)",Turdidae,Turdus,hortulorum,Species,M,Whole year,114
319,Guangzhou Dongshan Lake Park,"Turdus merula (Linnaeus, 1758)",Turdidae,Turdus,merula,Species,M,Whole year,114
319,Guangzhou Dongshan Lake Park,"Prinia flaviventris (Delessert, 1840)",Cisticolidae,Prinia,flaviventris,Species,R,Whole year,114
319,Guangzhou Dongshan Lake Park,"Orthotomus sutorius (Pennant, 1769)",Cisticolidae,Orthotomus,sutorius,Species,R,Whole year,114
319,Guangzhou Dongshan Lake Park,"Zosterops japonicus (Temminck & Schlegel, 1845)",Zosteropidae,Zosterops,japonicus,Species,R,Whole year,114
319,Guangzhou Dongshan Lake Park,"Parus major (Linnaeus, 1758)",Paridae,Parus,major,Species,R,Whole year,114
319,Guangzhou Dongshan Lake Park,"Aethopyga christinae (Swinhoe, 1869)",Nectariniidae,Aethopyga,christinae,Species,R,Whole year,114
319,Guangzhou Dongshan Lake Park,"Passer montanus (Linnaeus, 1758)",Passeridae,Passer,montanus,Species,R,Whole year,114
319,Guangzhou Dongshan Lake Park,"Eophona migratoria (Hartert, 1903)",Fringillidae,Eophona,migratoria,Species,M,Whole year,114
320,Guangzhou Haizhuhu Park,"Phalacrocorax carbo (Linnaeus, 1758)",Phalacrocoracidae,Phalacrocorax,carbo,Species,M,Whole year,90
320,Guangzhou Haizhuhu Park,"Ardea cinerea (Linnaeus, 1758)",Ardeidae,Ardea,cinerea,Species,R,Whole year,90
320,Guangzhou Haizhuhu Park,"Ardea purpurea (Linnaeus, 1766)",Ardeidae,Ardea,purpurea,Species,M,Whole year,90
320,Guangzhou Haizhuhu Park,"Casmerodius albus (Linnaeus, 1758)",Ardeidae,Casmerodius,albus,Species,M,Whole year,90
320,Guangzhou Haizhuhu Park,"Egretta garzetta (Linnaeus, 1766)",Ardeidae,Egretta,garzetta,Species,R,Whole year,90
320,Guangzhou Haizhuhu Park,"Bubulcus ibis (Linnaeus, 1758)",Ardeidae,Bubulcus,ibis,Species,R,Whole year,90
320,Guangzhou Haizhuhu Park,"Ardeola bacchus (Bonaparte, 1855)",Ardeidae,Ardeola,bacchus,Species,R,Whole year,90
320,Guangzhou Haizhuhu Park,"Nycticorax nycticorax (Linnaeus, 1758)",Ardeidae,Nycticorax,nycticorax,Species,R,Whole year,90
320,Guangzhou Haizhuhu Park,"Anser cygnoides (Linnaeus, 1758)",Anatidae,Anser,cygnoides,Species,R,Whole year,90
320,Guangzhou Haizhuhu Park,"Anas formosa (Georgi, 1775)",Anatidae,Anas,formosa,Species,R,Whole year,90
320,Guangzhou Haizhuhu Park,"Anas crecca (Linnaeus, 1758)",Anatidae,Anas,crecca,Species,R,Whole year,90
320,Guangzhou Haizhuhu Park,"Anas platyrhynchos (Linnaeus, 1758)",Anatidae,Anas,platyrhynchos,Species,R,Whole year,90
320,Guangzhou Haizhuhu Park,"Anas poecilorhyncha (J.R.Forster, 1781)",Anatidae,Anas,poecilorhyncha,Species,R,Whole year,90
320,Guangzhou Haizhuhu Park,"Anas querquedula (Linnaeus, 1758)",Anatidae,Anas,querquedula,Species,M,Whole year,90
320,Guangzhou Haizhuhu Park,"Gallinula chloropus (Linnaeus, 1758)",Rallidae,Gallinula,chloropus,Species,R,Whole year,90
320,Guangzhou Haizhuhu Park,"Charadrius placidus (J.E.Gray & G.R.Gray, 1863)",Charadriidae,Charadrius,placidus,Species,M,Whole year,90
320,Guangzhou Haizhuhu Park,"Charadrius dubius (Scopoli, 1786)",Charadriidae,Charadrius,dubius,Species,M,Whole year,90
320,Guangzhou Haizhuhu Park,"Actitis hypoleucos (Linnaeus, 1758)",Scolopacidae,Actitis,hypoleucos,Species,M,Whole year,90
320,Guangzhou Haizhuhu Park,"Chlidonias hybrida (Pallas, 1811)",Laridae,Chlidonias,hybrida,Species,M,Whole year,90
320,Guangzhou Haizhuhu Park,"Columba livia (Gmelin, 1789)",Columbidae,Columba,livia,Species,R,Whole year,90
320,Guangzhou Haizhuhu Park,"Stigmatopelia chinensis (Scopoli, 1768)",Columbidae,Stigmatopelia,chinensis,Species,R,Whole year,90
320,Guangzhou Haizhuhu Park,"Apus nipalensis (Hodgson, 1837)",Apodidae,Apus,nipalensis,Species,M,Whole year,90
320,Guangzhou Haizhuhu Park,"Alcedo atthis (Linnaeus, 1758)",Alcedinidae,Alcedo,atthis,Species,R,Whole year,90
320,Guangzhou Haizhuhu Park,"Halcyon smyrnensis (Linnaeus, 1758)",Alcedinidae,Halcyon,smyrnensis,Species,R,Whole year,90
320,Guangzhou Haizhuhu Park,"Hirundo rustica (Linnaeus, 1758)",Laridae,Hirundo,rustica,Species,M,Whole year,90
320,Guangzhou Haizhuhu Park,"Motacilla alba (Linnaeus, 1758)",Motacillidae,Motacilla,alba,Species,M,Whole year,90
320,Guangzhou Haizhuhu Park,"Anthus hodgsoni (Richmond, 1907)",Motacillidae,Anthus,hodgsoni,Species,M,Whole year,90
320,Guangzhou Haizhuhu Park,"Pycnonotus jocosus (Linnaeus, 1758)",Pycnonotidae,Pycnonotus,jocosus,Species,R,Whole year,90
320,Guangzhou Haizhuhu Park,"Pycnonotus xanthorrhous (Anderson, 1869)",Pycnonotidae,Pycnonotus,xanthorrhous,Species,R,Whole year,90
320,Guangzhou Haizhuhu Park,"Pycnonotus sinensis (Gmelin, 1789)",Pycnonotidae,Pycnonotus,sinensis,Species,R,Whole year,90
320,Guangzhou Haizhuhu Park,"Pycnonotus aurigaster (Vieillot, 1818)",Pycnonotidae,Pycnonotus,aurigaster,Species,R,Whole year,90
320,Guangzhou Haizhuhu Park,"Lanius schach (Linnaeus, 1758)",Laniidae,Lanius,schach,Species,R,Whole year,90
320,Guangzhou Haizhuhu Park,"Acridotheres cristatellus (Linnaeus, 1758)",Sturnidae,Acridotheres,cristatellus,Species,R,Whole year,90
320,Guangzhou Haizhuhu Park,"Sturnus nigricollis (Paykull, 1807)",Sturnidae,Sturnus,nigricollis,Species,R,Whole year,90
320,Guangzhou Haizhuhu Park,"Copsychus saularis (Linnaeus, 1758)",Muscicapidae,Copsychus,saularis,Species,R,Whole year,90
320,Guangzhou Haizhuhu Park,"Phoenicurus auroreus (Pallas, 1776)",Muscicapidae,Phoenicurus,auroreus,Species,M,Whole year,90
320,Guangzhou Haizhuhu Park,"Saxicola torquatus (Linnaeus, 1766)",Muscicapidae,Saxicola,torquatus,Species,R,Whole year,90
320,Guangzhou Haizhuhu Park,"Turdus merula (Linnaeus, 1758)",Turdidae,Turdus,merula,Species,R,Whole year,90
320,Guangzhou Haizhuhu Park,"Garrulax canorus (Linnaeus, 1758)",Leiothrichidae,Garrulax,canorus,Species,R,Whole year,90
320,Guangzhou Haizhuhu Park,"Garrulax sannio (Swinhoe, 1867)",Leiothrichidae,Garrulax,sannio,Species,R,Whole year,90
320,Guangzhou Haizhuhu Park,"Prinia flaviventris (Delessert, 1840)",Cisticolidae,Prinia,flaviventris,Species,R,Whole year,90
320,Guangzhou Haizhuhu Park,"Prinia subflava (Gmelin, 1789)",Cisticolidae,Prinia,subflava,Species,R,Whole year,90
320,Guangzhou Haizhuhu Park,"Orthotomus sutorius (Pennant, 1769)",Cisticolidae,Orthotomus,sutorius,Species,R,Whole year,90
320,Guangzhou Haizhuhu Park,"Phylloscopus proregulus (Pallas, 1811)",Phylloscopidae,Phylloscopus,proregulus,Species,M,Whole year,90
320,Guangzhou Haizhuhu Park,"Zosterops japonicus (Temminck & Schlegel, 1845)",Zosteropidae,Zosterops,japonicus,Species,R,Whole year,90
320,Guangzhou Haizhuhu Park,"Parus major (Linnaeus, 1758)",Paridae,Parus,major,Species,R,Whole year,90
320,Guangzhou Haizhuhu Park,"Aethopyga christinae (Swinhoe, 1869)",Nectariniidae,Aethopyga,christinae,Species,R,Whole year,90
320,Guangzhou Haizhuhu Park,"Passer montanus (Linnaeus, 1758)",Passeridae,Passer,montanus,Species,R,Whole year,90
320,Guangzhou Haizhuhu Park,"Lonchura striata (Linnaeus, 1766)",Estrildidae,Lonchura,striata,Species,R,Whole year,90
320,Guangzhou Haizhuhu Park,"Lonchura punctulata (Linnaeus, 1758)",Estrildidae,Lonchura,punctulata,Species,R,Whole year,90
320,Guangzhou Haizhuhu Park,"Carduelis sinica (Linnaeus, 1766)",Fringillidae,Carduelis,sinica,Species,R,Whole year,90
321,Guangzhou Liuhua Lake Park,"Tachybaptus ruficollis (Pallas, 1764)",Podicipedidae,Tachybaptus,ruficollis,Species,R,Whole year,114
321,Guangzhou Liuhua Lake Park,"Egretta garzetta (Linnaeus, 1766)",Ardeidae,Egretta,garzetta,Species,R,Whole year,114
321,Guangzhou Liuhua Lake Park,"Ardeola bacchus (Bonaparte, 1855)",Ardeidae,Ardeola,bacchus,Species,R,Whole year,114
321,Guangzhou Liuhua Lake Park,"Nycticorax nycticorax (Linnaeus, 1758)",Ardeidae,Nycticorax,nycticorax,Species,R,Whole year,114
321,Guangzhou Liuhua Lake Park,"Ixobrychus cinnamomeus (Gmelin, 1789)",Ardeidae,Ixobrychus,cinnamomeus,Species,R,Whole year,114
321,Guangzhou Liuhua Lake Park,"Anser cygnoides (Linnaeus, 1758)",Anatidae,Anser,cygnoides,Species,R,Whole year,114
321,Guangzhou Liuhua Lake Park,"Anas crecca (Linnaeus, 1758)",Anatidae,Anas,crecca,Species,R,Whole year,114
321,Guangzhou Liuhua Lake Park,"Anas platyrhynchos (Linnaeus, 1758)",Anatidae,Anas,platyrhynchos,Species,R,Whole year,114
321,Guangzhou Liuhua Lake Park,"Anas poecilorhyncha (J.R.Forster, 1781)",Anatidae,Anas,poecilorhyncha,Species,R,Whole year,114
321,Guangzhou Liuhua Lake Park,"Amaurornis phoenicurus (Pennant, 1769)",Rallidae,Amaurornis,phoenicurus,Species,R,Whole year,114
321,Guangzhou Liuhua Lake Park,"Gallinula chloropus (Linnaeus, 1758)",Rallidae,Gallinula,chloropus,Species,R,Whole year,114
321,Guangzhou Liuhua Lake Park,"Streptopelia orientalis (Latham, 1790)",Columbidae,Streptopelia,orientalis,Species,R,Whole year,114
321,Guangzhou Liuhua Lake Park,"Stigmatopelia chinensis (Scopoli, 1768)",Columbidae,Stigmatopelia,chinensis,Species,R,Whole year,114
321,Guangzhou Liuhua Lake Park,"Eudynamys scolopaceus (Linnaeus, 1758)",Cuculidae,Eudynamys,scolopaceus,Species,R,Whole year,114
321,Guangzhou Liuhua Lake Park,"Centropus sinensis (Stephens, 1815)",Cuculidae,Centropus,sinensis,Species,R,Whole year,114
321,Guangzhou Liuhua Lake Park,"Apus nipalensis (Hodgson, 1837)",Apodidae,Apus,nipalensis,Species,M,Whole year,114
321,Guangzhou Liuhua Lake Park,"Alcedo atthis (Linnaeus, 1758)",Alcedinidae,Alcedo,atthis,Species,R,Whole year,114
321,Guangzhou Liuhua Lake Park,"Hirundo rustica (Linnaeus, 1758)",Laridae,Hirundo,rustica,Species,M,Whole year,114
321,Guangzhou Liuhua Lake Park,"Motacilla alba (Linnaeus, 1758)",Motacillidae,Motacilla,alba,Species,M,Whole year,114
321,Guangzhou Liuhua Lake Park,"Pycnonotus jocosus (Linnaeus, 1758)",Pycnonotidae,Pycnonotus,jocosus,Species,R,Whole year,114
321,Guangzhou Liuhua Lake Park,"Pycnonotus sinensis (Gmelin, 1789)",Pycnonotidae,Pycnonotus,sinensis,Species,R,Whole year,114
321,Guangzhou Liuhua Lake Park,"Pycnonotus aurigaster (Vieillot, 1818)",Pycnonotidae,Pycnonotus,aurigaster,Species,R,Whole year,114
321,Guangzhou Liuhua Lake Park,"Acridotheres cristatellus (Linnaeus, 1758)",Sturnidae,Acridotheres,cristatellus,Species,R,Whole year,114
321,Guangzhou Liuhua Lake Park,"Sturnus sericeus (Gmelin, 1789)",Sturnidae,Sturnus,sericeus,Species,R,Whole year,114
321,Guangzhou Liuhua Lake Park,"Urocissa erythrorhyncha (Boddaert, 1783)",Corvidae,Urocissa,erythrorhyncha,Species,R,Whole year,114
321,Guangzhou Liuhua Lake Park,"Copsychus saularis (Linnaeus, 1758)",Muscicapidae,Copsychus,saularis,Species,R,Whole year,114
321,Guangzhou Liuhua Lake Park,"Phoenicurus auroreus (Pallas, 1776)",Muscicapidae,Phoenicurus,auroreus,Species,M,Whole year,114
321,Guangzhou Liuhua Lake Park,"Turdus hortulorum (P.L.Sclater, 1863)",Turdidae,Turdus,hortulorum,Species,M,Whole year,114
321,Guangzhou Liuhua Lake Park,"Turdus merula (Linnaeus, 1758)",Turdidae,Turdus,merula,Species,R,Whole year,114
321,Guangzhou Liuhua Lake Park,"Ficedula mugimaki (Temminck, 1836)",Muscicapidae,Ficedula,mugimaki,Species,M,Whole year,114
321,Guangzhou Liuhua Lake Park,"Cyanoptila cyanomelana (Temminck, 1829)",Muscicapidae,Cyanoptila,cyanomelana,Species,M,Whole year,114
321,Guangzhou Liuhua Lake Park,"Garrulax canorus (Linnaeus, 1758)",Leiothrichidae,Garrulax,canorus,Species,R,Whole year,114
321,Guangzhou Liuhua Lake Park,"Prinia flaviventris (Delessert, 1840)",Cisticolidae,Prinia,flaviventris,Species,R,Whole year,114
321,Guangzhou Liuhua Lake Park,"Prinia subflava (Gmelin, 1789)",Cisticolidae,Prinia,subflava,Species,R,Whole year,114
321,Guangzhou Liuhua Lake Park,"Orthotomus sutorius (Pennant, 1769)",Cisticolidae,Orthotomus,sutorius,Species,R,Whole year,114
321,Guangzhou Liuhua Lake Park,"Phylloscopus fuscatus (Blyth, 1842)",Phylloscopidae,Phylloscopus,fuscatus,Species,M,Whole year,114
321,Guangzhou Liuhua Lake Park,"Phylloscopus inornatus (Blyth, 1842)",Phylloscopidae,Phylloscopus,inornatus,Species,M,Whole year,114
321,Guangzhou Liuhua Lake Park,"Zosterops japonicus (Temminck & Schlegel, 1845)",Zosteropidae,Zosterops,japonicus,Species,R,Whole year,114
321,Guangzhou Liuhua Lake Park,"Parus major (Linnaeus, 1758)",Paridae,Parus,major,Species,R,Whole year,114
321,Guangzhou Liuhua Lake Park,"Dicaeum ignipectus (Blyth, 1843)",Dicaeidae,Dicaeum,ignipectus,Species,R,Whole year,114
321,Guangzhou Liuhua Lake Park,"Aethopyga christinae (Swinhoe, 1869)",Nectariniidae,Aethopyga,christinae,Species,R,Whole year,114
321,Guangzhou Liuhua Lake Park,"Passer montanus (Linnaeus, 1758)",Passeridae,Passer,montanus,Species,R,Whole year,114
322,Guangzhou Liwan Lake Park,"Tachybaptus ruficollis (Pallas, 1764)",Podicipedidae,Tachybaptus,ruficollis,Species,R,Whole year,90
322,Guangzhou Liwan Lake Park,"Ardeola bacchus (Bonaparte, 1855)",Ardeidae,Ardeola,bacchus,Species,R,Whole year,90
322,Guangzhou Liwan Lake Park,"Anas platyrhynchos (Linnaeus, 1758)",Anatidae,Anas,platyrhynchos,Species,R,Whole year,90
322,Guangzhou Liwan Lake Park,"Anas poecilorhyncha (J.R.Forster, 1781)",Anatidae,Anas,poecilorhyncha,Species,R,Whole year,90
322,Guangzhou Liwan Lake Park,"Eudynamys scolopaceus (Linnaeus, 1758)",Cuculidae,Eudynamys,scolopaceus,Species,R,Whole year,90
322,Guangzhou Liwan Lake Park,"Alcedo atthis (Linnaeus, 1758)",Alcedinidae,Alcedo,atthis,Species,R,Whole year,90
322,Guangzhou Liwan Lake Park,"Hirundo rustica (Linnaeus, 1758)",Laridae,Hirundo,rustica,Species,M,Whole year,90
322,Guangzhou Liwan Lake Park,"Motacilla alba (Linnaeus, 1758)",Motacillidae,Motacilla,alba,Species,M,Whole year,90
322,Guangzhou Liwan Lake Park,"Anthus hodgsoni (Richmond, 1907)",Motacillidae,Anthus,hodgsoni,Species,M,Whole year,90
322,Guangzhou Liwan Lake Park,"Pycnonotus jocosus (Linnaeus, 1758)",Pycnonotidae,Pycnonotus,jocosus,Species,R,Whole year,90
322,Guangzhou Liwan Lake Park,"Pycnonotus sinensis (Gmelin, 1789)",Pycnonotidae,Pycnonotus,sinensis,Species,R,Whole year,90
322,Guangzhou Liwan Lake Park,"Pycnonotus aurigaster (Vieillot, 1818)",Pycnonotidae,Pycnonotus,aurigaster,Species,R,Whole year,90
322,Guangzhou Liwan Lake Park,"Lanius schach (Linnaeus, 1758)",Laniidae,Lanius,schach,Species,R,Whole year,90
322,Guangzhou Liwan Lake Park,"Cyanopica cyanus (Pallas, 1776)",Corvidae,Cyanopica,cyanus,Species,R,Whole year,90
322,Guangzhou Liwan Lake Park,"Urocissa erythrorhyncha (Boddaert, 1783)",Corvidae,Urocissa,erythrorhyncha,Species,R,Whole year,90
322,Guangzhou Liwan Lake Park,"Copsychus saularis (Linnaeus, 1758)",Muscicapidae,Copsychus,saularis,Species,R,Whole year,90
322,Guangzhou Liwan Lake Park,"Turdus merula (Linnaeus, 1758)",Turdidae,Turdus,merula,Species,R,Whole year,90
322,Guangzhou Liwan Lake Park,"Prinia flaviventris (Delessert, 1840)",Cisticolidae,Prinia,flaviventris,Species,R,Whole year,90
322,Guangzhou Liwan Lake Park,"Prinia subflava (Gmelin, 1789)",Cisticolidae,Prinia,subflava,Species,R,Whole year,90
322,Guangzhou Liwan Lake Park,"Orthotomus sutorius (Pennant, 1769)",Cisticolidae,Orthotomus,sutorius,Species,R,Whole year,90
322,Guangzhou Liwan Lake Park,"Phylloscopus fuscatus (Blyth, 1842)",Phylloscopidae,Phylloscopus,fuscatus,Species,M,Whole year,90
322,Guangzhou Liwan Lake Park,"Phylloscopus inornatus (Blyth, 1842)",Phylloscopidae,Phylloscopus,inornatus,Species,M,Whole year,90
322,Guangzhou Liwan Lake Park,"Zosterops japonicus (Temminck & Schlegel, 1845)",Zosteropidae,Zosterops,japonicus,Species,R,Whole year,90
322,Guangzhou Liwan Lake Park,"Parus major (Linnaeus, 1758)",Paridae,Parus,major,Species,R,Whole year,90
322,Guangzhou Liwan Lake Park,"Aethopyga christinae (Swinhoe, 1869)",Nectariniidae,Aethopyga,christinae,Species,R,Whole year,90
322,Guangzhou Liwan Lake Park,"Passer montanus (Linnaeus, 1758)",Passeridae,Passer,montanus,Species,R,Whole year,90
323,Guangzhou Luhu Park,"Ardeola bacchus (Bonaparte, 1855)",Ardeidae,Ardeola,bacchus,Species,R,Whole year,90
323,Guangzhou Luhu Park,"Nycticorax nycticorax (Linnaeus, 1758)",Ardeidae,Nycticorax,nycticorax,Species,R,Whole year,90
323,Guangzhou Luhu Park,"Anser cygnoides (Linnaeus, 1758)",Anatidae,Anser,cygnoides,Species,R,Whole year,90
323,Guangzhou Luhu Park,"Anas platyrhynchos (Linnaeus, 1758)",Anatidae,Anas,platyrhynchos,Species,R,Whole year,90
323,Guangzhou Luhu Park,"Anas poecilorhyncha (J.R.Forster, 1781)",Anatidae,Anas,poecilorhyncha,Species,R,Whole year,90
323,Guangzhou Luhu Park,"Buteo buteo (Linnaeus, 1758)",Accipitridae,Buteo,buteo,Species,M,Whole year,90
323,Guangzhou Luhu Park,"Amaurornis phoenicurus (Pennant, 1769)",Rallidae,Amaurornis,phoenicurus,Species,R,Whole year,90
323,Guangzhou Luhu Park,"Streptopelia orientalis (Latham, 1790)",Columbidae,Streptopelia,orientalis,Species,R,Whole year,90
323,Guangzhou Luhu Park,"Stigmatopelia chinensis (Scopoli, 1768)",Columbidae,Stigmatopelia,chinensis,Species,R,Whole year,90
323,Guangzhou Luhu Park,"Eudynamys scolopaceus (Linnaeus, 1758)",Cuculidae,Eudynamys,scolopaceus,Species,R,Whole year,90
323,Guangzhou Luhu Park,"Centropus sinensis (Stephens, 1815)",Cuculidae,Centropus,sinensis,Species,R,Whole year,90
323,Guangzhou Luhu Park,"Apus pacificus (Latham, 1802)",Apodidae,Apus,pacificus,Species,M,Whole year,90
323,Guangzhou Luhu Park,"Apus nipalensis (Hodgson, 1837)",Apodidae,Apus,nipalensis,Species,M,Whole year,90
323,Guangzhou Luhu Park,"Alcedo atthis (Linnaeus, 1758)",Alcedinidae,Alcedo,atthis,Species,R,Whole year,90
323,Guangzhou Luhu Park,"Halcyon smyrnensis (Linnaeus, 1758)",Alcedinidae,Halcyon,smyrnensis,Species,R,Whole year,90
323,Guangzhou Luhu Park,"Halcyon pileata (Boddaert, 1783)",Alcedinidae,Halcyon,pileata,Species,R,Whole year,90
323,Guangzhou Luhu Park,"Picumnus innominatus (Burton, 1836)",Picidae,Picumnus,innominatus,Species,R,Whole year,90
323,Guangzhou Luhu Park,"Dendrocopos canicapillus (Blyth, 1845)",Picidae,Dendrocopos,canicapillus,Species,R,Whole year,90
323,Guangzhou Luhu Park,"Hirundo rustica (Linnaeus, 1758)",Laridae,Hirundo,rustica,Species,M,Whole year,90
323,Guangzhou Luhu Park,"Motacilla alba (Linnaeus, 1758)",Motacillidae,Motacilla,alba,Species,M,Whole year,90
323,Guangzhou Luhu Park,"Pycnonotus jocosus (Linnaeus, 1758)",Pycnonotidae,Pycnonotus,jocosus,Species,R,Whole year,90
323,Guangzhou Luhu Park,"Pycnonotus sinensis (Gmelin, 1789)",Pycnonotidae,Pycnonotus,sinensis,Species,R,Whole year,90
323,Guangzhou Luhu Park,"Pycnonotus aurigaster (Vieillot, 1818)",Pycnonotidae,Pycnonotus,aurigaster,Species,R,Whole year,90
323,Guangzhou Luhu Park,"Hemixos castanonotus (Swinhoe, 1870)",Pycnonotidae,Hemixos,castanonotus,Species,R,Whole year,90
323,Guangzhou Luhu Park,"Lanius schach (Linnaeus, 1758)",Laniidae,Lanius,schach,Species,R,Whole year,90
323,Guangzhou Luhu Park,"Dicrurus hottentottus (Linnaeus, 1766)",Dicruridae,Dicrurus,hottentottus,Species,M,Whole year,90
323,Guangzhou Luhu Park,"Gracula religiosa (Linnaeus, 1758)",Sturnidae,Gracula,religiosa,Species,R,Whole year,90
323,Guangzhou Luhu Park,"Acridotheres cristatellus (Linnaeus, 1758)",Sturnidae,Acridotheres,cristatellus,Species,R,Whole year,90
323,Guangzhou Luhu Park,"Sturnus nigricollis (Paykull, 1807)",Sturnidae,Sturnus,nigricollis,Species,R,Whole year,90
323,Guangzhou Luhu Park,"Sturnus sericeus (Gmelin, 1789)",Sturnidae,Sturnus,sericeus,Species,R,Whole year,90
323,Guangzhou Luhu Park,"Urocissa erythrorhyncha (Boddaert, 1783)",Corvidae,Urocissa,erythrorhyncha,Species,R,Whole year,90
323,Guangzhou Luhu Park,"Tarsiger cyanurus (Pallas, 1773)",Muscicapidae,Tarsiger,cyanurus,Species,M,Whole year,90
323,Guangzhou Luhu Park,"Copsychus saularis (Linnaeus, 1758)",Muscicapidae,Copsychus,saularis,Species,R,Whole year,90
323,Guangzhou Luhu Park,"Monticola solitarius (Linnaeus, 1758)",Muscicapidae,Monticola,solitarius,Species,R,Whole year,90
323,Guangzhou Luhu Park,"Myophonus caeruleus (Scopoli, 1786)",Muscicapidae,Myophonus,caeruleus,Species,M,Whole year,90
323,Guangzhou Luhu Park,"Turdus merula (Linnaeus, 1758)",Turdidae,Turdus,merula,Species,R,Whole year,90
323,Guangzhou Luhu Park,"Garrulax perspicillatus (Gmelin, 1789)",Leiothrichidae,Garrulax,perspicillatus,Species,R,Whole year,90
323,Guangzhou Luhu Park,"Garrulax pectoralis (Gould, 1836)",Leiothrichidae,Garrulax,pectoralis,Species,R,Whole year,90
323,Guangzhou Luhu Park,"Garrulax chinensis (Scopoli, 1786)",Leiothrichidae,Garrulax,chinensis,Species,R,Whole year,90
323,Guangzhou Luhu Park,"Prinia flaviventris (Delessert, 1840)",Cisticolidae,Prinia,flaviventris,Species,R,Whole year,90
323,Guangzhou Luhu Park,"Prinia subflava (Gmelin, 1789)",Cisticolidae,Prinia,subflava,Species,R,Whole year,90
323,Guangzhou Luhu Park,"Orthotomus sutorius (Pennant, 1769)",Cisticolidae,Orthotomus,sutorius,Species,R,Whole year,90
323,Guangzhou Luhu Park,"Phylloscopus fuscatus (Blyth, 1842)",Phylloscopidae,Phylloscopus,fuscatus,Species,M,Whole year,90
323,Guangzhou Luhu Park,"Phylloscopus proregulus (Pallas, 1811)",Phylloscopidae,Phylloscopus,proregulus,Species,M,Whole year,90
323,Guangzhou Luhu Park,"Zosterops japonicus (Temminck & Schlegel, 1845)",Zosteropidae,Zosterops,japonicus,Species,R,Whole year,90
323,Guangzhou Luhu Park,"Aegithalos concinnus (Gould, 1855)",Aegithalidae,Aegithalos,concinnus,Species,R,Whole year,90
323,Guangzhou Luhu Park,"Parus major (Linnaeus, 1758)",Paridae,Parus,major,Species,R,Whole year,90
323,Guangzhou Luhu Park,"Aethopyga christinae (Swinhoe, 1869)",Nectariniidae,Aethopyga,christinae,Species,R,Whole year,90
323,Guangzhou Luhu Park,"Lonchura striata (Linnaeus, 1766)",Estrildidae,Lonchura,striata,Species,R,Whole year,90
323,Guangzhou Luhu Park,"Lonchura punctulata (Linnaeus, 1758)",Estrildidae,Lonchura,punctulata,Species,R,Whole year,90
324,Guangzhou Pearl River Park,"Amaurornis phoenicurus (Pennant, 1769)",Rallidae,Amaurornis,phoenicurus,Species,R,Whole year,90
324,Guangzhou Pearl River Park,"Stigmatopelia chinensis (Scopoli, 1768)",Columbidae,Stigmatopelia,chinensis,Species,R,Whole year,90
324,Guangzhou Pearl River Park,"Eudynamys scolopaceus (Linnaeus, 1758)",Cuculidae,Eudynamys,scolopaceus,Species,R,Whole year,90
324,Guangzhou Pearl River Park,"Centropus sinensis (Stephens, 1815)",Cuculidae,Centropus,sinensis,Species,R,Whole year,90
324,Guangzhou Pearl River Park,"Motacilla alba (Linnaeus, 1758)",Motacillidae,Motacilla,alba,Species,M,Whole year,90
324,Guangzhou Pearl River Park,"Pycnonotus jocosus (Linnaeus, 1758)",Pycnonotidae,Pycnonotus,jocosus,Species,R,Whole year,90
324,Guangzhou Pearl River Park,"Pycnonotus sinensis (Gmelin, 1789)",Pycnonotidae,Pycnonotus,sinensis,Species,R,Whole year,90
324,Guangzhou Pearl River Park,"Pycnonotus aurigaster (Vieillot, 1818)",Pycnonotidae,Pycnonotus,aurigaster,Species,R,Whole year,90
324,Guangzhou Pearl River Park,"Lanius schach (Linnaeus, 1758)",Laniidae,Lanius,schach,Species,R,Whole year,90
324,Guangzhou Pearl River Park,"Acridotheres cristatellus (Linnaeus, 1758)",Sturnidae,Acridotheres,cristatellus,Species,R,Whole year,90
324,Guangzhou Pearl River Park,"Sturnus nigricollis (Paykull, 1807)",Sturnidae,Sturnus,nigricollis,Species,R,Whole year,90
324,Guangzhou Pearl River Park,"Urocissa erythrorhyncha (Boddaert, 1783)",Corvidae,Urocissa,erythrorhyncha,Species,R,Whole year,90
324,Guangzhou Pearl River Park,"Copsychus saularis (Linnaeus, 1758)",Muscicapidae,Copsychus,saularis,Species,R,Whole year,90
324,Guangzhou Pearl River Park,"Turdus merula (Linnaeus, 1758)",Turdidae,Turdus,merula,Species,R,Whole year,90
324,Guangzhou Pearl River Park,"Garrulax canorus (Linnaeus, 1758)",Leiothrichidae,Garrulax,canorus,Species,R,Whole year,90
324,Guangzhou Pearl River Park,"Prinia flaviventris (Delessert, 1840)",Cisticolidae,Prinia,flaviventris,Species,R,Whole year,90
324,Guangzhou Pearl River Park,"Prinia subflava (Gmelin, 1789)",Cisticolidae,Prinia,subflava,Species,R,Whole year,90
324,Guangzhou Pearl River Park,"Cettia fortipes (Hodgson, 1845)",Cettiidae,Cettia,fortipes,Species,R,Whole year,90
324,Guangzhou Pearl River Park,"Phylloscopus fuscatus (Blyth, 1842)",Phylloscopidae,Phylloscopus,fuscatus,Species,M,Whole year,90
324,Guangzhou Pearl River Park,"Phylloscopus inornatus (Blyth, 1842)",Phylloscopidae,Phylloscopus,inornatus,Species,M,Whole year,90
324,Guangzhou Pearl River Park,"Zosterops japonicus (Temminck & Schlegel, 1845)",Zosteropidae,Zosterops,japonicus,Species,R,Whole year,90
324,Guangzhou Pearl River Park,"Aegithalos concinnus (Gould, 1855)",Aegithalidae,Aegithalos,concinnus,Species,R,Whole year,90
324,Guangzhou Pearl River Park,"Parus major (Linnaeus, 1758)",Paridae,Parus,major,Species,R,Whole year,90
324,Guangzhou Pearl River Park,"Aethopyga christinae (Swinhoe, 1869)",Nectariniidae,Aethopyga,christinae,Species,R,Whole year,90
324,Guangzhou Pearl River Park,"Passer montanus (Linnaeus, 1758)",Passeridae,Passer,montanus,Species,R,Whole year,90
324,Guangzhou Pearl River Park,"Lonchura striata (Linnaeus, 1766)",Estrildidae,Lonchura,striata,Species,R,Whole year,90
325,Guangzhou Tianhe Park,"Nycticorax nycticorax (Linnaeus, 1758)",Ardeidae,Nycticorax,nycticorax,Species,R,Whole year,114
325,Guangzhou Tianhe Park,"Amaurornis phoenicurus (Pennant, 1769)",Rallidae,Amaurornis,phoenicurus,Species,R,Whole year,114
325,Guangzhou Tianhe Park,"Stigmatopelia chinensis (Scopoli, 1768)",Columbidae,Stigmatopelia,chinensis,Species,R,Whole year,114
325,Guangzhou Tianhe Park,"Cacomantis merulinus (Scopoli, 1786)",Cuculidae,Cacomantis,merulinus,Species,M,Whole year,114
325,Guangzhou Tianhe Park,"Centropus sinensis (Stephens, 1815)",Cuculidae,Centropus,sinensis,Species,R,Whole year,114
325,Guangzhou Tianhe Park,"Apus nipalensis (Hodgson, 1837)",Apodidae,Apus,nipalensis,Species,M,Whole year,114
325,Guangzhou Tianhe Park,"Alcedo atthis (Linnaeus, 1758)",Alcedinidae,Alcedo,atthis,Species,R,Whole year,114
325,Guangzhou Tianhe Park,"Halcyon smyrnensis (Linnaeus, 1758)",Alcedinidae,Halcyon,smyrnensis,Species,R,Whole year,114
325,Guangzhou Tianhe Park,"Hirundo rustica (Linnaeus, 1758)",Laridae,Hirundo,rustica,Species,M,Whole year,114
325,Guangzhou Tianhe Park,"Motacilla alba (Linnaeus, 1758)",Motacillidae,Motacilla,alba,Species,M,Whole year,114
325,Guangzhou Tianhe Park,"Anthus hodgsoni (Richmond, 1907)",Motacillidae,Anthus,hodgsoni,Species,M,Whole year,114
325,Guangzhou Tianhe Park,"Coracina melaschistos (Hodgson, 1836)",Campephagidae,Coracina,melaschistos,Species,M,Whole year,114
325,Guangzhou Tianhe Park,"Pycnonotus jocosus (Linnaeus, 1758)",Pycnonotidae,Pycnonotus,jocosus,Species,R,Whole year,114
325,Guangzhou Tianhe Park,"Pycnonotus sinensis (Gmelin, 1789)",Pycnonotidae,Pycnonotus,sinensis,Species,R,Whole year,114
325,Guangzhou Tianhe Park,"Lanius schach (Linnaeus, 1758)",Laniidae,Lanius,schach,Species,R,Whole year,114
325,Guangzhou Tianhe Park,"Urocissa erythrorhyncha (Boddaert, 1783)",Corvidae,Urocissa,erythrorhyncha,Species,R,Whole year,114
325,Guangzhou Tianhe Park,"Pica pica (Linnaeus, 1758)",Corvidae,Pica,pica,Species,R,Whole year,114
325,Guangzhou Tianhe Park,"Luscinia sibilans (Swinhoe, 1863)",Muscicapidae,Luscinia,sibilans,Species,M,Whole year,114
325,Guangzhou Tianhe Park,"Copsychus saularis (Linnaeus, 1758)",Muscicapidae,Copsychus,saularis,Species,R,Whole year,114
325,Guangzhou Tianhe Park,"Turdus hortulorum (P.L.Sclater, 1863)",Turdidae,Turdus,hortulorum,Species,M,Whole year,114
325,Guangzhou Tianhe Park,"Turdus merula (Linnaeus, 1758)",Turdidae,Turdus,merula,Species,M,Whole year,114
325,Guangzhou Tianhe Park,"Rhinomyias brunneatus (Slater, 1897)",Muscicapidae,Rhinomyias,brunneatus,Species,M,Whole year,114
325,Guangzhou Tianhe Park,"Muscicapa dauurica (Pallas, 1811)",Muscicapidae,Muscicapa,dauurica,Species,M,Whole year,114
325,Guangzhou Tianhe Park,"Garrulax canorus (Linnaeus, 1758)",Leiothrichidae,Garrulax,canorus,Species,R,Whole year,114
325,Guangzhou Tianhe Park,"Stachyris ruficeps (Blyth, 1847)",Timaliidae,Stachyris,ruficeps,Species,R,Whole year,114
325,Guangzhou Tianhe Park,"Prinia flaviventris (Delessert, 1840)",Cisticolidae,Prinia,flaviventris,Species,R,Whole year,114
325,Guangzhou Tianhe Park,"Prinia inornata (Sykes, 1832)",Cisticolidae,Prinia,inornata,Species,R,Whole year,114
325,Guangzhou Tianhe Park,"Locustella pleskei (Taczanowski, 1890)",Locustellidae,Locustella,pleskei,Species,M,Whole year,114
325,Guangzhou Tianhe Park,"Orthotomus sutorius (Pennant, 1769)",Cisticolidae,Orthotomus,sutorius,Species,R,Whole year,114
325,Guangzhou Tianhe Park,"Phylloscopus proregulus (Pallas, 1811)",Phylloscopidae,Phylloscopus,proregulus,Species,M,Whole year,114
325,Guangzhou Tianhe Park,"Phylloscopus inornatus (Blyth, 1842)",Phylloscopidae,Phylloscopus,inornatus,Species,M,Whole year,114
325,Guangzhou Tianhe Park,"Zosterops japonicus (Temminck & Schlegel, 1845)",Zosteropidae,Zosterops,japonicus,Species,R,Whole year,114
325,Guangzhou Tianhe Park,"Parus major (Linnaeus, 1758)",Paridae,Parus,major,Species,R,Whole year,114
325,Guangzhou Tianhe Park,"Aethopyga christinae (Swinhoe, 1869)",Nectariniidae,Aethopyga,christinae,Species,R,Whole year,114
325,Guangzhou Tianhe Park,"Passer montanus (Linnaeus, 1758)",Passeridae,Passer,montanus,Species,R,Whole year,114
325,Guangzhou Tianhe Park,"Lonchura striata (Linnaeus, 1766)",Estrildidae,Lonchura,striata,Species,R,Whole year,114
325,Guangzhou Tianhe Park,"Lonchura punctulata (Linnaeus, 1758)",Estrildidae,Lonchura,punctulata,Species,R,Whole year,114
325,Guangzhou Tianhe Park,"Eophona personata (Temminck & Schlegel, 1848)",Fringillidae,Eophona,personata,Species,M,Whole year,114
326,Guangzhou Xiaogang Park,"Nycticorax nycticorax (Linnaeus, 1758)",Ardeidae,Nycticorax,nycticorax,Species,R,Whole year,114
326,Guangzhou Xiaogang Park,"Stigmatopelia chinensis (Scopoli, 1768)",Columbidae,Stigmatopelia,chinensis,Species,R,Whole year,114
326,Guangzhou Xiaogang Park,"Apus nipalensis (Hodgson, 1837)",Apodidae,Apus,nipalensis,Species,M,Whole year,114
326,Guangzhou Xiaogang Park,"Halcyon smyrnensis (Linnaeus, 1758)",Alcedinidae,Halcyon,smyrnensis,Species,R,Whole year,114
326,Guangzhou Xiaogang Park,"Hirundo rustica (Linnaeus, 1758)",Laridae,Hirundo,rustica,Species,M,Whole year,114
326,Guangzhou Xiaogang Park,"Motacilla alba (Linnaeus, 1758)",Motacillidae,Motacilla,alba,Species,M,Whole year,114
326,Guangzhou Xiaogang Park,"Anthus hodgsoni (Richmond, 1907)",Motacillidae,Anthus,hodgsoni,Species,M,Whole year,114
326,Guangzhou Xiaogang Park,"Pycnonotus jocosus (Linnaeus, 1758)",Pycnonotidae,Pycnonotus,jocosus,Species,R,Whole year,114
326,Guangzhou Xiaogang Park,"Pycnonotus sinensis (Gmelin, 1789)",Pycnonotidae,Pycnonotus,sinensis,Species,R,Whole year,114
326,Guangzhou Xiaogang Park,"Lanius schach (Linnaeus, 1758)",Laniidae,Lanius,schach,Species,R,Whole year,114
326,Guangzhou Xiaogang Park,"Dendrocitta formosae (Swinhoe, 1863)",Corvidae,Dendrocitta,formosae,Species,R,Whole year,114
326,Guangzhou Xiaogang Park,"Tarsiger cyanurus (Pallas, 1773)",Muscicapidae,Tarsiger,cyanurus,Species,M,Whole year,114
326,Guangzhou Xiaogang Park,"Copsychus saularis (Linnaeus, 1758)",Muscicapidae,Copsychus,saularis,Species,R,Whole year,114
326,Guangzhou Xiaogang Park,"Turdus merula (Linnaeus, 1758)",Turdidae,Turdus,merula,Species,M,Whole year,114
326,Guangzhou Xiaogang Park,"Garrulax canorus (Linnaeus, 1758)",Leiothrichidae,Garrulax,canorus,Species,R,Whole year,114
326,Guangzhou Xiaogang Park,"Stachyris ruficeps (Blyth, 1847)",Timaliidae,Stachyris,ruficeps,Species,R,Whole year,114
326,Guangzhou Xiaogang Park,"Prinia flaviventris (Delessert, 1840)",Cisticolidae,Prinia,flaviventris,Species,R,Whole year,114
326,Guangzhou Xiaogang Park,"Prinia inornata (Sykes, 1832)",Cisticolidae,Prinia,inornata,Species,R,Whole year,114
326,Guangzhou Xiaogang Park,"Orthotomus sutorius (Pennant, 1769)",Cisticolidae,Orthotomus,sutorius,Species,R,Whole year,114
326,Guangzhou Xiaogang Park,"Phylloscopus inornatus (Blyth, 1842)",Phylloscopidae,Phylloscopus,inornatus,Species,M,Whole year,114
326,Guangzhou Xiaogang Park,"Zosterops japonicus (Temminck & Schlegel, 1845)",Zosteropidae,Zosterops,japonicus,Species,R,Whole year,114
326,Guangzhou Xiaogang Park,"Aegithalos concinnus (Gould, 1855)",Aegithalidae,Aegithalos,concinnus,Species,R,Whole year,114
326,Guangzhou Xiaogang Park,"Parus major (Linnaeus, 1758)",Paridae,Parus,major,Species,R,Whole year,114
326,Guangzhou Xiaogang Park,"Nectarinia jugularis (Linnaeus, 1766)",Nectariniidae,Nectarinia,jugularis,Species,R,Whole year,114
326,Guangzhou Xiaogang Park,"Aethopyga christinae (Swinhoe, 1869)",Nectariniidae,Aethopyga,christinae,Species,R,Whole year,114
326,Guangzhou Xiaogang Park,"Passer montanus (Linnaeus, 1758)",Passeridae,Passer,montanus,Species,R,Whole year,114
327,Guangzhou Yuexiu Park,"Nycticorax nycticorax (Linnaeus, 1758)",Ardeidae,Nycticorax,nycticorax,Species,R,Whole year,114
327,Guangzhou Yuexiu Park,"Stigmatopelia chinensis (Scopoli, 1768)",Columbidae,Stigmatopelia,chinensis,Species,R,Whole year,114
327,Guangzhou Yuexiu Park,"Apus nipalensis (Hodgson, 1837)",Apodidae,Apus,nipalensis,Species,M,Whole year,114
327,Guangzhou Yuexiu Park,"Alcedo atthis (Linnaeus, 1758)",Alcedinidae,Alcedo,atthis,Species,R,Whole year,114
327,Guangzhou Yuexiu Park,"Halcyon smyrnensis (Linnaeus, 1758)",Alcedinidae,Halcyon,smyrnensis,Species,R,Whole year,114
327,Guangzhou Yuexiu Park,"Megalaima virens (Boddaert, 1783)",Capitonidae,Megalaima,virens,Species,R,Whole year,114
327,Guangzhou Yuexiu Park,"Hirundo rustica (Linnaeus, 1758)",Laridae,Hirundo,rustica,Species,M,Whole year,114
327,Guangzhou Yuexiu Park,"Motacilla alba (Linnaeus, 1758)",Motacillidae,Motacilla,alba,Species,M,Whole year,114
327,Guangzhou Yuexiu Park,"Pycnonotus jocosus (Linnaeus, 1758)",Pycnonotidae,Pycnonotus,jocosus,Species,R,Whole year,114
327,Guangzhou Yuexiu Park,"Pycnonotus sinensis (Gmelin, 1789)",Pycnonotidae,Pycnonotus,sinensis,Species,R,Whole year,114
327,Guangzhou Yuexiu Park,"Hemixos castanonotus (Swinhoe, 1870)",Pycnonotidae,Hemixos,castanonotus,Species,R,Whole year,114
327,Guangzhou Yuexiu Park,"Oriolus chinensis (Linnaeus, 1766)",Oriolidae,Oriolus,chinensis,Species,M,Whole year,114
327,Guangzhou Yuexiu Park,"Dicrurus macrocercus (Vieillot, 1817)",Dicruridae,Dicrurus,macrocercus,Species,M,Whole year,114
327,Guangzhou Yuexiu Park,"Acridotheres cristatellus (Linnaeus, 1758)",Sturnidae,Acridotheres,cristatellus,Species,R,Whole year,114
327,Guangzhou Yuexiu Park,"Urocissa erythrorhyncha (Boddaert, 1783)",Corvidae,Urocissa,erythrorhyncha,Species,R,Whole year,114
327,Guangzhou Yuexiu Park,"Copsychus saularis (Linnaeus, 1758)",Muscicapidae,Copsychus,saularis,Species,R,Whole year,114
327,Guangzhou Yuexiu Park,"Phoenicurus auroreus (Pallas, 1776)",Muscicapidae,Phoenicurus,auroreus,Species,M,Whole year,114
327,Guangzhou Yuexiu Park,"Turdus hortulorum (P.L.Sclater, 1863)",Turdidae,Turdus,hortulorum,Species,M,Whole year,114
327,Guangzhou Yuexiu Park,"Turdus merula (Linnaeus, 1758)",Turdidae,Turdus,merula,Species,M,Whole year,114
327,Guangzhou Yuexiu Park,"Turdus pallidus (Gmelin, 1789)",Turdidae,Turdus,pallidus,Species,M,Whole year,114
327,Guangzhou Yuexiu Park,"Garrulax pectoralis (Gould, 1836)",Leiothrichidae,Garrulax,pectoralis,Species,R,Whole year,114
327,Guangzhou Yuexiu Park,"Garrulax canorus (Linnaeus, 1758)",Leiothrichidae,Garrulax,canorus,Species,R,Whole year,114
327,Guangzhou Yuexiu Park,"Stachyris ruficeps (Blyth, 1847)",Timaliidae,Stachyris,ruficeps,Species,R,Whole year,114
327,Guangzhou Yuexiu Park,"Yuhina castaniceps (Moore, 1854)",Zosteropidae,Yuhina,castaniceps,Species,R,Whole year,114
327,Guangzhou Yuexiu Park,"Paradoxornis webbianus (Gould, 1852)",Paradoxornithidae,Paradoxornis,webbianus,Species,R,Whole year,114
327,Guangzhou Yuexiu Park,"Prinia flaviventris (Delessert, 1840)",Cisticolidae,Prinia,flaviventris,Species,R,Whole year,114
327,Guangzhou Yuexiu Park,"Orthotomus sutorius (Pennant, 1769)",Cisticolidae,Orthotomus,sutorius,Species,R,Whole year,114
327,Guangzhou Yuexiu Park,"Phylloscopus proregulus (Pallas, 1811)",Phylloscopidae,Phylloscopus,proregulus,Species,M,Whole year,114
327,Guangzhou Yuexiu Park,"Phylloscopus inornatus (Blyth, 1842)",Phylloscopidae,Phylloscopus,inornatus,Species,M,Whole year,114
327,Guangzhou Yuexiu Park,"Zosterops japonicus (Temminck & Schlegel, 1845)",Zosteropidae,Zosterops,japonicus,Species,R,Whole year,114
327,Guangzhou Yuexiu Park,"Aegithalos concinnus (Gould, 1855)",Aegithalidae,Aegithalos,concinnus,Species,R,Whole year,114
327,Guangzhou Yuexiu Park,"Parus major (Linnaeus, 1758)",Paridae,Parus,major,Species,R,Whole year,114
327,Guangzhou Yuexiu Park,"Sitta frontalis (Swainson, 1820)",Sittidae,Sitta,frontalis,Species,R,Whole year,114
327,Guangzhou Yuexiu Park,"Aethopyga christinae (Swinhoe, 1869)",Nectariniidae,Aethopyga,christinae,Species,R,Whole year,114
327,Guangzhou Yuexiu Park,"Passer montanus (Linnaeus, 1758)",Passeridae,Passer,montanus,Species,R,Whole year,114
327,Guangzhou Yuexiu Park,"Eophona migratoria (Hartert, 1903)",Fringillidae,Eophona,migratoria,Species,M,Whole year,114
327,Guangzhou Yuexiu Park,"Eophona personata (Temminck & Schlegel, 1848)",Fringillidae,Eophona,personata,Species,M,Whole year,114
328,Guilin Botanical Garden,"Stigmatopelia chinensis (Scopoli, 1768)",Columbidae,Stigmatopelia,chinensis,Species,R,Whole year,200
328,Guilin Botanical Garden,"Streptopelia tranquebarica (Hermann, 1804)",Columbidae,Streptopelia,tranquebarica,Species,R,Whole year,200
328,Guilin Botanical Garden,"Alcedo atthis (Linnaeus, 1758)",Alcedinidae,Alcedo,atthis,Species,R,Whole year,200
328,Guilin Botanical Garden,"Hirundo rustica (Linnaeus, 1758)",Laridae,Hirundo,rustica,Species,M,Whole year,200
328,Guilin Botanical Garden,"Motacilla alba (Linnaeus, 1758)",Motacillidae,Motacilla,alba,Species,R,Whole year,200
328,Guilin Botanical Garden,"Motacilla cinerea (Tunstall, 1771)",Motacillidae,Motacilla,cinerea,Species,M,Whole year,200
328,Guilin Botanical Garden,"Pycnonotus sinensis (Gmelin, 1789)",Pycnonotidae,Pycnonotus,sinensis,Species,R,Whole year,200
328,Guilin Botanical Garden,"Lanius schach (Linnaeus, 1758)",Laniidae,Lanius,schach,Species,R,Whole year,200
328,Guilin Botanical Garden,"Dicrurus leucophaeus (Vieillot, 1817)",Dicruridae,Dicrurus,leucophaeus,Species,M,Whole year,200
328,Guilin Botanical Garden,"Acridotheres cristatellus (Linnaeus, 1758)",Sturnidae,Acridotheres,cristatellus,Species,R,Whole year,200
328,Guilin Botanical Garden,"Tarsiger cyanurus (Pallas, 1773)",Muscicapidae,Tarsiger,cyanurus,Species,M,Whole year,200
328,Guilin Botanical Garden,"Copsychus saularis (Linnaeus, 1758)",Muscicapidae,Copsychus,saularis,Species,R,Whole year,200
328,Guilin Botanical Garden,"Turdus merula (Linnaeus, 1758)",Turdidae,Turdus,merula,Species,R,Whole year,200
328,Guilin Botanical Garden,"Garrulax canorus (Linnaeus, 1758)",Leiothrichidae,Garrulax,canorus,Species,R,Whole year,200
328,Guilin Botanical Garden,"Phylloscopus coronatus (Temminck & Schlegel, 1847)",Phylloscopidae,Phylloscopus,coronatus,Species,M,Whole year,200
328,Guilin Botanical Garden,"Orthotomus sutorius (Pennant, 1769)",Cisticolidae,Orthotomus,sutorius,Species,R,Whole year,200
328,Guilin Botanical Garden,"Cisticola juncidis (Rafinesque, 1810)",Cisticolidae,Cisticola,juncidis,Species,R,Whole year,200
328,Guilin Botanical Garden,"Terpsiphone paradisi (Linnaeus, 1758)",Monarchidae,Terpsiphone,paradisi,Species,R,Whole year,200
328,Guilin Botanical Garden,"Parus venustulus (R. Swinhoe, 1870)",Paridae,Parus,venustulus,Species,M,Whole year,200
328,Guilin Botanical Garden,"Parus major (Linnaeus, 1758)",Paridae,Parus,major,Species,R,Whole year,200
328,Guilin Botanical Garden,"Aegithalos concinnus (Gould, 1855)",Aegithalidae,Aegithalos,concinnus,Species,R,Whole year,200
328,Guilin Botanical Garden,"Aethopyga christinae (Swinhoe, 1869)",Nectariniidae,Aethopyga,christinae,Species,R,Whole year,200
328,Guilin Botanical Garden,"Zosterops japonicus (Temminck & Schlegel, 1845)",Zosteropidae,Zosterops,japonicus,Species,R,Whole year,200
328,Guilin Botanical Garden,"Passer montanus (Linnaeus, 1758)",Passeridae,Passer,montanus,Species,R,Whole year,200
328,Guilin Botanical Garden,"Carduelis sinica (Linnaeus, 1766)",Fringillidae,Carduelis,sinica,Species,R,Whole year,200
329,Guilin Chuanshan Park,"Alcedo atthis (Linnaeus, 1758)",Alcedinidae,Alcedo,atthis,Species,R,Whole year,200
329,Guilin Chuanshan Park,"Motacilla alba (Linnaeus, 1758)",Motacillidae,Motacilla,alba,Species,R,Whole year,200
329,Guilin Chuanshan Park,"Motacilla cinerea (Tunstall, 1771)",Motacillidae,Motacilla,cinerea,Species,M,Whole year,200
329,Guilin Chuanshan Park,"Spizixos semitorques (Swinhoe, 1861)",Pycnonotidae,Spizixos,semitorques,Species,R,Whole year,200
329,Guilin Chuanshan Park,"Pycnonotus sinensis (Gmelin, 1789)",Pycnonotidae,Pycnonotus,sinensis,Species,R,Whole year,200
329,Guilin Chuanshan Park,"Lanius tigrinus (Drapiez, 1828)",Laniidae,Lanius,tigrinus,Species,M,Whole year,200
329,Guilin Chuanshan Park,"Lanius schach (Linnaeus, 1758)",Laniidae,Lanius,schach,Species,R,Whole year,200
329,Guilin Chuanshan Park,"Acridotheres cristatellus (Linnaeus, 1758)",Sturnidae,Acridotheres,cristatellus,Species,R,Whole year,200
329,Guilin Chuanshan Park,"Tarsiger cyanurus (Pallas, 1773)",Muscicapidae,Tarsiger,cyanurus,Species,M,Whole year,200
329,Guilin Chuanshan Park,"Copsychus saularis (Linnaeus, 1758)",Muscicapidae,Copsychus,saularis,Species,R,Whole year,200
329,Guilin Chuanshan Park,"Garrulax canorus (Linnaeus, 1758)",Leiothrichidae,Garrulax,canorus,Species,R,Whole year,200
329,Guilin Chuanshan Park,"Paradoxornis webbianus (Gould, 1852)",Paradoxornithidae,Paradoxornis,webbianus,Species,R,Whole year,200
329,Guilin Chuanshan Park,"Phylloscopus coronatus (Temminck & Schlegel, 1847)",Phylloscopidae,Phylloscopus,coronatus,Species,M,Whole year,200
329,Guilin Chuanshan Park,"Orthotomus sutorius (Pennant, 1769)",Cisticolidae,Orthotomus,sutorius,Species,R,Whole year,200
329,Guilin Chuanshan Park,"Muscicapa dauurica (Pallas, 1811)",Muscicapidae,Muscicapa,dauurica,Species,M,Whole year,200
329,Guilin Chuanshan Park,"Parus venustulus (R. Swinhoe, 1870)",Paridae,Parus,venustulus,Species,M,Whole year,200
329,Guilin Chuanshan Park,"Parus major (Linnaeus, 1758)",Paridae,Parus,major,Species,R,Whole year,200
329,Guilin Chuanshan Park,"Parus ater (Linnaeus, 1758)",Paridae,Parus,ater,Species,R,Whole year,200
329,Guilin Chuanshan Park,"Aegithalos concinnus (Gould, 1855)",Aegithalidae,Aegithalos,concinnus,Species,R,Whole year,200
329,Guilin Chuanshan Park,"Aethopyga christinae (Swinhoe, 1869)",Nectariniidae,Aethopyga,christinae,Species,R,Whole year,200
329,Guilin Chuanshan Park,"Zosterops japonicus (Temminck & Schlegel, 1845)",Zosteropidae,Zosterops,japonicus,Species,R,Whole year,200
329,Guilin Chuanshan Park,"Passer montanus (Linnaeus, 1758)",Passeridae,Passer,montanus,Species,R,Whole year,200
330,Guilin Diecaishan Park,"Stigmatopelia chinensis (Scopoli, 1768)",Columbidae,Stigmatopelia,chinensis,Species,R,Whole year,200
330,Guilin Diecaishan Park,"Cuculus canorus (Linnaeus, 1758)",scolopacea,Cuculus,canorus,Species,M,Whole year,200
330,Guilin Diecaishan Park,"Centropus sinensis (Stephens, 1815)",Cuculidae,Centropus,sinensis,Species,R,Whole year,200
330,Guilin Diecaishan Park,"Apus pacificus (Latham, 1802)",Apodidae,Apus,pacificus,Species,M,Whole year,200
330,Guilin Diecaishan Park,"Motacilla alba (Linnaeus, 1758)",Motacillidae,Motacilla,alba,Species,R,Whole year,200
330,Guilin Diecaishan Park,"Pycnonotus sinensis (Gmelin, 1789)",Pycnonotidae,Pycnonotus,sinensis,Species,R,Whole year,200
330,Guilin Diecaishan Park,"Copsychus saularis (Linnaeus, 1758)",Muscicapidae,Copsychus,saularis,Species,R,Whole year,200
330,Guilin Diecaishan Park,"Turdus merula (Linnaeus, 1758)",Turdidae,Turdus,merula,Species,R,Whole year,200
330,Guilin Diecaishan Park,"Turdus cardis (Temminck, 1831)",Turdidae,Turdus,cardis,Species,M,Whole year,200
330,Guilin Diecaishan Park,"Turdus naumanni (Temminck, 1820)",Turdidae,Turdus,naumanni,Species,M,Whole year,200
330,Guilin Diecaishan Park,"Garrulax albogularis (Gould, 1836)",Leiothrichidae,Garrulax,albogularis,Species,M,Whole year,200
330,Guilin Diecaishan Park,"Cettia fortipes (Hodgson, 1845)",Cettiidae,Cettia,fortipes,Species,R,Whole year,200
330,Guilin Diecaishan Park,"Phylloscopus reguloides (Blyth, 1842)",Phylloscopidae,Phylloscopus,reguloides,Species,M,Whole year,200
330,Guilin Diecaishan Park,"Phylloscopus coronatus (Temminck & Schlegel, 1847)",Phylloscopidae,Phylloscopus,coronatus,Species,M,Whole year,200
330,Guilin Diecaishan Park,"Orthotomus sutorius (Pennant, 1769)",Cisticolidae,Orthotomus,sutorius,Species,R,Whole year,200
330,Guilin Diecaishan Park,"Ficedula mugimaki (Temminck, 1836)",Muscicapidae,Ficedula,mugimaki,Species,M,Whole year,200
330,Guilin Diecaishan Park,"Ficedula parva (Bechstein, 1792)",Muscicapidae,Ficedula,parva,Species,M,Whole year,200
330,Guilin Diecaishan Park,"Cyornis hainanus (Ogilvie-Grant, 1900)",Muscicapidae,Cyornis,hainanus,Species,R,Whole year,200
330,Guilin Diecaishan Park,"Parus venustulus (R. Swinhoe, 1870)",Paridae,Parus,venustulus,Species,M,Whole year,200
330,Guilin Diecaishan Park,"Parus major (Linnaeus, 1758)",Paridae,Parus,major,Species,R,Whole year,200
330,Guilin Diecaishan Park,"Aegithalos concinnus (Gould, 1855)",Aegithalidae,Aegithalos,concinnus,Species,R,Whole year,200
330,Guilin Diecaishan Park,"Dicaeum concolor (Jerdon, 1840)",Dicaeidae,Dicaeum,concolor,Species,R,Whole year,200
330,Guilin Diecaishan Park,"Aethopyga christinae (Swinhoe, 1869)",Nectariniidae,Aethopyga,christinae,Species,R,Whole year,200
330,Guilin Diecaishan Park,"Zosterops japonicus (Temminck & Schlegel, 1845)",Zosteropidae,Zosterops,japonicus,Species,R,Whole year,200
330,Guilin Diecaishan Park,"Passer montanus (Linnaeus, 1758)",Passeridae,Passer,montanus,Species,R,Whole year,200
330,Guilin Diecaishan Park,"Carduelis sinica (Linnaeus, 1766)",Fringillidae,Carduelis,sinica,Species,R,Whole year,200
330,Guilin Diecaishan Park,"Eophona migratoria (Hartert, 1903)",Fringillidae,Eophona,migratoria,Species,M,Whole year,200
331,Guilin Nanxi Park,"Stigmatopelia chinensis (Scopoli, 1768)",Columbidae,Stigmatopelia,chinensis,Species,R,Whole year,200
331,Guilin Nanxi Park,"Apus pacificus (Latham, 1802)",Apodidae,Apus,pacificus,Species,M,Whole year,200
331,Guilin Nanxi Park,"Alcedo atthis (Linnaeus, 1758)",Alcedinidae,Alcedo,atthis,Species,R,Whole year,200
331,Guilin Nanxi Park,"Motacilla alba (Linnaeus, 1758)",Motacillidae,Motacilla,alba,Species,R,Whole year,200
331,Guilin Nanxi Park,"Motacilla flava (Linnaeus, 1758)",Motacillidae,Motacilla,flava,Species,M,Whole year,200
331,Guilin Nanxi Park,"Motacilla cinerea (Tunstall, 1771)",Motacillidae,Motacilla,cinerea,Species,M,Whole year,200
331,Guilin Nanxi Park,"Pycnonotus sinensis (Gmelin, 1789)",Pycnonotidae,Pycnonotus,sinensis,Species,R,Whole year,200
331,Guilin Nanxi Park,"Acridotheres cristatellus (Linnaeus, 1758)",Sturnidae,Acridotheres,cristatellus,Species,R,Whole year,200
331,Guilin Nanxi Park,"Urocissa erythrorhyncha (Boddaert, 1783)",Corvidae,Urocissa,erythrorhyncha,Species,R,Whole year,200
331,Guilin Nanxi Park,"Tarsiger cyanurus (Pallas, 1773)",Muscicapidae,Tarsiger,cyanurus,Species,M,Whole year,200
331,Guilin Nanxi Park,"Copsychus saularis (Linnaeus, 1758)",Muscicapidae,Copsychus,saularis,Species,R,Whole year,200
331,Guilin Nanxi Park,"Turdus merula (Linnaeus, 1758)",Turdidae,Turdus,merula,Species,R,Whole year,200
331,Guilin Nanxi Park,"Garrulax canorus (Linnaeus, 1758)",Leiothrichidae,Garrulax,canorus,Species,R,Whole year,200
331,Guilin Nanxi Park,"Leiothrix argentauris (Hodgson, 1837)",Leiothrichidae,Leiothrix,argentauris,Species,M,Whole year,200
331,Guilin Nanxi Park,"Paradoxornis webbianus (Gould, 1852)",Paradoxornithidae,Paradoxornis,webbianus,Species,R,Whole year,200
331,Guilin Nanxi Park,"Cettia canturians (Swinhoe, 1860)",Cettiidae,Cettia,canturians,Species,M,Whole year,200
331,Guilin Nanxi Park,"Phylloscopus coronatus (Temminck & Schlegel, 1847)",Phylloscopidae,Phylloscopus,coronatus,Species,M,Whole year,200
331,Guilin Nanxi Park,"Orthotomus sutorius (Pennant, 1769)",Cisticolidae,Orthotomus,sutorius,Species,R,Whole year,200
331,Guilin Nanxi Park,"Muscicapa dauurica (Pallas, 1811)",Muscicapidae,Muscicapa,dauurica,Species,M,Whole year,200
331,Guilin Nanxi Park,"Parus major (Linnaeus, 1758)",Paridae,Parus,major,Species,R,Whole year,200
331,Guilin Nanxi Park,"Aegithalos concinnus (Gould, 1855)",Aegithalidae,Aegithalos,concinnus,Species,R,Whole year,200
331,Guilin Nanxi Park,"Dicaeum concolor (Jerdon, 1840)",Dicaeidae,Dicaeum,concolor,Species,R,Whole year,200
331,Guilin Nanxi Park,"Aethopyga christinae (Swinhoe, 1869)",Nectariniidae,Aethopyga,christinae,Species,R,Whole year,200
331,Guilin Nanxi Park,"Zosterops japonicus (Temminck & Schlegel, 1845)",Zosteropidae,Zosterops,japonicus,Species,R,Whole year,200
331,Guilin Nanxi Park,"Passer montanus (Linnaeus, 1758)",Passeridae,Passer,montanus,Species,R,Whole year,200
331,Guilin Nanxi Park,"Lonchura striata (Linnaeus, 1766)",Estrildidae,Lonchura,striata,Species,R,Whole year,200
332,Guilin Reed Flute Park,"Egretta garzetta (Linnaeus, 1766)",Ardeidae,Egretta,garzetta,Species,R,Whole year,200
332,Guilin Reed Flute Park,"Stigmatopelia chinensis (Scopoli, 1768)",Columbidae,Stigmatopelia,chinensis,Species,R,Whole year,200
332,Guilin Reed Flute Park,"Cuculus poliocephalus (Latham, 1790)",scolopacea,Cuculus,poliocephalus,Species,M,Whole year,200
332,Guilin Reed Flute Park,"Alcedo atthis (Linnaeus, 1758)",Alcedinidae,Alcedo,atthis,Species,R,Whole year,200
332,Guilin Reed Flute Park,"Eurystomus orientalis (Linnaeus, 1766)",Coraciidae,Eurystomus,orientalis,Species,M,Whole year,200
332,Guilin Reed Flute Park,"Motacilla alba (Linnaeus, 1758)",Motacillidae,Motacilla,alba,Species,R,Whole year,200
332,Guilin Reed Flute Park,"Pycnonotus jocosus (Linnaeus, 1758)",Pycnonotidae,Pycnonotus,jocosus,Species,R,Whole year,200
332,Guilin Reed Flute Park,"Pycnonotus sinensis (Gmelin, 1789)",Pycnonotidae,Pycnonotus,sinensis,Species,R,Whole year,200
332,Guilin Reed Flute Park,"Lanius schach (Linnaeus, 1758)",Laniidae,Lanius,schach,Species,R,Whole year,200
332,Guilin Reed Flute Park,"Sturnus cineraceus (Temminck, 1835)",Sturnidae,Sturnus,cineraceus,Species,M,Whole year,200
332,Guilin Reed Flute Park,"Tarsiger cyanurus (Pallas, 1773)",Muscicapidae,Tarsiger,cyanurus,Species,M,Whole year,200
332,Guilin Reed Flute Park,"Copsychus saularis (Linnaeus, 1758)",Muscicapidae,Copsychus,saularis,Species,R,Whole year,200
332,Guilin Reed Flute Park,"Phoenicurus auroreus (Pallas, 1776)",Muscicapidae,Phoenicurus,auroreus,Species,M,Whole year,200
332,Guilin Reed Flute Park,"Turdus merula (Linnaeus, 1758)",Turdidae,Turdus,merula,Species,R,Whole year,200
332,Guilin Reed Flute Park,"Pomatorhinus ruficollis (Hodgson, 1836)",Timaliidae,Pomatorhinus,ruficollis,Species,R,Whole year,200
332,Guilin Reed Flute Park,"Cettia fortipes (Hodgson, 1845)",Cettiidae,Cettia,fortipes,Species,R,Whole year,200
332,Guilin Reed Flute Park,"Locustella certhiola (Pallas, 1811)",Locustellidae,Locustella,certhiola,Species,M,Whole year,200
332,Guilin Reed Flute Park,"Phylloscopus inornatus (Blyth, 1842)",Phylloscopidae,Phylloscopus,inornatus,Species,M,Whole year,200
332,Guilin Reed Flute Park,"Phylloscopus proregulus (Pallas, 1811)",Phylloscopidae,Phylloscopus,proregulus,Species,M,Whole year,200
332,Guilin Reed Flute Park,"Phylloscopus coronatus (Temminck & Schlegel, 1847)",Phylloscopidae,Phylloscopus,coronatus,Species,M,Whole year,200
332,Guilin Reed Flute Park,"Orthotomus sutorius (Pennant, 1769)",Cisticolidae,Orthotomus,sutorius,Species,R,Whole year,200
332,Guilin Reed Flute Park,"Muscicapa dauurica (Pallas, 1811)",Muscicapidae,Muscicapa,dauurica,Species,M,Whole year,200
332,Guilin Reed Flute Park,"Parus venustulus (R. Swinhoe, 1870)",Paridae,Parus,venustulus,Species,M,Whole year,200
332,Guilin Reed Flute Park,"Parus major (Linnaeus, 1758)",Paridae,Parus,major,Species,R,Whole year,200
332,Guilin Reed Flute Park,"Aegithalos concinnus (Gould, 1855)",Aegithalidae,Aegithalos,concinnus,Species,R,Whole year,200
332,Guilin Reed Flute Park,"Dicaeum concolor (Jerdon, 1840)",Dicaeidae,Dicaeum,concolor,Species,R,Whole year,200
332,Guilin Reed Flute Park,"Aethopyga christinae (Swinhoe, 1869)",Nectariniidae,Aethopyga,christinae,Species,R,Whole year,200
332,Guilin Reed Flute Park,"Zosterops japonicus (Temminck & Schlegel, 1845)",Zosteropidae,Zosterops,japonicus,Species,R,Whole year,200
332,Guilin Reed Flute Park,"Passer montanus (Linnaeus, 1758)",Passeridae,Passer,montanus,Species,R,Whole year,200
332,Guilin Reed Flute Park,"Lonchura striata (Linnaeus, 1766)",Estrildidae,Lonchura,striata,Species,R,Whole year,200
332,Guilin Reed Flute Park,"Eophona personata (Temminck & Schlegel, 1848)",Fringillidae,Eophona,personata,Species,M,Whole year,200
332,Guilin Reed Flute Park,"Emberiza tristrami (Swinhoe, 1870)",Emberizidae,Emberiza,tristrami,Species,M,Whole year,200
332,Guilin Reed Flute Park,"Sitta europaea (Linnaeus, 1758)",Sittidae,Sitta,europaea,Species,R,Whole year,200
333,Guilin Seven Star Park,"Falco peregrinus (Tunstall, 1771)",Falconidae,Falco,peregrinus,Species,R,Whole year,200
333,Guilin Seven Star Park,"Apus pacificus (Latham, 1802)",Apodidae,Apus,pacificus,Species,M,Whole year,200
333,Guilin Seven Star Park,"Motacilla alba (Linnaeus, 1758)",Motacillidae,Motacilla,alba,Species,R,Whole year,200
333,Guilin Seven Star Park,"Motacilla flava (Linnaeus, 1758)",Motacillidae,Motacilla,flava,Species,M,Whole year,200
333,Guilin Seven Star Park,"Motacilla cinerea (Tunstall, 1771)",Motacillidae,Motacilla,cinerea,Species,M,Whole year,200
333,Guilin Seven Star Park,"Anthus novaeseelandiae (Gmelin, 1789)",Motacillidae,Anthus,novaeseelandiae,Species,R,Whole year,200
333,Guilin Seven Star Park,"Hemixos castanonotus (Swinhoe, 1870)",Pycnonotidae,Hemixos,castanonotus,Species,M,Whole year,200
333,Guilin Seven Star Park,"Pycnonotus sinensis (Gmelin, 1789)",Pycnonotidae,Pycnonotus,sinensis,Species,R,Whole year,200
333,Guilin Seven Star Park,"Lanius schach (Linnaeus, 1758)",Laniidae,Lanius,schach,Species,R,Whole year,200
333,Guilin Seven Star Park,"Pica pica (Linnaeus, 1758)",Corvidae,Pica,pica,Species,R,Whole year,200
333,Guilin Seven Star Park,"Tarsiger cyanurus (Pallas, 1773)",Muscicapidae,Tarsiger,cyanurus,Species,M,Whole year,200
333,Guilin Seven Star Park,"Copsychus saularis (Linnaeus, 1758)",Muscicapidae,Copsychus,saularis,Species,R,Whole year,200
333,Guilin Seven Star Park,"Phoenicurus auroreus (Pallas, 1776)",Muscicapidae,Phoenicurus,auroreus,Species,M,Whole year,200
333,Guilin Seven Star Park,"Turdus merula (Linnaeus, 1758)",Turdidae,Turdus,merula,Species,R,Whole year,200
333,Guilin Seven Star Park,"Garrulax canorus (Linnaeus, 1758)",Leiothrichidae,Garrulax,canorus,Species,R,Whole year,200
333,Guilin Seven Star Park,"Paradoxornis webbianus (Gould, 1852)",Paradoxornithidae,Paradoxornis,webbianus,Species,R,Whole year,200
333,Guilin Seven Star Park,"Prinia flaviventris (Delessert, 1840)",Cisticolidae,Prinia,flaviventris,Species,R,Whole year,200
333,Guilin Seven Star Park,"Phylloscopus coronatus (Temminck & Schlegel, 1847)",Phylloscopidae,Phylloscopus,coronatus,Species,M,Whole year,200
333,Guilin Seven Star Park,"Orthotomus sutorius (Pennant, 1769)",Cisticolidae,Orthotomus,sutorius,Species,R,Whole year,200
333,Guilin Seven Star Park,"Cyornis hainanus (Ogilvie-Grant, 1900)",Muscicapidae,Cyornis,hainanus,Species,R,Whole year,200
333,Guilin Seven Star Park,"Muscicapa dauurica (Pallas, 1811)",Muscicapidae,Muscicapa,dauurica,Species,M,Whole year,200
333,Guilin Seven Star Park,"Parus major (Linnaeus, 1758)",Paridae,Parus,major,Species,R,Whole year,200
333,Guilin Seven Star Park,"Parus ater (Linnaeus, 1758)",Paridae,Parus,ater,Species,R,Whole year,200
333,Guilin Seven Star Park,"Aegithalos concinnus (Gould, 1855)",Aegithalidae,Aegithalos,concinnus,Species,R,Whole year,200
333,Guilin Seven Star Park,"Dicaeum concolor (Jerdon, 1840)",Dicaeidae,Dicaeum,concolor,Species,R,Whole year,200
333,Guilin Seven Star Park,"Aethopyga christinae (Swinhoe, 1869)",Nectariniidae,Aethopyga,christinae,Species,R,Whole year,200
333,Guilin Seven Star Park,"Zosterops japonicus (Temminck & Schlegel, 1845)",Zosteropidae,Zosterops,japonicus,Species,R,Whole year,200
333,Guilin Seven Star Park,"Passer montanus (Linnaeus, 1758)",Passeridae,Passer,montanus,Species,R,Whole year,200
333,Guilin Seven Star Park,"Eophona personata (Temminck & Schlegel, 1848)",Fringillidae,Eophona,personata,Species,M,Whole year,200
334,Guilin Xishan Park,"Stigmatopelia chinensis (Scopoli, 1768)",Columbidae,Stigmatopelia,chinensis,Species,R,Whole year,200
334,Guilin Xishan Park,"Streptopelia tranquebarica (Hermann, 1804)",Columbidae,Streptopelia,tranquebarica,Species,R,Whole year,200
334,Guilin Xishan Park,"Cuculus canorus (Linnaeus, 1758)",scolopacea,Cuculus,canorus,Species,M,Whole year,200
334,Guilin Xishan Park,"Alcedo atthis (Linnaeus, 1758)",Alcedinidae,Alcedo,atthis,Species,R,Whole year,200
334,Guilin Xishan Park,"Spizixos semitorques (Swinhoe, 1861)",Pycnonotidae,Spizixos,semitorques,Species,R,Whole year,200
334,Guilin Xishan Park,"Pycnonotus jocosus (Linnaeus, 1758)",Pycnonotidae,Pycnonotus,jocosus,Species,R,Whole year,200
334,Guilin Xishan Park,"Pycnonotus sinensis (Gmelin, 1789)",Pycnonotidae,Pycnonotus,sinensis,Species,R,Whole year,200
334,Guilin Xishan Park,"Dicrurus leucophaeus (Vieillot, 1817)",Dicruridae,Dicrurus,leucophaeus,Species,M,Whole year,200
334,Guilin Xishan Park,"Tarsiger cyanurus (Pallas, 1773)",Muscicapidae,Tarsiger,cyanurus,Species,M,Whole year,200
334,Guilin Xishan Park,"Copsychus saularis (Linnaeus, 1758)",Muscicapidae,Copsychus,saularis,Species,R,Whole year,200
334,Guilin Xishan Park,"Turdus merula (Linnaeus, 1758)",Turdidae,Turdus,merula,Species,R,Whole year,200
334,Guilin Xishan Park,"Garrulax canorus (Linnaeus, 1758)",Leiothrichidae,Garrulax,canorus,Species,R,Whole year,200
334,Guilin Xishan Park,"Paradoxornis webbianus (Gould, 1852)",Paradoxornithidae,Paradoxornis,webbianus,Species,R,Whole year,200
334,Guilin Xishan Park,"Cettia fortipes (Hodgson, 1845)",Cettiidae,Cettia,fortipes,Species,R,Whole year,200
334,Guilin Xishan Park,"Phylloscopus fuscatus (Blyth, 1842)",Phylloscopidae,Phylloscopus,fuscatus,Species,M,Whole year,200
334,Guilin Xishan Park,"Phylloscopus coronatus (Temminck & Schlegel, 1847)",Phylloscopidae,Phylloscopus,coronatus,Species,M,Whole year,200
334,Guilin Xishan Park,"Orthotomus sutorius (Pennant, 1769)",Cisticolidae,Orthotomus,sutorius,Species,R,Whole year,200
334,Guilin Xishan Park,"Muscicapa dauurica (Pallas, 1811)",Muscicapidae,Muscicapa,dauurica,Species,M,Whole year,200
334,Guilin Xishan Park,"Parus major (Linnaeus, 1758)",Paridae,Parus,major,Species,R,Whole year,200
334,Guilin Xishan Park,"Aegithalos concinnus (Gould, 1855)",Aegithalidae,Aegithalos,concinnus,Species,R,Whole year,200
334,Guilin Xishan Park,"Aethopyga christinae (Swinhoe, 1869)",Nectariniidae,Aethopyga,christinae,Species,R,Whole year,200
334,Guilin Xishan Park,"Zosterops japonicus (Temminck & Schlegel, 1845)",Zosteropidae,Zosterops,japonicus,Species,R,Whole year,200
334,Guilin Xishan Park,"Passer montanus (Linnaeus, 1758)",Passeridae,Passer,montanus,Species,R,Whole year,200
334,Guilin Xishan Park,"Lonchura striata (Linnaeus, 1766)",Estrildidae,Lonchura,striata,Species,R,Whole year,200
334,Guilin Xishan Park,"Carduelis sinica (Linnaeus, 1766)",Fringillidae,Carduelis,sinica,Species,R,Whole year,200
334,Guilin Xishan Park,"Eophona personata (Temminck & Schlegel, 1848)",Fringillidae,Eophona,personata,Species,M,Whole year,200
335,Guilin Yushan Park,"Pycnonotus sinensis (Gmelin, 1789)",Pycnonotidae,Pycnonotus,sinensis,Species,R,Whole year,200
335,Guilin Yushan Park,"Lanius schach (Linnaeus, 1758)",Laniidae,Lanius,schach,Species,R,Whole year,200
335,Guilin Yushan Park,"Saxicola torquatus (Linnaeus, 1766)",Muscicapidae,Saxicola,torquatus,Species,M,Whole year,200
335,Guilin Yushan Park,"Copsychus saularis (Linnaeus, 1758)",Muscicapidae,Copsychus,saularis,Species,R,Whole year,200
335,Guilin Yushan Park,"Turdus merula (Linnaeus, 1758)",Turdidae,Turdus,merula,Species,R,Whole year,200
335,Guilin Yushan Park,"Phylloscopus fuscatus (Blyth, 1842)",Phylloscopidae,Phylloscopus,fuscatus,Species,M,Whole year,200
335,Guilin Yushan Park,"Phylloscopus coronatus (Temminck & Schlegel, 1847)",Phylloscopidae,Phylloscopus,coronatus,Species,M,Whole year,200
335,Guilin Yushan Park,"Orthotomus sutorius (Pennant, 1769)",Cisticolidae,Orthotomus,sutorius,Species,R,Whole year,200
335,Guilin Yushan Park,"Parus major (Linnaeus, 1758)",Paridae,Parus,major,Species,R,Whole year,200
335,Guilin Yushan Park,"Aegithalos concinnus (Gould, 1855)",Aegithalidae,Aegithalos,concinnus,Species,R,Whole year,200
335,Guilin Yushan Park,"Aethopyga christinae (Swinhoe, 1869)",Nectariniidae,Aethopyga,christinae,Species,R,Whole year,200
335,Guilin Yushan Park,"Zosterops japonicus (Temminck & Schlegel, 1845)",Zosteropidae,Zosterops,japonicus,Species,R,Whole year,200
335,Guilin Yushan Park,"Passer montanus (Linnaeus, 1758)",Passeridae,Passer,montanus,Species,R,Whole year,200
336,Hangzhou Bauhinia Park,"Passer montanus (Linnaeus, 1758)",Passeridae,Passer,montanus,Species,R,Whole year,10
336,Hangzhou Bauhinia Park,"Pycnonotus sinensis (Gmelin, 1789)",Pycnonotidae,Pycnonotus,sinensis,Species,R,Whole year,10
336,Hangzhou Bauhinia Park,"Parus major (Linnaeus, 1758)",Paridae,Parus,major,Species,R,Whole year,10
336,Hangzhou Bauhinia Park,"Turdus merula (Linnaeus, 1758)",Turdidae,Turdus,merula,Species,R,Whole year,10
336,Hangzhou Bauhinia Park,"Motacilla alba (Linnaeus, 1758)",Motacillidae,Motacilla,alba,Species,R,Whole year,10
336,Hangzhou Bauhinia Park,"Phylloscopus inornatus (Blyth, 1842)",Phylloscopidae,Phylloscopus,inornatus,Species,M,Whole year,10
336,Hangzhou Bauhinia Park,"Tarsiger cyanurus (Pallas, 1773)",Muscicapidae,Tarsiger,cyanurus,Species,M,Whole year,10
336,Hangzhou Bauhinia Park,"Stigmatopelia chinensis (Scopoli, 1768)",Columbidae,Stigmatopelia,chinensis,Species,R,Whole year,10
336,Hangzhou Bauhinia Park,"Phoenicurus auroreus (Pallas, 1776)",Muscicapidae,Phoenicurus,auroreus,Species,M,Whole year,10
336,Hangzhou Bauhinia Park,"Zosterops japonicus (Temminck & Schlegel, 1845)",Zosteropidae,Zosterops,japonicus,Species,R,Whole year,10
336,Hangzhou Bauhinia Park,"Eophona migratoria (Hartert, 1903)",Fringillidae,Eophona,migratoria,Species,M,Whole year,10
336,Hangzhou Bauhinia Park,"Phylloscopus borealis (J.H.Blasius, 1858)",Phylloscopidae,Phylloscopus,borealis,Species,M,Whole year,10
336,Hangzhou Bauhinia Park,"Parus venustulus (R. Swinhoe, 1870)",Paridae,Parus,venustulus,Species,R,Whole year,10
336,Hangzhou Bauhinia Park,"Fringilla montifringilla (Linnaeus, 1758)",Fringillidae,Fringilla,montifringilla,Species,M,Whole year,10
336,Hangzhou Bauhinia Park,"Copsychus saularis (Linnaeus, 1758)",Muscicapidae,Copsychus,saularis,Species,R,Whole year,10
336,Hangzhou Bauhinia Park,"Phylloscopus proregulus (Pallas, 1811)",Phylloscopidae,Phylloscopus,proregulus,Species,M,Whole year,10
337,Hangzhou Botanical Garden,"Passer montanus (Linnaeus, 1758)",Passeridae,Passer,montanus,Species,R,Whole year,10
337,Hangzhou Botanical Garden,"Pycnonotus sinensis (Gmelin, 1789)",Pycnonotidae,Pycnonotus,sinensis,Species,R,Whole year,10
337,Hangzhou Botanical Garden,"Parus major (Linnaeus, 1758)",Paridae,Parus,major,Species,R,Whole year,10
337,Hangzhou Botanical Garden,"Turdus merula (Linnaeus, 1758)",Turdidae,Turdus,merula,Species,R,Whole year,10
337,Hangzhou Botanical Garden,"Motacilla alba (Linnaeus, 1758)",Motacillidae,Motacilla,alba,Species,R,Whole year,10
337,Hangzhou Botanical Garden,"Phylloscopus inornatus (Blyth, 1842)",Phylloscopidae,Phylloscopus,inornatus,Species,M,Whole year,10
337,Hangzhou Botanical Garden,"Tarsiger cyanurus (Pallas, 1773)",Muscicapidae,Tarsiger,cyanurus,Species,M,Whole year,10
337,Hangzhou Botanical Garden,"Turdus naumanni (Temminck, 1820)",Turdidae,Turdus,naumanni,Species,M,Whole year,10
337,Hangzhou Botanical Garden,"Stigmatopelia chinensis (Scopoli, 1768)",Columbidae,Stigmatopelia,chinensis,Species,R,Whole year,10
337,Hangzhou Botanical Garden,"Paradoxornis webbianus (Gould, 1852)",Paradoxornithidae,Paradoxornis,webbianus,Species,R,Whole year,10
337,Hangzhou Botanical Garden,"Hirundo rustica (Linnaeus, 1758)",Laridae,Hirundo,rustica,Species,M,Whole year,10
337,Hangzhou Botanical Garden,"Turdus hortulorum (P.L.Sclater, 1863)",Turdidae,Turdus,hortulorum,Species,M,Whole year,10
337,Hangzhou Botanical Garden,"Aegithalos concinnus (Gould, 1855)",Aegithalidae,Aegithalos,concinnus,Species,R,Whole year,10
337,Hangzhou Botanical Garden,"Phoenicurus auroreus (Pallas, 1776)",Muscicapidae,Phoenicurus,auroreus,Species,M,Whole year,10
337,Hangzhou Botanical Garden,"Zosterops japonicus (Temminck & Schlegel, 1845)",Zosteropidae,Zosterops,japonicus,Species,R,Whole year,10
337,Hangzhou Botanical Garden,"Eophona migratoria (Hartert, 1903)",Fringillidae,Eophona,migratoria,Species,M,Whole year,10
337,Hangzhou Botanical Garden,"Emberiza tristrami (Swinhoe, 1870)",Emberizidae,Emberiza,tristrami,Species,M,Whole year,10
337,Hangzhou Botanical Garden,"Anthus hodgsoni (Richmond, 1907)",Motacillidae,Anthus,hodgsoni,Species,M,Whole year,10
337,Hangzhou Botanical Garden,"Phylloscopus borealis (J.H.Blasius, 1858)",Phylloscopidae,Phylloscopus,borealis,Species,M,Whole year,10
337,Hangzhou Botanical Garden,"Urocissa erythrorhyncha (Boddaert, 1783)",Corvidae,Urocissa,erythrorhyncha,Species,R,Whole year,10
337,Hangzhou Botanical Garden,"Turdus pallidus (Gmelin, 1789)",Turdidae,Turdus,pallidus,Species,M,Whole year,10
337,Hangzhou Botanical Garden,"Parus venustulus (R. Swinhoe, 1870)",Paridae,Parus,venustulus,Species,R,Whole year,10
337,Hangzhou Botanical Garden,"Fringilla montifringilla (Linnaeus, 1758)",Fringillidae,Fringilla,montifringilla,Species,M,Whole year,10
337,Hangzhou Botanical Garden,"Ficedula zanthopygia (Hay, 1845)",Muscicapidae,Ficedula,zanthopygia,Species,M,Whole year,10
337,Hangzhou Botanical Garden,"Emberiza spodocephala (Pallas, 1776)",Emberizidae,Emberiza,spodocephala,Species,M,Whole year,10
337,Hangzhou Botanical Garden,"Lanius tigrinus (Drapiez, 1828)",Laniidae,Lanius,tigrinus,Species,M,Whole year,10
337,Hangzhou Botanical Garden,"Bradypterus luteoventris (Hodgson, 1845)",Muscicapidae,Bradypterus,luteoventris,Species,R,Whole year,10
337,Hangzhou Botanical Garden,"Cettia diphone (Kittlitz, 1830)",Cettiidae,Cettia,diphone,Species,M,Whole year,10
337,Hangzhou Botanical Garden,"Emberiza chrysophrys (Pallas, 1776)",Emberizidae,Emberiza,chrysophrys,Species,M,Whole year,10
337,Hangzhou Botanical Garden,"Zoothera dauma (Latham, 1790)",Turdidae,Zoothera,dauma,Species,M,Whole year,10
337,Hangzhou Botanical Garden,"Phylloscopus proregulus (Pallas, 1811)",Phylloscopidae,Phylloscopus,proregulus,Species,M,Whole year,10
337,Hangzhou Botanical Garden,"Emberiza rustica (Pallas, 1776)",Emberizidae,Emberiza,rustica,Species,M,Whole year,10
337,Hangzhou Botanical Garden,"Bambusicola thoracicus (Temminck, 1815)",Phasianidae,Bambusicola,thoracicus,Species,M,Whole year,10
337,Hangzhou Botanical Garden,"Emberiza elegans (Temminck, 1836)",Emberizidae,Emberiza,elegans,Species,M,Whole year,10
337,Hangzhou Botanical Garden,"Dendrocopos major (Linnaeus, 1758)",Picidae,Dendrocopos,major,Species,R,Whole year,10
337,Hangzhou Botanical Garden,"Dicrurus hottentottus (Linnaeus, 1766)",Dicruridae,Dicrurus,hottentottus,Species,M,Whole year,10
337,Hangzhou Botanical Garden,"Hypsipetes leucocephalus (Gmelin, 1789)",Pycnonotidae,Hypsipetes,leucocephalus,Species,R,Whole year,10
337,Hangzhou Botanical Garden,"Muscicapa dauurica (Pallas, 1811)",Muscicapidae,Muscicapa,dauurica,Species,M,Whole year,10
337,Hangzhou Botanical Garden,"Cettia fortipes (Hodgson, 1845)",Cettiidae,Cettia,fortipes,Species,R,Whole year,10
337,Hangzhou Botanical Garden,"Coccothraustes coccothraustes (Linnaeus, 1758)",Fringillidae,Coccothraustes,coccothraustes,Species,M,Whole year,10
337,Hangzhou Botanical Garden,"Corvus macrorhynchos (Wagler, 1827)",Corvidae,Corvus,macrorhynchos,Species,M,Whole year,10
337,Hangzhou Botanical Garden,"Falco tinnunculus (Linnaeus, 1758)",Falconidae,Falco,tinnunculus,Species,R,Whole year,10
337,Hangzhou Botanical Garden,"Motacilla flava (Linnaeus, 1758)",Motacillidae,Motacilla,flava,Species,M,Whole year,10
337,Hangzhou Botanical Garden,"Ficedula albicilla (Pallas, 1811)",Muscicapidae,Ficedula,albicilla,Species,M,Whole year,10
338,Hangzhou Henghe Park,"Passer montanus (Linnaeus, 1758)",Passeridae,Passer,montanus,Species,R,Whole year,10
338,Hangzhou Henghe Park,"Pycnonotus sinensis (Gmelin, 1789)",Pycnonotidae,Pycnonotus,sinensis,Species,R,Whole year,10
338,Hangzhou Henghe Park,"Parus major (Linnaeus, 1758)",Paridae,Parus,major,Species,R,Whole year,10
338,Hangzhou Henghe Park,"Motacilla alba (Linnaeus, 1758)",Motacillidae,Motacilla,alba,Species,R,Whole year,10
338,Hangzhou Henghe Park,"Phylloscopus inornatus (Blyth, 1842)",Phylloscopidae,Phylloscopus,inornatus,Species,M,Whole year,10
338,Hangzhou Henghe Park,"Turdus naumanni (Temminck, 1820)",Turdidae,Turdus,naumanni,Species,M,Whole year,10
338,Hangzhou Henghe Park,"Paradoxornis webbianus (Gould, 1852)",Paradoxornithidae,Paradoxornis,webbianus,Species,R,Whole year,10
338,Hangzhou Henghe Park,"Hirundo rustica (Linnaeus, 1758)",Laridae,Hirundo,rustica,Species,M,Whole year,10
339,Hangzhou Huagang Fish Watching,"Passer montanus (Linnaeus, 1758)",Passeridae,Passer,montanus,Species,R,Whole year,10
339,Hangzhou Huagang Fish Watching,"Pycnonotus sinensis (Gmelin, 1789)",Pycnonotidae,Pycnonotus,sinensis,Species,R,Whole year,10
339,Hangzhou Huagang Fish Watching,"Parus major (Linnaeus, 1758)",Paridae,Parus,major,Species,R,Whole year,10
339,Hangzhou Huagang Fish Watching,"Turdus merula (Linnaeus, 1758)",Turdidae,Turdus,merula,Species,R,Whole year,10
339,Hangzhou Huagang Fish Watching,"Motacilla alba (Linnaeus, 1758)",Motacillidae,Motacilla,alba,Species,R,Whole year,10
339,Hangzhou Huagang Fish Watching,"Phylloscopus inornatus (Blyth, 1842)",Phylloscopidae,Phylloscopus,inornatus,Species,M,Whole year,10
339,Hangzhou Huagang Fish Watching,"Tarsiger cyanurus (Pallas, 1773)",Muscicapidae,Tarsiger,cyanurus,Species,M,Whole year,10
339,Hangzhou Huagang Fish Watching,"Turdus naumanni (Temminck, 1820)",Turdidae,Turdus,naumanni,Species,M,Whole year,10
339,Hangzhou Huagang Fish Watching,"Stigmatopelia chinensis (Scopoli, 1768)",Columbidae,Stigmatopelia,chinensis,Species,R,Whole year,10
339,Hangzhou Huagang Fish Watching,"Paradoxornis webbianus (Gould, 1852)",Paradoxornithidae,Paradoxornis,webbianus,Species,R,Whole year,10
339,Hangzhou Huagang Fish Watching,"Hirundo rustica (Linnaeus, 1758)",Laridae,Hirundo,rustica,Species,M,Whole year,10
339,Hangzhou Huagang Fish Watching,"Turdus hortulorum (P.L.Sclater, 1863)",Turdidae,Turdus,hortulorum,Species,M,Whole year,10
339,Hangzhou Huagang Fish Watching,"Aegithalos concinnus (Gould, 1855)",Aegithalidae,Aegithalos,concinnus,Species,R,Whole year,10
339,Hangzhou Huagang Fish Watching,"Phoenicurus auroreus (Pallas, 1776)",Muscicapidae,Phoenicurus,auroreus,Species,M,Whole year,10
339,Hangzhou Huagang Fish Watching,"Zosterops japonicus (Temminck & Schlegel, 1845)",Zosteropidae,Zosterops,japonicus,Species,R,Whole year,10
339,Hangzhou Huagang Fish Watching,"Eophona migratoria (Hartert, 1903)",Fringillidae,Eophona,migratoria,Species,M,Whole year,10
339,Hangzhou Huagang Fish Watching,"Emberiza tristrami (Swinhoe, 1870)",Emberizidae,Emberiza,tristrami,Species,M,Whole year,10
339,Hangzhou Huagang Fish Watching,"Anthus hodgsoni (Richmond, 1907)",Motacillidae,Anthus,hodgsoni,Species,M,Whole year,10
339,Hangzhou Huagang Fish Watching,"Lanius schach (Linnaeus, 1758)",Laniidae,Lanius,schach,Species,R,Whole year,10
339,Hangzhou Huagang Fish Watching,"Urocissa erythrorhyncha (Boddaert, 1783)",Corvidae,Urocissa,erythrorhyncha,Species,R,Whole year,10
339,Hangzhou Huagang Fish Watching,"Parus venustulus (R. Swinhoe, 1870)",Paridae,Parus,venustulus,Species,R,Whole year,10
339,Hangzhou Huagang Fish Watching,"Fringilla montifringilla (Linnaeus, 1758)",Fringillidae,Fringilla,montifringilla,Species,M,Whole year,10
339,Hangzhou Huagang Fish Watching,"Ficedula zanthopygia (Hay, 1845)",Muscicapidae,Ficedula,zanthopygia,Species,M,Whole year,10
339,Hangzhou Huagang Fish Watching,"Emberiza spodocephala (Pallas, 1776)",Emberizidae,Emberiza,spodocephala,Species,M,Whole year,10
339,Hangzhou Huagang Fish Watching,"Copsychus saularis (Linnaeus, 1758)",Muscicapidae,Copsychus,saularis,Species,R,Whole year,10
339,Hangzhou Huagang Fish Watching,"Emberiza chrysophrys (Pallas, 1776)",Emberizidae,Emberiza,chrysophrys,Species,M,Whole year,10
339,Hangzhou Huagang Fish Watching,"Zoothera dauma (Latham, 1790)",Turdidae,Zoothera,dauma,Species,M,Whole year,10
339,Hangzhou Huagang Fish Watching,"Aegithalos caudatus (Linnaeus, 1758)",Aegithalidae,Aegithalos,caudatus,Species,R,Whole year,10
339,Hangzhou Huagang Fish Watching,"Bambusicola thoracicus (Temminck, 1815)",Phasianidae,Bambusicola,thoracicus,Species,M,Whole year,10
339,Hangzhou Huagang Fish Watching,"Phylloscopus fuscatus (Blyth, 1842)",Phylloscopidae,Phylloscopus,fuscatus,Species,M,Whole year,10
339,Hangzhou Huagang Fish Watching,"Sturnus cineraceus (Temminck, 1835)",Sturnidae,Sturnus,cineraceus,Species,M,Whole year,10
339,Hangzhou Huagang Fish Watching,"Ficedula narcissina (Temminck, 1836)",Muscicapidae,Ficedula,narcissina,Species,M,Whole year,10
339,Hangzhou Huagang Fish Watching,"Terpsiphone paradisi (Linnaeus, 1758)",Monarchidae,Terpsiphone,paradisi,Species,M,Whole year,10
339,Hangzhou Huagang Fish Watching,"Dicrurus leucophaeus (Vieillot, 1817)",Dicruridae,Dicrurus,leucophaeus,Species,M,Whole year,10
339,Hangzhou Huagang Fish Watching,"Milvus migrans (Boddaert, 1783)",Accipitridae,Milvus,migrans,Species,R,Whole year,10
340,Hangzhou Hupao Park,"Passer montanus (Linnaeus, 1758)",Passeridae,Passer,montanus,Species,R,Whole year,10
340,Hangzhou Hupao Park,"Pycnonotus sinensis (Gmelin, 1789)",Pycnonotidae,Pycnonotus,sinensis,Species,R,Whole year,10
340,Hangzhou Hupao Park,"Parus major (Linnaeus, 1758)",Paridae,Parus,major,Species,R,Whole year,10
340,Hangzhou Hupao Park,"Turdus merula (Linnaeus, 1758)",Turdidae,Turdus,merula,Species,R,Whole year,10
340,Hangzhou Hupao Park,"Phylloscopus inornatus (Blyth, 1842)",Phylloscopidae,Phylloscopus,inornatus,Species,M,Whole year,10
340,Hangzhou Hupao Park,"Tarsiger cyanurus (Pallas, 1773)",Muscicapidae,Tarsiger,cyanurus,Species,M,Whole year,10
340,Hangzhou Hupao Park,"Turdus naumanni (Temminck, 1820)",Turdidae,Turdus,naumanni,Species,M,Whole year,10
340,Hangzhou Hupao Park,"Hirundo rustica (Linnaeus, 1758)",Laridae,Hirundo,rustica,Species,M,Whole year,10
340,Hangzhou Hupao Park,"Aegithalos concinnus (Gould, 1855)",Aegithalidae,Aegithalos,concinnus,Species,R,Whole year,10
340,Hangzhou Hupao Park,"Anthus hodgsoni (Richmond, 1907)",Motacillidae,Anthus,hodgsoni,Species,M,Whole year,10
340,Hangzhou Hupao Park,"Emberiza tristrami (Swinhoe, 1870)",Emberizidae,Emberiza,tristrami,Species,M,Whole year,10
340,Hangzhou Hupao Park,"Urocissa erythrorhyncha (Boddaert, 1783)",Corvidae,Urocissa,erythrorhyncha,Species,R,Whole year,10
340,Hangzhou Hupao Park,"Turdus pallidus (Gmelin, 1789)",Turdidae,Turdus,pallidus,Species,M,Whole year,10
340,Hangzhou Hupao Park,"Parus venustulus (R. Swinhoe, 1870)",Paridae,Parus,venustulus,Species,R,Whole year,10
340,Hangzhou Hupao Park,"Fringilla montifringilla (Linnaeus, 1758)",Fringillidae,Fringilla,montifringilla,Species,M,Whole year,10
340,Hangzhou Hupao Park,"Zoothera dauma (Latham, 1790)",Turdidae,Zoothera,dauma,Species,M,Whole year,10
340,Hangzhou Hupao Park,"Hypsipetes leucocephalus (Gmelin, 1789)",Pycnonotidae,Hypsipetes,leucocephalus,Species,R,Whole year,10
340,Hangzhou Hupao Park,"Hypsipetes mcclellandii (Horsfield, 1840)",Pycnonotidae,Hypsipetes,mcclellandii,Species,R,Whole year,10
341,Hangzhou Huxin Pavilion,"Passer montanus (Linnaeus, 1758)",Passeridae,Passer,montanus,Species,R,Whole year,10
341,Hangzhou Huxin Pavilion,"Pycnonotus sinensis (Gmelin, 1789)",Pycnonotidae,Pycnonotus,sinensis,Species,R,Whole year,10
341,Hangzhou Huxin Pavilion,"Parus major (Linnaeus, 1758)",Paridae,Parus,major,Species,R,Whole year,10
341,Hangzhou Huxin Pavilion,"Motacilla alba (Linnaeus, 1758)",Motacillidae,Motacilla,alba,Species,R,Whole year,10
341,Hangzhou Huxin Pavilion,"Turdus naumanni (Temminck, 1820)",Turdidae,Turdus,naumanni,Species,M,Whole year,10
341,Hangzhou Huxin Pavilion,"Hirundo rustica (Linnaeus, 1758)",Laridae,Hirundo,rustica,Species,M,Whole year,10
341,Hangzhou Huxin Pavilion,"Turdus hortulorum (P.L.Sclater, 1863)",Turdidae,Turdus,hortulorum,Species,M,Whole year,10
342,Hangzhou Liulang Wenying,"Passer montanus (Linnaeus, 1758)",Passeridae,Passer,montanus,Species,R,Whole year,10
342,Hangzhou Liulang Wenying,"Pycnonotus sinensis (Gmelin, 1789)",Pycnonotidae,Pycnonotus,sinensis,Species,R,Whole year,10
342,Hangzhou Liulang Wenying,"Parus major (Linnaeus, 1758)",Paridae,Parus,major,Species,R,Whole year,10
342,Hangzhou Liulang Wenying,"Turdus merula (Linnaeus, 1758)",Turdidae,Turdus,merula,Species,R,Whole year,10
342,Hangzhou Liulang Wenying,"Motacilla alba (Linnaeus, 1758)",Motacillidae,Motacilla,alba,Species,R,Whole year,10
342,Hangzhou Liulang Wenying,"Phylloscopus inornatus (Blyth, 1842)",Phylloscopidae,Phylloscopus,inornatus,Species,M,Whole year,10
342,Hangzhou Liulang Wenying,"Tarsiger cyanurus (Pallas, 1773)",Muscicapidae,Tarsiger,cyanurus,Species,M,Whole year,10
342,Hangzhou Liulang Wenying,"Turdus naumanni (Temminck, 1820)",Turdidae,Turdus,naumanni,Species,M,Whole year,10
342,Hangzhou Liulang Wenying,"Stigmatopelia chinensis (Scopoli, 1768)",Columbidae,Stigmatopelia,chinensis,Species,R,Whole year,10
342,Hangzhou Liulang Wenying,"Paradoxornis webbianus (Gould, 1852)",Paradoxornithidae,Paradoxornis,webbianus,Species,R,Whole year,10
342,Hangzhou Liulang Wenying,"Hirundo rustica (Linnaeus, 1758)",Laridae,Hirundo,rustica,Species,M,Whole year,10
342,Hangzhou Liulang Wenying,"Turdus hortulorum (P.L.Sclater, 1863)",Turdidae,Turdus,hortulorum,Species,M,Whole year,10
342,Hangzhou Liulang Wenying,"Aegithalos concinnus (Gould, 1855)",Aegithalidae,Aegithalos,concinnus,Species,R,Whole year,10
342,Hangzhou Liulang Wenying,"Phoenicurus auroreus (Pallas, 1776)",Muscicapidae,Phoenicurus,auroreus,Species,M,Whole year,10
342,Hangzhou Liulang Wenying,"Zosterops japonicus (Temminck & Schlegel, 1845)",Zosteropidae,Zosterops,japonicus,Species,R,Whole year,10
342,Hangzhou Liulang Wenying,"Eophona migratoria (Hartert, 1903)",Fringillidae,Eophona,migratoria,Species,M,Whole year,10
342,Hangzhou Liulang Wenying,"Phylloscopus borealis (J.H.Blasius, 1858)",Phylloscopidae,Phylloscopus,borealis,Species,M,Whole year,10
342,Hangzhou Liulang Wenying,"Lanius schach (Linnaeus, 1758)",Laniidae,Lanius,schach,Species,R,Whole year,10
342,Hangzhou Liulang Wenying,"Urocissa erythrorhyncha (Boddaert, 1783)",Corvidae,Urocissa,erythrorhyncha,Species,R,Whole year,10
342,Hangzhou Liulang Wenying,"Fringilla montifringilla (Linnaeus, 1758)",Fringillidae,Fringilla,montifringilla,Species,M,Whole year,10
342,Hangzhou Liulang Wenying,"Pica pica (Linnaeus, 1758)",Corvidae,Pica,pica,Species,R,Whole year,10
342,Hangzhou Liulang Wenying,"Lanius tigrinus (Drapiez, 1828)",Laniidae,Lanius,tigrinus,Species,M,Whole year,10
342,Hangzhou Liulang Wenying,"Bradypterus luteoventris (Hodgson, 1845)",Muscicapidae,Bradypterus,luteoventris,Species,R,Whole year,10
342,Hangzhou Liulang Wenying,"Copsychus saularis (Linnaeus, 1758)",Muscicapidae,Copsychus,saularis,Species,R,Whole year,10
342,Hangzhou Liulang Wenying,"Zoothera dauma (Latham, 1790)",Turdidae,Zoothera,dauma,Species,M,Whole year,10
342,Hangzhou Liulang Wenying,"Phylloscopus proregulus (Pallas, 1811)",Phylloscopidae,Phylloscopus,proregulus,Species,M,Whole year,10
342,Hangzhou Liulang Wenying,"Aegithalos caudatus (Linnaeus, 1758)",Aegithalidae,Aegithalos,caudatus,Species,R,Whole year,10
342,Hangzhou Liulang Wenying,"Acridotheres cristatellus (Linnaeus, 1758)",Sturnidae,Acridotheres,cristatellus,Species,R,Whole year,10
342,Hangzhou Liulang Wenying,"Bambusicola thoracicus (Temminck, 1815)",Phasianidae,Bambusicola,thoracicus,Species,M,Whole year,10
342,Hangzhou Liulang Wenying,"Dendrocopos major (Linnaeus, 1758)",Picidae,Dendrocopos,major,Species,R,Whole year,10
342,Hangzhou Liulang Wenying,"Phylloscopus fuscatus (Blyth, 1842)",Phylloscopidae,Phylloscopus,fuscatus,Species,M,Whole year,10
342,Hangzhou Liulang Wenying,"Phylloscopus affinis (Tickell, 1833)",Phylloscopidae,Phylloscopus,affinis,Species,M,Whole year,10
342,Hangzhou Liulang Wenying,"Dendronanthus indicus (Gmelin, 1789)",Motacillidae,Dendronanthus,indicus,Species,M,Whole year,10
342,Hangzhou Liulang Wenying,"Phylloscopus reguloides (Blyth, 1842)",Phylloscopidae,Phylloscopus,reguloides,Species,M,Whole year,10
342,Hangzhou Liulang Wenying,"Sturnus nigricollis (Paykull, 1807)",Sturnidae,Sturnus,nigricollis,Species,M,Whole year,10
342,Hangzhou Liulang Wenying,"Sturnus sericeus (Gmelin, 1789)",Sturnidae,Sturnus,sericeus,Species,R,Whole year,10
343,Hangzhou Quyuan Wind Lotus,"Passer montanus (Linnaeus, 1758)",Passeridae,Passer,montanus,Species,R,Whole year,10
343,Hangzhou Quyuan Wind Lotus,"Pycnonotus sinensis (Gmelin, 1789)",Pycnonotidae,Pycnonotus,sinensis,Species,R,Whole year,10
343,Hangzhou Quyuan Wind Lotus,"Parus major (Linnaeus, 1758)",Paridae,Parus,major,Species,R,Whole year,10
343,Hangzhou Quyuan Wind Lotus,"Turdus merula (Linnaeus, 1758)",Turdidae,Turdus,merula,Species,R,Whole year,10
343,Hangzhou Quyuan Wind Lotus,"Motacilla alba (Linnaeus, 1758)",Motacillidae,Motacilla,alba,Species,R,Whole year,10
343,Hangzhou Quyuan Wind Lotus,"Phylloscopus inornatus (Blyth, 1842)",Phylloscopidae,Phylloscopus,inornatus,Species,M,Whole year,10
343,Hangzhou Quyuan Wind Lotus,"Tarsiger cyanurus (Pallas, 1773)",Muscicapidae,Tarsiger,cyanurus,Species,M,Whole year,10
343,Hangzhou Quyuan Wind Lotus,"Turdus naumanni (Temminck, 1820)",Turdidae,Turdus,naumanni,Species,M,Whole year,10
343,Hangzhou Quyuan Wind Lotus,"Stigmatopelia chinensis (Scopoli, 1768)",Columbidae,Stigmatopelia,chinensis,Species,R,Whole year,10
343,Hangzhou Quyuan Wind Lotus,"Paradoxornis webbianus (Gould, 1852)",Paradoxornithidae,Paradoxornis,webbianus,Species,R,Whole year,10
343,Hangzhou Quyuan Wind Lotus,"Hirundo rustica (Linnaeus, 1758)",Laridae,Hirundo,rustica,Species,M,Whole year,10
343,Hangzhou Quyuan Wind Lotus,"Turdus hortulorum (P.L.Sclater, 1863)",Turdidae,Turdus,hortulorum,Species,M,Whole year,10
343,Hangzhou Quyuan Wind Lotus,"Aegithalos concinnus (Gould, 1855)",Aegithalidae,Aegithalos,concinnus,Species,R,Whole year,10
343,Hangzhou Quyuan Wind Lotus,"Phoenicurus auroreus (Pallas, 1776)",Muscicapidae,Phoenicurus,auroreus,Species,M,Whole year,10
343,Hangzhou Quyuan Wind Lotus,"Zosterops japonicus (Temminck & Schlegel, 1845)",Zosteropidae,Zosterops,japonicus,Species,R,Whole year,10
343,Hangzhou Quyuan Wind Lotus,"Emberiza tristrami (Swinhoe, 1870)",Emberizidae,Emberiza,tristrami,Species,M,Whole year,10
343,Hangzhou Quyuan Wind Lotus,"Anthus hodgsoni (Richmond, 1907)",Motacillidae,Anthus,hodgsoni,Species,M,Whole year,10
343,Hangzhou Quyuan Wind Lotus,"Phylloscopus borealis (J.H.Blasius, 1858)",Phylloscopidae,Phylloscopus,borealis,Species,M,Whole year,10
343,Hangzhou Quyuan Wind Lotus,"Urocissa erythrorhyncha (Boddaert, 1783)",Corvidae,Urocissa,erythrorhyncha,Species,R,Whole year,10
343,Hangzhou Quyuan Wind Lotus,"Turdus pallidus (Gmelin, 1789)",Turdidae,Turdus,pallidus,Species,M,Whole year,10
343,Hangzhou Quyuan Wind Lotus,"Parus venustulus (R. Swinhoe, 1870)",Paridae,Parus,venustulus,Species,R,Whole year,10
343,Hangzhou Quyuan Wind Lotus,"Pica pica (Linnaeus, 1758)",Corvidae,Pica,pica,Species,R,Whole year,10
343,Hangzhou Quyuan Wind Lotus,"Ficedula zanthopygia (Hay, 1845)",Muscicapidae,Ficedula,zanthopygia,Species,M,Whole year,10
343,Hangzhou Quyuan Wind Lotus,"Emberiza spodocephala (Pallas, 1776)",Emberizidae,Emberiza,spodocephala,Species,M,Whole year,10
343,Hangzhou Quyuan Wind Lotus,"Bradypterus luteoventris (Hodgson, 1845)",Muscicapidae,Bradypterus,luteoventris,Species,R,Whole year,10
343,Hangzhou Quyuan Wind Lotus,"Copsychus saularis (Linnaeus, 1758)",Muscicapidae,Copsychus,saularis,Species,R,Whole year,10
343,Hangzhou Quyuan Wind Lotus,"Emberiza chrysophrys (Pallas, 1776)",Emberizidae,Emberiza,chrysophrys,Species,M,Whole year,10
343,Hangzhou Quyuan Wind Lotus,"Phylloscopus proregulus (Pallas, 1811)",Phylloscopidae,Phylloscopus,proregulus,Species,M,Whole year,10
343,Hangzhou Quyuan Wind Lotus,"Aegithalos caudatus (Linnaeus, 1758)",Aegithalidae,Aegithalos,caudatus,Species,R,Whole year,10
343,Hangzhou Quyuan Wind Lotus,"Emberiza pusilla (Pallas, 1776)",Emberizidae,Emberiza,pusilla,Species,M,Whole year,10
343,Hangzhou Quyuan Wind Lotus,"Dendrocopos major (Linnaeus, 1758)",Picidae,Dendrocopos,major,Species,R,Whole year,10
343,Hangzhou Quyuan Wind Lotus,"Motacilla cinerea (Tunstall, 1771)",Motacillidae,Motacilla,cinerea,Species,M,Whole year,10
343,Hangzhou Quyuan Wind Lotus,"Phylloscopus fuscatus (Blyth, 1842)",Phylloscopidae,Phylloscopus,fuscatus,Species,M,Whole year,10
343,Hangzhou Quyuan Wind Lotus,"Dicrurus hottentottus (Linnaeus, 1766)",Dicruridae,Dicrurus,hottentottus,Species,M,Whole year,10
343,Hangzhou Quyuan Wind Lotus,"Muscicapa dauurica (Pallas, 1811)",Muscicapidae,Muscicapa,dauurica,Species,M,Whole year,10
343,Hangzhou Quyuan Wind Lotus,"Sturnus cineraceus (Temminck, 1835)",Sturnidae,Sturnus,cineraceus,Species,M,Whole year,10
343,Hangzhou Quyuan Wind Lotus,"Nycticorax nycticorax (Linnaeus, 1758)",Ardeidae,Nycticorax,nycticorax,Species,R,Whole year,10
343,Hangzhou Quyuan Wind Lotus,"Ficedula narcissina (Temminck, 1836)",Muscicapidae,Ficedula,narcissina,Species,M,Whole year,10
343,Hangzhou Quyuan Wind Lotus,"Corvus macrorhynchos (Wagler, 1827)",Corvidae,Corvus,macrorhynchos,Species,M,Whole year,10
343,Hangzhou Quyuan Wind Lotus,"Rhyacornis fuliginosa (Vigors, 1831)",Muscicapidae,Rhyacornis,fuliginosa,Species,M,Whole year,10
343,Hangzhou Quyuan Wind Lotus,"Alcedo atthis (Linnaeus, 1758)",Alcedinidae,Alcedo,atthis,Species,R,Whole year,10
344,Hangzhou Santan Yingyue,"Passer montanus (Linnaeus, 1758)",Passeridae,Passer,montanus,Species,R,Whole year,10
344,Hangzhou Santan Yingyue,"Pycnonotus sinensis (Gmelin, 1789)",Pycnonotidae,Pycnonotus,sinensis,Species,R,Whole year,10
344,Hangzhou Santan Yingyue,"Parus major (Linnaeus, 1758)",Paridae,Parus,major,Species,R,Whole year,10
344,Hangzhou Santan Yingyue,"Turdus merula (Linnaeus, 1758)",Turdidae,Turdus,merula,Species,R,Whole year,10
344,Hangzhou Santan Yingyue,"Motacilla alba (Linnaeus, 1758)",Motacillidae,Motacilla,alba,Species,R,Whole year,10
344,Hangzhou Santan Yingyue,"Phylloscopus inornatus (Blyth, 1842)",Phylloscopidae,Phylloscopus,inornatus,Species,M,Whole year,10
344,Hangzhou Santan Yingyue,"Tarsiger cyanurus (Pallas, 1773)",Muscicapidae,Tarsiger,cyanurus,Species,M,Whole year,10
344,Hangzhou Santan Yingyue,"Turdus naumanni (Temminck, 1820)",Turdidae,Turdus,naumanni,Species,M,Whole year,10
344,Hangzhou Santan Yingyue,"Stigmatopelia chinensis (Scopoli, 1768)",Columbidae,Stigmatopelia,chinensis,Species,R,Whole year,10
344,Hangzhou Santan Yingyue,"Paradoxornis webbianus (Gould, 1852)",Paradoxornithidae,Paradoxornis,webbianus,Species,R,Whole year,10
344,Hangzhou Santan Yingyue,"Hirundo rustica (Linnaeus, 1758)",Laridae,Hirundo,rustica,Species,M,Whole year,10
344,Hangzhou Santan Yingyue,"Turdus hortulorum (P.L.Sclater, 1863)",Turdidae,Turdus,hortulorum,Species,M,Whole year,10
344,Hangzhou Santan Yingyue,"Aegithalos concinnus (Gould, 1855)",Aegithalidae,Aegithalos,concinnus,Species,R,Whole year,10
344,Hangzhou Santan Yingyue,"Phoenicurus auroreus (Pallas, 1776)",Muscicapidae,Phoenicurus,auroreus,Species,M,Whole year,10
344,Hangzhou Santan Yingyue,"Zosterops japonicus (Temminck & Schlegel, 1845)",Zosteropidae,Zosterops,japonicus,Species,R,Whole year,10
344,Hangzhou Santan Yingyue,"Eophona migratoria (Hartert, 1903)",Fringillidae,Eophona,migratoria,Species,M,Whole year,10
344,Hangzhou Santan Yingyue,"Lanius schach (Linnaeus, 1758)",Laniidae,Lanius,schach,Species,R,Whole year,10
344,Hangzhou Santan Yingyue,"Pica pica (Linnaeus, 1758)",Corvidae,Pica,pica,Species,R,Whole year,10
344,Hangzhou Santan Yingyue,"Ficedula zanthopygia (Hay, 1845)",Muscicapidae,Ficedula,zanthopygia,Species,M,Whole year,10
344,Hangzhou Santan Yingyue,"Cettia diphone (Kittlitz, 1830)",Cettiidae,Cettia,diphone,Species,M,Whole year,10
345,Hangzhou Senior Park,"Passer montanus (Linnaeus, 1758)",Passeridae,Passer,montanus,Species,R,Whole year,10
345,Hangzhou Senior Park,"Pycnonotus sinensis (Gmelin, 1789)",Pycnonotidae,Pycnonotus,sinensis,Species,R,Whole year,10
345,Hangzhou Senior Park,"Parus major (Linnaeus, 1758)",Paridae,Parus,major,Species,R,Whole year,10
345,Hangzhou Senior Park,"Turdus merula (Linnaeus, 1758)",Turdidae,Turdus,merula,Species,R,Whole year,10
345,Hangzhou Senior Park,"Motacilla alba (Linnaeus, 1758)",Motacillidae,Motacilla,alba,Species,R,Whole year,10
345,Hangzhou Senior Park,"Phylloscopus inornatus (Blyth, 1842)",Phylloscopidae,Phylloscopus,inornatus,Species,M,Whole year,10
345,Hangzhou Senior Park,"Tarsiger cyanurus (Pallas, 1773)",Muscicapidae,Tarsiger,cyanurus,Species,M,Whole year,10
345,Hangzhou Senior Park,"Turdus naumanni (Temminck, 1820)",Turdidae,Turdus,naumanni,Species,M,Whole year,10
345,Hangzhou Senior Park,"Stigmatopelia chinensis (Scopoli, 1768)",Columbidae,Stigmatopelia,chinensis,Species,R,Whole year,10
345,Hangzhou Senior Park,"Hirundo rustica (Linnaeus, 1758)",Laridae,Hirundo,rustica,Species,M,Whole year,10
345,Hangzhou Senior Park,"Aegithalos concinnus (Gould, 1855)",Aegithalidae,Aegithalos,concinnus,Species,R,Whole year,10
345,Hangzhou Senior Park,"Zosterops japonicus (Temminck & Schlegel, 1845)",Zosteropidae,Zosterops,japonicus,Species,R,Whole year,10
345,Hangzhou Senior Park,"Eophona migratoria (Hartert, 1903)",Fringillidae,Eophona,migratoria,Species,M,Whole year,10
345,Hangzhou Senior Park,"Phylloscopus borealis (J.H.Blasius, 1858)",Phylloscopidae,Phylloscopus,borealis,Species,M,Whole year,10
345,Hangzhou Senior Park,"Urocissa erythrorhyncha (Boddaert, 1783)",Corvidae,Urocissa,erythrorhyncha,Species,R,Whole year,10
345,Hangzhou Senior Park,"Pica pica (Linnaeus, 1758)",Corvidae,Pica,pica,Species,R,Whole year,10
345,Hangzhou Senior Park,"Acridotheres cristatellus (Linnaeus, 1758)",Sturnidae,Acridotheres,cristatellus,Species,R,Whole year,10
345,Hangzhou Senior Park,"Phylloscopus fuscatus (Blyth, 1842)",Phylloscopidae,Phylloscopus,fuscatus,Species,M,Whole year,10
345,Hangzhou Senior Park,"Phylloscopus affinis (Tickell, 1833)",Phylloscopidae,Phylloscopus,affinis,Species,M,Whole year,10
345,Hangzhou Senior Park,"Dendronanthus indicus (Gmelin, 1789)",Motacillidae,Dendronanthus,indicus,Species,M,Whole year,10
345,Hangzhou Senior Park,"Phylloscopus reguloides (Blyth, 1842)",Phylloscopidae,Phylloscopus,reguloides,Species,M,Whole year,10
346,Hangzhou Shuyuan,"Passer montanus (Linnaeus, 1758)",Passeridae,Passer,montanus,Species,R,Whole year,10
346,Hangzhou Shuyuan,"Pycnonotus sinensis (Gmelin, 1789)",Pycnonotidae,Pycnonotus,sinensis,Species,R,Whole year,10
346,Hangzhou Shuyuan,"Parus major (Linnaeus, 1758)",Paridae,Parus,major,Species,R,Whole year,10
346,Hangzhou Shuyuan,"Turdus merula (Linnaeus, 1758)",Turdidae,Turdus,merula,Species,R,Whole year,10
346,Hangzhou Shuyuan,"Motacilla alba (Linnaeus, 1758)",Motacillidae,Motacilla,alba,Species,R,Whole year,10
346,Hangzhou Shuyuan,"Tarsiger cyanurus (Pallas, 1773)",Muscicapidae,Tarsiger,cyanurus,Species,M,Whole year,10
346,Hangzhou Shuyuan,"Turdus naumanni (Temminck, 1820)",Turdidae,Turdus,naumanni,Species,M,Whole year,10
346,Hangzhou Shuyuan,"Stigmatopelia chinensis (Scopoli, 1768)",Columbidae,Stigmatopelia,chinensis,Species,R,Whole year,10
346,Hangzhou Shuyuan,"Hirundo rustica (Linnaeus, 1758)",Laridae,Hirundo,rustica,Species,M,Whole year,10
346,Hangzhou Shuyuan,"Turdus hortulorum (P.L.Sclater, 1863)",Turdidae,Turdus,hortulorum,Species,M,Whole year,10
346,Hangzhou Shuyuan,"Phoenicurus auroreus (Pallas, 1776)",Muscicapidae,Phoenicurus,auroreus,Species,M,Whole year,10
346,Hangzhou Shuyuan,"Eophona migratoria (Hartert, 1903)",Fringillidae,Eophona,migratoria,Species,M,Whole year,10
346,Hangzhou Shuyuan,"Copsychus saularis (Linnaeus, 1758)",Muscicapidae,Copsychus,saularis,Species,R,Whole year,10
346,Hangzhou Shuyuan,"Sturnus cineraceus (Temminck, 1835)",Sturnidae,Sturnus,cineraceus,Species,M,Whole year,10
346,Hangzhou Shuyuan,"Lonchura striata (Linnaeus, 1766)",Estrildidae,Lonchura,striata,Species,R,Whole year,10
347,Hangzhou Zhaohui Park,"Passer montanus (Linnaeus, 1758)",Passeridae,Passer,montanus,Species,R,Whole year,10
347,Hangzhou Zhaohui Park,"Pycnonotus sinensis (Gmelin, 1789)",Pycnonotidae,Pycnonotus,sinensis,Species,R,Whole year,10
347,Hangzhou Zhaohui Park,"Parus major (Linnaeus, 1758)",Paridae,Parus,major,Species,R,Whole year,10
347,Hangzhou Zhaohui Park,"Turdus merula (Linnaeus, 1758)",Turdidae,Turdus,merula,Species,R,Whole year,10
347,Hangzhou Zhaohui Park,"Motacilla alba (Linnaeus, 1758)",Motacillidae,Motacilla,alba,Species,R,Whole year,10
347,Hangzhou Zhaohui Park,"Phylloscopus inornatus (Blyth, 1842)",Phylloscopidae,Phylloscopus,inornatus,Species,M,Whole year,10
347,Hangzhou Zhaohui Park,"Tarsiger cyanurus (Pallas, 1773)",Muscicapidae,Tarsiger,cyanurus,Species,M,Whole year,10
347,Hangzhou Zhaohui Park,"Turdus naumanni (Temminck, 1820)",Turdidae,Turdus,naumanni,Species,M,Whole year,10
347,Hangzhou Zhaohui Park,"Stigmatopelia chinensis (Scopoli, 1768)",Columbidae,Stigmatopelia,chinensis,Species,R,Whole year,10
347,Hangzhou Zhaohui Park,"Paradoxornis webbianus (Gould, 1852)",Paradoxornithidae,Paradoxornis,webbianus,Species,R,Whole year,10
347,Hangzhou Zhaohui Park,"Hirundo rustica (Linnaeus, 1758)",Laridae,Hirundo,rustica,Species,M,Whole year,10
347,Hangzhou Zhaohui Park,"Turdus hortulorum (P.L.Sclater, 1863)",Turdidae,Turdus,hortulorum,Species,M,Whole year,10
347,Hangzhou Zhaohui Park,"Aegithalos concinnus (Gould, 1855)",Aegithalidae,Aegithalos,concinnus,Species,R,Whole year,10
347,Hangzhou Zhaohui Park,"Anthus hodgsoni (Richmond, 1907)",Motacillidae,Anthus,hodgsoni,Species,M,Whole year,10
347,Hangzhou Zhaohui Park,"Phylloscopus borealis (J.H.Blasius, 1858)",Phylloscopidae,Phylloscopus,borealis,Species,M,Whole year,10
347,Hangzhou Zhaohui Park,"Lanius schach (Linnaeus, 1758)",Laniidae,Lanius,schach,Species,R,Whole year,10
347,Hangzhou Zhaohui Park,"Phylloscopus affinis (Tickell, 1833)",Phylloscopidae,Phylloscopus,affinis,Species,M,Whole year,10
348,Hangzhou Zoo,"Passer montanus (Linnaeus, 1758)",Passeridae,Passer,montanus,Species,R,Whole year,10
348,Hangzhou Zoo,"Pycnonotus sinensis (Gmelin, 1789)",Pycnonotidae,Pycnonotus,sinensis,Species,R,Whole year,10
348,Hangzhou Zoo,"Parus major (Linnaeus, 1758)",Paridae,Parus,major,Species,R,Whole year,10
348,Hangzhou Zoo,"Turdus merula (Linnaeus, 1758)",Turdidae,Turdus,merula,Species,R,Whole year,10
348,Hangzhou Zoo,"Motacilla alba (Linnaeus, 1758)",Motacillidae,Motacilla,alba,Species,R,Whole year,10
348,Hangzhou Zoo,"Phylloscopus inornatus (Blyth, 1842)",Phylloscopidae,Phylloscopus,inornatus,Species,M,Whole year,10
348,Hangzhou Zoo,"Tarsiger cyanurus (Pallas, 1773)",Muscicapidae,Tarsiger,cyanurus,Species,M,Whole year,10
348,Hangzhou Zoo,"Turdus naumanni (Temminck, 1820)",Turdidae,Turdus,naumanni,Species,M,Whole year,10
348,Hangzhou Zoo,"Paradoxornis webbianus (Gould, 1852)",Paradoxornithidae,Paradoxornis,webbianus,Species,R,Whole year,10
348,Hangzhou Zoo,"Turdus hortulorum (P.L.Sclater, 1863)",Turdidae,Turdus,hortulorum,Species,M,Whole year,10
348,Hangzhou Zoo,"Aegithalos concinnus (Gould, 1855)",Aegithalidae,Aegithalos,concinnus,Species,R,Whole year,10
348,Hangzhou Zoo,"Zosterops japonicus (Temminck & Schlegel, 1845)",Zosteropidae,Zosterops,japonicus,Species,R,Whole year,10
348,Hangzhou Zoo,"Eophona migratoria (Hartert, 1903)",Fringillidae,Eophona,migratoria,Species,M,Whole year,10
348,Hangzhou Zoo,"Emberiza tristrami (Swinhoe, 1870)",Emberizidae,Emberiza,tristrami,Species,M,Whole year,10
348,Hangzhou Zoo,"Anthus hodgsoni (Richmond, 1907)",Motacillidae,Anthus,hodgsoni,Species,M,Whole year,10
348,Hangzhou Zoo,"Urocissa erythrorhyncha (Boddaert, 1783)",Corvidae,Urocissa,erythrorhyncha,Species,R,Whole year,10
348,Hangzhou Zoo,"Parus venustulus (R. Swinhoe, 1870)",Paridae,Parus,venustulus,Species,R,Whole year,10
348,Hangzhou Zoo,"Acridotheres cristatellus (Linnaeus, 1758)",Sturnidae,Acridotheres,cristatellus,Species,R,Whole year,10
348,Hangzhou Zoo,"Rhyacornis fuliginosa (Vigors, 1831)",Muscicapidae,Rhyacornis,fuliginosa,Species,M,Whole year,10
349,Hohhot Arboretum,"Phasianus colchicus (Linnaeus, 1758)",Jacanidae,Phasianus,colchicus,Species,R,Whole year,261
349,Hohhot Arboretum,"Streptopelia decaocto (Frivaldszky, 1838)",Columbidae,Streptopelia,decaocto,Species,R,Whole year,261
349,Hohhot Arboretum,"Stigmatopelia chinensis (Scopoli, 1768)",Columbidae,Stigmatopelia,chinensis,Species,R,Whole year,261
349,Hohhot Arboretum,"Upupa epops (Linnaeus, 1758)",Upupidae,Upupa,epops,Species,M,Whole year,261
349,Hohhot Arboretum,"Dendrocopos major (Linnaeus, 1758)",Picidae,Dendrocopos,major,Species,R,Whole year,261
349,Hohhot Arboretum,"Hirundo rustica (Linnaeus, 1758)",Laridae,Hirundo,rustica,Species,M,Whole year,261
349,Hohhot Arboretum,"Lanius cristatus (Linnaeus, 1758)",Laniidae,Lanius,cristatus,Species,M,Whole year,261
349,Hohhot Arboretum,"Pica pica (Linnaeus, 1758)",Corvidae,Pica,pica,Species,R,Whole year,261
349,Hohhot Arboretum,"Cyanopica cyanus (Pallas, 1776)",Corvidae,Cyanopica,cyanus,Species,M,Whole year,261
349,Hohhot Arboretum,"Turdus ruficollis (Pallas, 1776)",Turdidae,Turdus,ruficollis,Species,M,Whole year,261
349,Hohhot Arboretum,"Passer montanus (Linnaeus, 1758)",Passeridae,Passer,montanus,Species,R,Whole year,261
349,Hohhot Arboretum,"Carduelis sinica (Linnaeus, 1766)",Fringillidae,Carduelis,sinica,Species,R,Whole year,261
350,Hohhot Botanical Garden,"Streptopelia decaocto (Frivaldszky, 1838)",Columbidae,Streptopelia,decaocto,Species,R,Whole year,261
350,Hohhot Botanical Garden,"Stigmatopelia chinensis (Scopoli, 1768)",Columbidae,Stigmatopelia,chinensis,Species,R,Whole year,261
350,Hohhot Botanical Garden,"Apus apus (Linnaeus, 1758)",Apodidae,Apus,apus,Species,M,Whole year,261
350,Hohhot Botanical Garden,"Dendrocopos major (Linnaeus, 1758)",Picidae,Dendrocopos,major,Species,R,Whole year,261
350,Hohhot Botanical Garden,"Hirundo rustica (Linnaeus, 1758)",Laridae,Hirundo,rustica,Species,M,Whole year,261
350,Hohhot Botanical Garden,"Anthus hodgsoni (Richmond, 1907)",Motacillidae,Anthus,hodgsoni,Species,M,Whole year,261
350,Hohhot Botanical Garden,"Sturnus cineraceus (Temminck, 1835)",Sturnidae,Sturnus,cineraceus,Species,M,Whole year,261
350,Hohhot Botanical Garden,"Pica pica (Linnaeus, 1758)",Corvidae,Pica,pica,Species,R,Whole year,261
350,Hohhot Botanical Garden,"Turdus ruficollis (Pallas, 1776)",Turdidae,Turdus,ruficollis,Species,M,Whole year,261
350,Hohhot Botanical Garden,"Turdus obscurus (Gmelin, 1789)",Turdidae,Turdus,obscurus,Species,M,Whole year,261
350,Hohhot Botanical Garden,"Phoenicurus auroreus (Pallas, 1776)",Muscicapidae,Phoenicurus,auroreus,Species,M,Whole year,261
350,Hohhot Botanical Garden,"Rhopophilus pekinensis (Swinhoe, 1868)",Muscicapidae,Rhopophilus,pekinensis,Species,M,Whole year,261
350,Hohhot Botanical Garden,"Parus montanus (Baldenstein, 1827)",Paridae,Parus,montanus,Species,R,Whole year,261
350,Hohhot Botanical Garden,"Passer montanus (Linnaeus, 1758)",Passeridae,Passer,montanus,Species,R,Whole year,261
350,Hohhot Botanical Garden,"Fringilla montifringilla (Linnaeus, 1758)",Fringillidae,Fringilla,montifringilla,Species,M,Whole year,261
350,Hohhot Botanical Garden,"Carduelis sinica (Linnaeus, 1766)",Fringillidae,Carduelis,sinica,Species,R,Whole year,261
350,Hohhot Botanical Garden,"Carpodacus erythrinus (Pallas, 1770)",Fringillidae,Carpodacus,erythrinus,Species,M,Whole year,261
350,Hohhot Botanical Garden,"Coccothraustes coccothraustes (Linnaeus, 1758)",Fringillidae,Coccothraustes,coccothraustes,Species,M,Whole year,261
351,Hohhot Manduhai Park,"Streptopelia decaocto (Frivaldszky, 1838)",Columbidae,Streptopelia,decaocto,Species,R,Whole year,261
351,Hohhot Manduhai Park,"Apus apus (Linnaeus, 1758)",Apodidae,Apus,apus,Species,M,Whole year,261
351,Hohhot Manduhai Park,"Dendrocopos major (Linnaeus, 1758)",Picidae,Dendrocopos,major,Species,R,Whole year,261
351,Hohhot Manduhai Park,"Hirundo rustica (Linnaeus, 1758)",Laridae,Hirundo,rustica,Species,M,Whole year,261
351,Hohhot Manduhai Park,"Pica pica (Linnaeus, 1758)",Corvidae,Pica,pica,Species,R,Whole year,261
351,Hohhot Manduhai Park,"Parus major (Linnaeus, 1758)",Paridae,Parus,major,Species,R,Whole year,261
351,Hohhot Manduhai Park,"Passer montanus (Linnaeus, 1758)",Passeridae,Passer,montanus,Species,R,Whole year,261
351,Hohhot Manduhai Park,"Carduelis sinica (Linnaeus, 1766)",Fringillidae,Carduelis,sinica,Species,R,Whole year,261
351,Hohhot Manduhai Park,"Passer domesticus (Linnaeus, 1758)",Passeridae,Passer,domesticus,Species,M,Whole year,261
351,Hohhot Manduhai Park,"Streptopelia chinensis (Scopoli, 1786)",Columbidae,Streptopelia,chinensis,Species,R,Whole year,261
351,Hohhot Manduhai Park,"Columba livia domestica (Gmelin, 1789)",Columbidae,Columba,livia,Species,M,Whole year,261
352,Hohhot Nanhu Wetland Park,"Tachybaptus ruficollis (Pallas, 1764)",Podicipedidae,Tachybaptus,ruficollis,Species,M,Whole year,202
352,Hohhot Nanhu Wetland Park,"Podiceps cristatus (Linnaeus, 1758)",Podicipedidae,Podiceps,cristatus,Species,M,Whole year,202
352,Hohhot Nanhu Wetland Park,"Phalacrocorax carbo (Linnaeus, 1758)",Phalacrocoracidae,Phalacrocorax,carbo,Species,M,Whole year,202
352,Hohhot Nanhu Wetland Park,"Ardea cinerea (Linnaeus, 1758)",Ardeidae,Ardea,cinerea,Species,M,Whole year,202
352,Hohhot Nanhu Wetland Park,"Ardea purpurea (Linnaeus, 1766)",Ardeidae,Ardea,purpurea,Species,M,Whole year,202
352,Hohhot Nanhu Wetland Park,"Bubulcus ibis (Linnaeus, 1758)",Ardeidae,Bubulcus,ibis,Species,M,Whole year,202
352,Hohhot Nanhu Wetland Park,"Ardeola bacchus (Bonaparte, 1855)",Ardeidae,Ardeola,bacchus,Species,M,Whole year,202
352,Hohhot Nanhu Wetland Park,"Nycticorax nycticorax (Linnaeus, 1758)",Ardeidae,Nycticorax,nycticorax,Species,M,Whole year,202
352,Hohhot Nanhu Wetland Park,"Ixobrychus sinensis (Gmelin, 1789)",Ardeidae,Ixobrychus,sinensis,Species,M,Whole year,202
352,Hohhot Nanhu Wetland Park,"Botaurus stellaris (Linnaeus, 1758)",Ardeidae,Botaurus,stellaris,Species,M,Whole year,202
352,Hohhot Nanhu Wetland Park,"Ciconia nigra (Linnaeus, 1758)",Ciconiidae,Ciconia,nigra,Species,M,Whole year,202
352,Hohhot Nanhu Wetland Park,"Cygnus columbianus (Ord, 1815)",Anatidae,Cygnus,columbianus,Species,M,Whole year,202
352,Hohhot Nanhu Wetland Park,"Anser anser (Linnaeus, 1758)",Anatidae,Anser,anser,Species,M,Whole year,202
352,Hohhot Nanhu Wetland Park,"Tadorna ferruginea (Pallas, 1764)",Laridae,Tadorna,ferruginea,Species,M,Whole year,202
352,Hohhot Nanhu Wetland Park,"Anas penelope (Linnaeus, 1758)",Anatidae,Anas,penelope,Species,M,Whole year,202
352,Hohhot Nanhu Wetland Park,"Anas strepera (Linnaeus, 1758)",Anatidae,Anas,strepera,Species,M,Whole year,202
352,Hohhot Nanhu Wetland Park,"Anas crecca (Linnaeus, 1758)",Anatidae,Anas,crecca,Species,M,Whole year,202
352,Hohhot Nanhu Wetland Park,"Anas platyrhynchos (Linnaeus, 1758)",Anatidae,Anas,platyrhynchos,Species,M,Whole year,202
352,Hohhot Nanhu Wetland Park,"Anas poecilorhyncha (J.R.Forster, 1781)",Anatidae,Anas,poecilorhyncha,Species,M,Whole year,202
352,Hohhot Nanhu Wetland Park,"Anas querquedula (Linnaeus, 1758)",Anatidae,Anas,querquedula,Species,M,Whole year,202
352,Hohhot Nanhu Wetland Park,"Anas clypeata (Linnaeus, 1758)",Anatidae,Anas,clypeata,Species,M,Whole year,202
352,Hohhot Nanhu Wetland Park,"Netta rufina (Pallas, 1773)",Anatidae,Netta,rufina,Species,M,Whole year,202
352,Hohhot Nanhu Wetland Park,"Aythya nyroca (Guldenstadt, 1770)",Anatidae,Aythya,nyroca,Species,M,Whole year,202
352,Hohhot Nanhu Wetland Park,"Mergellus albellus (Linnaeus, 1758)",Anatidae,Mergellus,albellus,Species,M,Whole year,202
352,Hohhot Nanhu Wetland Park,"Mergus merganser (Linnaeus, 1758)",Anatidae,Mergus,merganser,Species,M,Whole year,202
352,Hohhot Nanhu Wetland Park,"Accipiter gularis (Temminck & Schlegel, 1844)",Accipitridae,Accipiter,gularis,Species,M,Whole year,202
352,Hohhot Nanhu Wetland Park,"Falco tinnunculus (Linnaeus, 1758)",Falconidae,Falco,tinnunculus,Species,R,Whole year,202
352,Hohhot Nanhu Wetland Park,"Falco amurensis (Radde, 1863)",Falconidae,Falco,amurensis,Species,M,Whole year,202
352,Hohhot Nanhu Wetland Park,"Falco subbuteo (Linnaeus, 1758)",Falconidae,Falco,subbuteo,Species,M,Whole year,202
352,Hohhot Nanhu Wetland Park,"Phasianus colchicus (Linnaeus, 1758)",Jacanidae,Phasianus,colchicus,Species,R,Whole year,202
352,Hohhot Nanhu Wetland Park,"Gallinula chloropus (Linnaeus, 1758)",Rallidae,Gallinula,chloropus,Species,M,Whole year,202
352,Hohhot Nanhu Wetland Park,"Fulica atra (Linnaeus, 1758)",Rallidae,Fulica,atra,Species,M,Whole year,202
352,Hohhot Nanhu Wetland Park,"Himantopus himantopus (Linnaeus, 1758)",Recurvirostridae,Himantopus,himantopus,Species,M,Whole year,202
352,Hohhot Nanhu Wetland Park,"Vanellus cinereus (Blyth, 1842)",Charadriidae,Vanellus,cinereus,Species,M,Whole year,202
352,Hohhot Nanhu Wetland Park,"Gallinago gallinago (Linnaeus, 1758)",Scolopacidae,Gallinago,gallinago,Species,M,Whole year,202
352,Hohhot Nanhu Wetland Park,"Tringa totanus (Linnaeus, 1758)",Scolopacidae,Tringa,totanus,Species,M,Whole year,202
352,Hohhot Nanhu Wetland Park,"Tringa ochropus (Linnaeus, 1758)",Scolopacidae,Tringa,ochropus,Species,M,Whole year,202
352,Hohhot Nanhu Wetland Park,"Tringa glareola (Linnaeus, 1758)",Scolopacidae,Tringa,glareola,Species,M,Whole year,202
352,Hohhot Nanhu Wetland Park,"Actitis hypoleucos (Linnaeus, 1758)",Scolopacidae,Actitis,hypoleucos,Species,M,Whole year,202
352,Hohhot Nanhu Wetland Park,"Larus ridibundus (Linnaeus, 1766)",Laridae,Larus,ridibundus,Species,M,Whole year,202
352,Hohhot Nanhu Wetland Park,"Sterna caspia (Pallas, 1770)",Laridae,Sterna,caspia,Species,M,Whole year,202
352,Hohhot Nanhu Wetland Park,"Sterna hirundo (Linnaeus, 1758)",Laridae,Sterna,hirundo,Species,M,Whole year,202
352,Hohhot Nanhu Wetland Park,"Chlidonias hybrida (Pallas, 1811)",Laridae,Chlidonias,hybrida,Species,M,Whole year,202
352,Hohhot Nanhu Wetland Park,"Chlidonias leucopterus (Temminck, 1815)",Laridae,Chlidonias,leucopterus,Species,M,Whole year,202
352,Hohhot Nanhu Wetland Park,"Streptopelia decaocto (Frivaldszky, 1838)",Columbidae,Streptopelia,decaocto,Species,R,Whole year,202
352,Hohhot Nanhu Wetland Park,"Cuculus sparverioides (Vigors, 1832)",scolopacea,Cuculus,sparverioides,Species,M,Whole year,202
352,Hohhot Nanhu Wetland Park,"Cuculus canorus (Linnaeus, 1758)",scolopacea,Cuculus,canorus,Species,M,Whole year,202
352,Hohhot Nanhu Wetland Park,"Apus apus (Linnaeus, 1758)",Apodidae,Apus,apus,Species,M,Whole year,202
352,Hohhot Nanhu Wetland Park,"Alcedo atthis (Linnaeus, 1758)",Alcedinidae,Alcedo,atthis,Species,M,Whole year,202
352,Hohhot Nanhu Wetland Park,"Upupa epops (Linnaeus, 1758)",Upupidae,Upupa,epops,Species,R,Whole year,202
352,Hohhot Nanhu Wetland Park,"Dendrocopos major (Linnaeus, 1758)",Picidae,Dendrocopos,major,Species,R,Whole year,202
352,Hohhot Nanhu Wetland Park,"Calandrella brachydactyla (Leisler, 1814)",Alaudidae,Calandrella,brachydactyla,Species,M,Whole year,202
352,Hohhot Nanhu Wetland Park,"Calandrella cheleensis (Swinhoe, 1871)",Alaudidae,Calandrella,cheleensis,Species,R,Whole year,202
352,Hohhot Nanhu Wetland Park,"Galerida cristata (Linnaeus, 1758)",Alaudidae,Galerida,cristata,Species,R,Whole year,202
352,Hohhot Nanhu Wetland Park,"Hirundo rustica (Linnaeus, 1758)",Laridae,Hirundo,rustica,Species,M,Whole year,202
352,Hohhot Nanhu Wetland Park,"Motacilla alba (Linnaeus, 1758)",Motacillidae,Motacilla,alba,Species,M,Whole year,202
352,Hohhot Nanhu Wetland Park,"Motacilla citreola (Pallas, 1776)",Motacillidae,Motacilla,citreola,Species,M,Whole year,202
352,Hohhot Nanhu Wetland Park,"Motacilla flava (Linnaeus, 1758)",Motacillidae,Motacilla,flava,Species,M,Whole year,202
352,Hohhot Nanhu Wetland Park,"Motacilla cinerea (Tunstall, 1771)",Motacillidae,Motacilla,cinerea,Species,M,Whole year,202
352,Hohhot Nanhu Wetland Park,"Anthus spinoletta (Linnaeus, 1758)",Motacillidae,Anthus,spinoletta,Species,M,Whole year,202
352,Hohhot Nanhu Wetland Park,"Bombycilla garrulus (Linnaeus, 1758)",Bombycillidae,Bombycilla,garrulus,Species,M,Whole year,202
352,Hohhot Nanhu Wetland Park,"Lanius isabellinus (Hemprich & Ehrenberg, 1833)",Laniidae,Lanius,isabellinus,Species,M,Whole year,202
352,Hohhot Nanhu Wetland Park,"Lanius sphenocercus (Cabanis, 1873)",Laniidae,Lanius,sphenocercus,Species,M,Whole year,202
352,Hohhot Nanhu Wetland Park,"Sturnus cineraceus (Temminck, 1835)",Sturnidae,Sturnus,cineraceus,Species,M,Whole year,202
352,Hohhot Nanhu Wetland Park,"Sturnus vulgaris (Linnaeus, 1758)",Sturnidae,Sturnus,vulgaris,Species,M,Whole year,202
352,Hohhot Nanhu Wetland Park,"Pica pica (Linnaeus, 1758)",Corvidae,Pica,pica,Species,R,Whole year,202
352,Hohhot Nanhu Wetland Park,"Corvus dauuricus (Pallas, 1776)",Corvidae,Corvus,dauuricus,Species,R,Whole year,202
352,Hohhot Nanhu Wetland Park,"Corvus frugilegus (Linnaeus, 1758)",Corvidae,Corvus,frugilegus,Species,R,Whole year,202
352,Hohhot Nanhu Wetland Park,"Corvus corone (Linnaeus, 1758)",Corvidae,Corvus,corone,Species,R,Whole year,202
352,Hohhot Nanhu Wetland Park,"Prunella montanella (Pallas, 1776)",Prunellidae,Prunella,montanella,Species,M,Whole year,202
352,Hohhot Nanhu Wetland Park,"Phoenicurus auroreus (Pallas, 1776)",Muscicapidae,Phoenicurus,auroreus,Species,M,Whole year,202
352,Hohhot Nanhu Wetland Park,"Saxicola torquatus (Linnaeus, 1766)",Muscicapidae,Saxicola,torquatus,Species,M,Whole year,202
352,Hohhot Nanhu Wetland Park,"Turdus obscurus (Gmelin, 1789)",Turdidae,Turdus,obscurus,Species,M,Whole year,202
352,Hohhot Nanhu Wetland Park,"Turdus ruficollis (Pallas, 1776)",Turdidae,Turdus,ruficollis,Species,M,Whole year,202
352,Hohhot Nanhu Wetland Park,"Turdus naumanni (Temminck, 1820)",Turdidae,Turdus,naumanni,Species,M,Whole year,202
352,Hohhot Nanhu Wetland Park,"Ficedula albicilla (Pallas, 1811)",Muscicapidae,Ficedula,albicilla,Species,M,Whole year,202
352,Hohhot Nanhu Wetland Park,"Panurus biarmicus (Linnaeus, 1758)",Panuridae,Panurus,biarmicus,Species,R,Whole year,202
352,Hohhot Nanhu Wetland Park,"Locustella certhiola (Pallas, 1811)",Locustellidae,Locustella,certhiola,Species,M,Whole year,202
352,Hohhot Nanhu Wetland Park,"Acrocephalus arundinaceus (Linnaeus, 1758)",Acrocephalidae,Acrocephalus,arundinaceus,Species,M,Whole year,202
352,Hohhot Nanhu Wetland Park,"Phylloscopus inornatus (Blyth, 1842)",Phylloscopidae,Phylloscopus,inornatus,Species,M,Whole year,202
352,Hohhot Nanhu Wetland Park,"Remiz consobrinus (Swinhoe, 1870)",Remizidae,Remiz,consobrinus,Species,M,Whole year,202
352,Hohhot Nanhu Wetland Park,"Parus major (Linnaeus, 1758)",Paridae,Parus,major,Species,R,Whole year,202
352,Hohhot Nanhu Wetland Park,"Passer montanus (Linnaeus, 1758)",Passeridae,Passer,montanus,Species,R,Whole year,202
352,Hohhot Nanhu Wetland Park,"Carduelis sinica (Linnaeus, 1766)",Fringillidae,Carduelis,sinica,Species,R,Whole year,202
352,Hohhot Nanhu Wetland Park,"Emberiza yessoensis (Swinhoe, 1874)",Emberizidae,Emberiza,yessoensis,Species,M,Whole year,202
352,Hohhot Nanhu Wetland Park,"Emberiza pusilla (Pallas, 1776)",Emberizidae,Emberiza,pusilla,Species,M,Whole year,202
352,Hohhot Nanhu Wetland Park,"Emberiza chrysophrys (Pallas, 1776)",Emberizidae,Emberiza,chrysophrys,Species,M,Whole year,202
352,Hohhot Nanhu Wetland Park,"Emberiza pallasi (Cabanis, 1851)",Emberizidae,Emberiza,pallasi,Species,M,Whole year,202
352,Hohhot Nanhu Wetland Park,"Emberiza schoeniclus (Linnaeus, 1758)",Emberizidae,Emberiza,schoeniclus,Species,M,Whole year,202
353,Hohhot Northern Suburb Park,"Streptopelia decaocto (Frivaldszky, 1838)",Columbidae,Streptopelia,decaocto,Species,R,Whole year,261
353,Hohhot Northern Suburb Park,"Stigmatopelia chinensis (Scopoli, 1768)",Columbidae,Stigmatopelia,chinensis,Species,R,Whole year,261
353,Hohhot Northern Suburb Park,"Upupa epops (Linnaeus, 1758)",Upupidae,Upupa,epops,Species,M,Whole year,261
353,Hohhot Northern Suburb Park,"Dendrocopos major (Linnaeus, 1758)",Picidae,Dendrocopos,major,Species,R,Whole year,261
353,Hohhot Northern Suburb Park,"Picus canus (Gmelin, 1788)",Picidae,Picus,canus,Species,R,Whole year,261
353,Hohhot Northern Suburb Park,"Hirundo rustica (Linnaeus, 1758)",Laridae,Hirundo,rustica,Species,M,Whole year,261
353,Hohhot Northern Suburb Park,"Pica pica (Linnaeus, 1758)",Corvidae,Pica,pica,Species,R,Whole year,261
353,Hohhot Northern Suburb Park,"Corvus dauuricus (Pallas, 1776)",Corvidae,Corvus,dauuricus,Species,R,Whole year,261
353,Hohhot Northern Suburb Park,"Parus major (Linnaeus, 1758)",Paridae,Parus,major,Species,R,Whole year,261
353,Hohhot Northern Suburb Park,"Parus montanus (Baldenstein, 1827)",Paridae,Parus,montanus,Species,R,Whole year,261
353,Hohhot Northern Suburb Park,"Sitta europaea (Linnaeus, 1758)",Sittidae,Sitta,europaea,Species,R,Whole year,261
353,Hohhot Northern Suburb Park,"Passer montanus (Linnaeus, 1758)",Passeridae,Passer,montanus,Species,R,Whole year,261
353,Hohhot Northern Suburb Park,"Carduelis sinica (Linnaeus, 1766)",Fringillidae,Carduelis,sinica,Species,R,Whole year,261
353,Hohhot Northern Suburb Park,"Emberiza pusilla (Pallas, 1776)",Emberizidae,Emberiza,pusilla,Species,M,Whole year,261
354,Hohhot Princess Palace Park,"Streptopelia decaocto (Frivaldszky, 1838)",Columbidae,Streptopelia,decaocto,Species,R,Whole year,261
354,Hohhot Princess Palace Park,"Dendrocopos major (Linnaeus, 1758)",Picidae,Dendrocopos,major,Species,R,Whole year,261
354,Hohhot Princess Palace Park,"Hirundo rustica (Linnaeus, 1758)",Laridae,Hirundo,rustica,Species,M,Whole year,261
354,Hohhot Princess Palace Park,"Pica pica (Linnaeus, 1758)",Corvidae,Pica,pica,Species,R,Whole year,261
354,Hohhot Princess Palace Park,"Turdus ruficollis (Pallas, 1776)",Turdidae,Turdus,ruficollis,Species,M,Whole year,261
354,Hohhot Princess Palace Park,"Parus major (Linnaeus, 1758)",Paridae,Parus,major,Species,R,Whole year,261
354,Hohhot Princess Palace Park,"Passer montanus (Linnaeus, 1758)",Passeridae,Passer,montanus,Species,R,Whole year,261
354,Hohhot Princess Palace Park,"Passer domesticus (Linnaeus, 1758)",Passeridae,Passer,domesticus,Species,M,Whole year,261
354,Hohhot Princess Palace Park,"Columba livia domestica (Gmelin, 1789)",Columbidae,Columba,livia,Species,M,Whole year,261
354,Hohhot Princess Palace Park,"Carduelis sinica (Linnaeus, 1766)",Fringillidae,Carduelis,sinica,Species,R,Whole year,261
354,Hohhot Princess Palace Park,"Apus apus (Linnaeus, 1758)",Apodidae,Apus,apus,Species,M,Whole year,261
355,Hohhot Qingcheng Park,"Apus apus (Linnaeus, 1758)",Apodidae,Apus,apus,Species,M,Whole year,261
355,Hohhot Qingcheng Park,"Bombycilla garrulus (Linnaeus, 1758)",Bombycillidae,Bombycilla,garrulus,Species,M,Whole year,261
355,Hohhot Qingcheng Park,"Carduelis sinica (Linnaeus, 1766)",Fringillidae,Carduelis,sinica,Species,R,Whole year,261
355,Hohhot Qingcheng Park,"Columba livia domestica (Gmelin, 1789)",Columbidae,Columba,livia,Species,M,Whole year,261
355,Hohhot Qingcheng Park,"Dendrocopos major (Linnaeus, 1758)",Picidae,Dendrocopos,major,Species,R,Whole year,261
355,Hohhot Qingcheng Park,"Hirundo rustica (Linnaeus, 1758)",Laridae,Hirundo,rustica,Species,M,Whole year,261
355,Hohhot Qingcheng Park,"Luscinia calliope (Pallas, 1776)",Muscicapidae,Luscinia,calliope,Species,M,Whole year,261
355,Hohhot Qingcheng Park,"Motacilla alba (Linnaeus, 1758)",Motacillidae,Motacilla,alba,Species,M,Whole year,261
355,Hohhot Qingcheng Park,"Passer domesticus (Linnaeus, 1758)",Passeridae,Passer,domesticus,Species,M,Whole year,261
355,Hohhot Qingcheng Park,"Passer montanus (Linnaeus, 1758)",Passeridae,Passer,montanus,Species,R,Whole year,261
355,Hohhot Qingcheng Park,"Phoenicurus auroreus (Pallas, 1776)",Muscicapidae,Phoenicurus,auroreus,Species,M,Whole year,261
355,Hohhot Qingcheng Park,"Phylloscopus proregulus (Pallas, 1811)",Phylloscopidae,Phylloscopus,proregulus,Species,M,Whole year,261
355,Hohhot Qingcheng Park,"Pica pica (Linnaeus, 1758)",Corvidae,Pica,pica,Species,R,Whole year,261
355,Hohhot Qingcheng Park,"Sterna hirundo (Linnaeus, 1758)",Laridae,Sterna,hirundo,Species,M,Whole year,261
355,Hohhot Qingcheng Park,"Stigmatopelia chinensis (Scopoli, 1768)",Columbidae,Stigmatopelia,chinensis,Species,R,Whole year,261
355,Hohhot Qingcheng Park,"Streptopelia decaocto (Frivaldszky, 1838)",Columbidae,Streptopelia,decaocto,Species,R,Whole year,261
355,Hohhot Qingcheng Park,"Turdus ruficollis (Pallas, 1776)",Turdidae,Turdus,ruficollis,Species,M,Whole year,261
356,Hohhot Shiqi Park,"Tachybaptus ruficollis (Pallas, 1764)",Podicipedidae,Tachybaptus,ruficollis,Species,M,Whole year,187
356,Hohhot Shiqi Park,"Sterna hirundo (Linnaeus, 1758)",Laridae,Sterna,hirundo,Species,M,Whole year,187
356,Hohhot Shiqi Park,"Glaucidium passerinum (Linnaeus, 1758)",Strigidae,Glaucidium,passerinum,Species,M,Whole year,187
356,Hohhot Shiqi Park,"Upupa epops (Linnaeus, 1758)",Upupidae,Upupa,epops,Species,M,Whole year,187
356,Hohhot Shiqi Park,"Jynx torquilla (Linnaeus, 1758)",Picidae,Jynx,torquilla,Species,M,Whole year,187
356,Hohhot Shiqi Park,"Picus canus (Gmelin, 1788)",Picidae,Picus,canus,Species,R,Whole year,187
356,Hohhot Shiqi Park,"Hirundo rustica (Linnaeus, 1758)",Laridae,Hirundo,rustica,Species,M,Whole year,187
356,Hohhot Shiqi Park,"Motacilla alba (Linnaeus, 1758)",Motacillidae,Motacilla,alba,Species,M,Whole year,187
356,Hohhot Shiqi Park,"Motacilla cinerea (Tunstall, 1771)",Motacillidae,Motacilla,cinerea,Species,M,Whole year,187
356,Hohhot Shiqi Park,"Lanius sphenocercus (Cabanis, 1873)",Laniidae,Lanius,sphenocercus,Species,R,Whole year,187
356,Hohhot Shiqi Park,"Lanius collurio (Linnaeus, 1758)",Laniidae,Lanius,collurio,Species,M,Whole year,187
356,Hohhot Shiqi Park,"Eophona personata (Temminck & Schlegel, 1848)",Fringillidae,Eophona,personata,Species,M,Whole year,187
356,Hohhot Shiqi Park,"Passer montanus (Linnaeus, 1758)",Passeridae,Passer,montanus,Species,R,Whole year,187
357,Kaili Apple Mountain Park,"Cuculus sparverioides (Vigors, 1832)",scolopacea,Cuculus,sparverioides,Species,M,Whole year,158
357,Kaili Apple Mountain Park,"Dendrocopos hyperythrus (Vigors, 1831)",Picidae,Dendrocopos,hyperythrus,Species,M,Whole year,158
357,Kaili Apple Mountain Park,"Dendronanthus indicus (Gmelin, 1789)",Motacillidae,Dendronanthus,indicus,Species,M,Whole year,158
357,Kaili Apple Mountain Park,"Anthus rubescens (Tunstall, 1771)",Motacillidae,Anthus,rubescens,Species,M,Whole year,158
357,Kaili Apple Mountain Park,"Pycnonotus xanthorrhous (Anderson, 1869)",Pycnonotidae,Pycnonotus,xanthorrhous,Species,R,Whole year,158
357,Kaili Apple Mountain Park,"Pycnonotus sinensis (Gmelin, 1789)",Pycnonotidae,Pycnonotus,sinensis,Species,R,Whole year,158
357,Kaili Apple Mountain Park,"Lanius tigrinus (Drapiez, 1828)",Laniidae,Lanius,tigrinus,Species,M,Whole year,158
357,Kaili Apple Mountain Park,"Monticola rufiventris (Jardine & Selby, 1833)",Muscicapidae,Monticola,rufiventris,Species,M,Whole year,158
357,Kaili Apple Mountain Park,"Turdus dissimilis (Blyth, 1847)",Turdidae,Turdus,dissimilis,Species,R,Whole year,158
357,Kaili Apple Mountain Park,"Turdus merula (Linnaeus, 1758)",Turdidae,Turdus,merula,Species,R,Whole year,158
357,Kaili Apple Mountain Park,"Ficedula zanthopygia (Hay, 1845)",Muscicapidae,Ficedula,zanthopygia,Species,M,Whole year,158
357,Kaili Apple Mountain Park,"Pericrocotus roseus (Vieillot, 1818)",Campephagidae,Pericrocotus,roseus,Species,M,Whole year,158
357,Kaili Apple Mountain Park,"Garrulax canorus (Linnaeus, 1758)",Leiothrichidae,Garrulax,canorus,Species,R,Whole year,158
357,Kaili Apple Mountain Park,"Garrulax sannio (Swinhoe, 1867)",Leiothrichidae,Garrulax,sannio,Species,R,Whole year,158
357,Kaili Apple Mountain Park,"Cettia fortipes (Hodgson, 1845)",Cettiidae,Cettia,fortipes,Species,R,Whole year,158
357,Kaili Apple Mountain Park,"Phylloscopus inornatus (Blyth, 1842)",Phylloscopidae,Phylloscopus,inornatus,Species,M,Whole year,158
357,Kaili Apple Mountain Park,"Phylloscopus affinis (Tickell, 1833)",Phylloscopidae,Phylloscopus,affinis,Species,M,Whole year,158
357,Kaili Apple Mountain Park,"Phylloscopus proregulus (Pallas, 1811)",Phylloscopidae,Phylloscopus,proregulus,Species,M,Whole year,158
357,Kaili Apple Mountain Park,"Zosterops japonicus (Temminck & Schlegel, 1845)",Zosteropidae,Zosterops,japonicus,Species,R,Whole year,158
357,Kaili Apple Mountain Park,"Zosterops palpebrosus (Temminck, 1824)",Zosteropidae,Zosterops,palpebrosus,Species,R,Whole year,158
357,Kaili Apple Mountain Park,"Aegithalos iouschistos (Blyth, 1845)",Aegithalidae,Aegithalos,iouschistos,Species,R,Whole year,158
357,Kaili Apple Mountain Park,"Parus major (Linnaeus, 1758)",Paridae,Parus,major,Species,R,Whole year,158
357,Kaili Apple Mountain Park,"Parus monticolus (Vigors, 1831)",Paridae,Parus,monticolus,Species,R,Whole year,158
357,Kaili Apple Mountain Park,"Parus venustulus (R. Swinhoe, 1870)",Paridae,Parus,venustulus,Species,R,Whole year,158
357,Kaili Apple Mountain Park,"Passer montanus (Linnaeus, 1758)",Passeridae,Passer,montanus,Species,R,Whole year,158
357,Kaili Apple Mountain Park,"Carduelis ambigua (Oustalet, 1896)",Fringillidae,Carduelis,ambigua,Species,R,Whole year,158
357,Kaili Apple Mountain Park,"Carduelis sinica (Linnaeus, 1766)",Fringillidae,Carduelis,sinica,Species,R,Whole year,158
357,Kaili Apple Mountain Park,"Fringilla montifringilla (Linnaeus, 1758)",Fringillidae,Fringilla,montifringilla,Species,M,Whole year,158
358,Kunming Baohai Park,"Motacilla alba (Linnaeus, 1758)",Motacillidae,Motacilla,alba,Species,R,Whole year,178
358,Kunming Baohai Park,"Garrulax sannio (Swinhoe, 1867)",Leiothrichidae,Garrulax,sannio,Species,R,Whole year,178
358,Kunming Baohai Park,"Culicicapa ceylonensis (Swainson, 1820)",Muscicapidae,Culicicapa,ceylonensis,Species,M,Whole year,178
358,Kunming Baohai Park,"Phylloscopus inornatus (Blyth, 1842)",Phylloscopidae,Phylloscopus,inornatus,Species,M,Whole year,178
358,Kunming Baohai Park,"Pycnonotus xanthorrhous (Anderson, 1869)",Pycnonotidae,Pycnonotus,xanthorrhous,Species,R,Whole year,178
358,Kunming Baohai Park,"Phylloscopus proregulus (Pallas, 1811)",Phylloscopidae,Phylloscopus,proregulus,Species,M,Whole year,178
358,Kunming Baohai Park,"Hirundo rustica (Linnaeus, 1758)",Laridae,Hirundo,rustica,Species,R,Whole year,178
358,Kunming Baohai Park,"Butorides striata (Linnaeus, 1758)",Ardeidae,Butorides,striata,Species,R,Whole year,178
358,Kunming Baohai Park,"Passer montanus (Linnaeus, 1758)",Passeridae,Passer,montanus,Species,R,Whole year,178
358,Kunming Baohai Park,"Copsychus saularis (Linnaeus, 1758)",Muscicapidae,Copsychus,saularis,Species,R,Whole year,178
358,Kunming Baohai Park,"Anthus hodgsoni (Richmond, 1907)",Motacillidae,Anthus,hodgsoni,Species,M,Whole year,178
359,Kunming Biji Cultural Square,"Zosterops japonicus (Temminck & Schlegel, 1845)",Zosteropidae,Zosterops,japonicus,Species,M,Whole year,178
359,Kunming Biji Cultural Square,"Aegithalos concinnus (Gould, 1855)",Aegithalidae,Aegithalos,concinnus,Species,R,Whole year,178
359,Kunming Biji Cultural Square,"Pycnonotus xanthorrhous (Anderson, 1869)",Pycnonotidae,Pycnonotus,xanthorrhous,Species,R,Whole year,178
359,Kunming Biji Cultural Square,"Phylloscopus proregulus (Pallas, 1811)",Phylloscopidae,Phylloscopus,proregulus,Species,M,Whole year,178
359,Kunming Biji Cultural Square,"Passer montanus (Linnaeus, 1758)",Passeridae,Passer,montanus,Species,R,Whole year,178
359,Kunming Biji Cultural Square,"Copsychus saularis (Linnaeus, 1758)",Muscicapidae,Copsychus,saularis,Species,R,Whole year,178
360,Kunming Black Dragon Pool,"Zosterops japonicus (Temminck & Schlegel, 1845)",Zosteropidae,Zosterops,japonicus,Species,M,Whole year,178
360,Kunming Black Dragon Pool,"Pycnonotus aurigaster (Vieillot, 1818)",Pycnonotidae,Pycnonotus,aurigaster,Species,R,Whole year,178
360,Kunming Black Dragon Pool,"Rhipidura albicollis (Vieillot, 1818)",Rhipiduridae,Rhipidura,albicollis,Species,R,Whole year,178
360,Kunming Black Dragon Pool,"Motacilla alba (Linnaeus, 1758)",Motacillidae,Motacilla,alba,Species,R,Whole year,178
360,Kunming Black Dragon Pool,"Garrulax sannio (Swinhoe, 1867)",Leiothrichidae,Garrulax,sannio,Species,R,Whole year,178
360,Kunming Black Dragon Pool,"Emberiza tristrami (Swinhoe, 1870)",Emberizidae,Emberiza,tristrami,Species,M,Whole year,178
360,Kunming Black Dragon Pool,"Lonchura striata (Linnaeus, 1766)",Estrildidae,Lonchura,striata,Species,R,Whole year,178
360,Kunming Black Dragon Pool,"Pomatorhinus gravivox (David, 1873)",Timaliidae,Pomatorhinus,gravivox,Species,R,Whole year,178
360,Kunming Black Dragon Pool,"Muscicapa dauurica (Pallas, 1811)",Muscicapidae,Muscicapa,dauurica,Species,M,Whole year,178
360,Kunming Black Dragon Pool,"Ardeola bacchus (Bonaparte, 1855)",Ardeidae,Ardeola,bacchus,Species,M,Whole year,178
360,Kunming Black Dragon Pool,"Parus major (Linnaeus, 1758)",Paridae,Parus,major,Species,R,Whole year,178
360,Kunming Black Dragon Pool,"Culicicapa ceylonensis (Swainson, 1820)",Muscicapidae,Culicicapa,ceylonensis,Species,M,Whole year,178
360,Kunming Black Dragon Pool,"Alcippe dubia (Hume, 1874)",Pellorneidae,Alcippe,dubia,Species,R,Whole year,178
360,Kunming Black Dragon Pool,"Carduelis ambigua (Oustalet, 1896)",Fringillidae,Carduelis,ambigua,Species,R,Whole year,178
360,Kunming Black Dragon Pool,"Ficedula albicilla (Pallas, 1811)",Muscicapidae,Ficedula,albicilla,Species,M,Whole year,178
360,Kunming Black Dragon Pool,"Stachyris ruficeps (Blyth, 1847)",Timaliidae,Stachyris,ruficeps,Species,R,Whole year,178
360,Kunming Black Dragon Pool,"Aegithalos concinnus (Gould, 1855)",Aegithalidae,Aegithalos,concinnus,Species,R,Whole year,178
360,Kunming Black Dragon Pool,"Rhyacornis fuliginosa (Vigors, 1831)",Muscicapidae,Rhyacornis,fuliginosa,Species,R,Whole year,178
360,Kunming Black Dragon Pool,"Tarsiger cyanurus (Pallas, 1773)",Muscicapidae,Tarsiger,cyanurus,Species,M,Whole year,178
360,Kunming Black Dragon Pool,"Zosterops erythropleurus (Swinhoe, 1863)",Zosteropidae,Zosterops,erythropleurus,Species,M,Whole year,178
360,Kunming Black Dragon Pool,"Leiothrix lutea (Scopoli, 1786)",Leiothrichidae,Leiothrix,lutea,Species,R,Whole year,178
360,Kunming Black Dragon Pool,"Parus venustulus (R. Swinhoe, 1870)",Paridae,Parus,venustulus,Species,R,Whole year,178
360,Kunming Black Dragon Pool,"Phylloscopus inornatus (Blyth, 1842)",Phylloscopidae,Phylloscopus,inornatus,Species,M,Whole year,178
360,Kunming Black Dragon Pool,"Pycnonotus xanthorrhous (Anderson, 1869)",Pycnonotidae,Pycnonotus,xanthorrhous,Species,R,Whole year,178
360,Kunming Black Dragon Pool,"Phylloscopus proregulus (Pallas, 1811)",Phylloscopidae,Phylloscopus,proregulus,Species,M,Whole year,178
360,Kunming Black Dragon Pool,"Zosterops palpebrosus (Temminck, 1824)",Zosteropidae,Zosterops,palpebrosus,Species,R,Whole year,178
360,Kunming Black Dragon Pool,"Pericrocotus solaris (Blyth, 1846)",Campephagidae,Pericrocotus,solaris,Species,R,Whole year,178
360,Kunming Black Dragon Pool,"Paradoxornis alphonsianus (J.Verreaux, 1870)",Paradoxornithidae,Paradoxornis,alphonsianus,Species,R,Whole year,178
360,Kunming Black Dragon Pool,"Motacilla cinerea (Tunstall, 1771)",Motacillidae,Motacilla,cinerea,Species,M,Whole year,178
360,Kunming Black Dragon Pool,"Saxicola ferreus (J.E.Gray & G.R.Gray, 1847)",Muscicapidae,Saxicola,ferreus,Species,R,Whole year,178
360,Kunming Black Dragon Pool,"Picus canus (Gmelin, 1788)",Picidae,Picus,canus,Species,R,Whole year,178
360,Kunming Black Dragon Pool,"Hirundo rustica (Linnaeus, 1758)",Laridae,Hirundo,rustica,Species,R,Whole year,178
360,Kunming Black Dragon Pool,"Minla cyanouroptera (Hodgson, 1837)",Leiothrichidae,Minla,cyanouroptera,Species,R,Whole year,178
360,Kunming Black Dragon Pool,"Phoenicurus frontalis (Vigors, 1832)",Muscicapidae,Phoenicurus,frontalis,Species,R,Whole year,178
360,Kunming Black Dragon Pool,"Sitta nagaensis (Godwin-Austen, 1874)",Sittidae,Sitta,nagaensis,Species,R,Whole year,178
360,Kunming Black Dragon Pool,"Parus monticolus (Vigors, 1831)",Paridae,Parus,monticolus,Species,R,Whole year,178
360,Kunming Black Dragon Pool,"Hypsipetes mcclellandii (Horsfield, 1840)",Pycnonotidae,Hypsipetes,mcclellandii,Species,R,Whole year,178
360,Kunming Black Dragon Pool,"Passer montanus (Linnaeus, 1758)",Passeridae,Passer,montanus,Species,R,Whole year,178
360,Kunming Black Dragon Pool,"Copsychus saularis (Linnaeus, 1758)",Muscicapidae,Copsychus,saularis,Species,R,Whole year,178
360,Kunming Black Dragon Pool,"Passer rutilans (Temminck, 1836)",Passeridae,Passer,rutilans,Species,R,Whole year,178
360,Kunming Black Dragon Pool,"Anthus hodgsoni (Richmond, 1907)",Motacillidae,Anthus,hodgsoni,Species,M,Whole year,178
360,Kunming Black Dragon Pool,"Turdus merula (Linnaeus, 1758)",Turdidae,Turdus,merula,Species,R,Whole year,178
360,Kunming Black Dragon Pool,"Pica pica (Linnaeus, 1758)",Corvidae,Pica,pica,Species,R,Whole year,178
360,Kunming Black Dragon Pool,"Dendrocopos canicapillus (Blyth, 1845)",Picidae,Dendrocopos,canicapillus,Species,M,Whole year,178
360,Kunming Black Dragon Pool,"Fringilla montifringilla (Linnaeus, 1758)",Fringillidae,Fringilla,montifringilla,Species,M,Whole year,178
360,Kunming Black Dragon Pool,"Pericrocotus ethologus (Bangs & J.C.Phillips, 1914)",Campephagidae,Pericrocotus,ethologus,Species,R,Whole year,178
360,Kunming Black Dragon Pool,"Stigmatopelia chinensis (Scopoli, 1768)",Columbidae,Stigmatopelia,chinensis,Species,R,Whole year,178
360,Kunming Black Dragon Pool,"Lanius schach (Linnaeus, 1758)",Laniidae,Lanius,schach,Species,R,Whole year,178
360,Kunming Black Dragon Pool,"Alcippe ruficapilla (J.Verreaux, 1870)",Pellorneidae,Alcippe,ruficapilla,Species,R,Whole year,178
361,Kunming Botanical Garden,"Chaimarrornis leucocephalus (Vigors, 1831)",Muscicapidae,Chaimarrornis,leucocephalus,Species,M,Whole year,178
361,Kunming Botanical Garden,"Pycnonotus aurigaster (Vieillot, 1818)",Pycnonotidae,Pycnonotus,aurigaster,Species,R,Whole year,178
361,Kunming Botanical Garden,"Rhipidura albicollis (Vieillot, 1818)",Rhipiduridae,Rhipidura,albicollis,Species,R,Whole year,178
361,Kunming Botanical Garden,"Motacilla alba (Linnaeus, 1758)",Motacillidae,Motacilla,alba,Species,R,Whole year,178
361,Kunming Botanical Garden,"Garrulax sannio (Swinhoe, 1867)",Leiothrichidae,Garrulax,sannio,Species,R,Whole year,178
361,Kunming Botanical Garden,"Lonchura striata (Linnaeus, 1766)",Estrildidae,Lonchura,striata,Species,R,Whole year,178
361,Kunming Botanical Garden,"Pomatorhinus gravivox (David, 1873)",Timaliidae,Pomatorhinus,gravivox,Species,R,Whole year,178
361,Kunming Botanical Garden,"Phoenicurus auroreus (Pallas, 1776)",Muscicapidae,Phoenicurus,auroreus,Species,M,Whole year,178
361,Kunming Botanical Garden,"Ardeola bacchus (Bonaparte, 1855)",Ardeidae,Ardeola,bacchus,Species,M,Whole year,178
361,Kunming Botanical Garden,"Cuculus canorus (Linnaeus, 1758)",scolopacea,Cuculus,canorus,Species,M,Whole year,178
361,Kunming Botanical Garden,"Parus major (Linnaeus, 1758)",Paridae,Parus,major,Species,R,Whole year,178
361,Kunming Botanical Garden,"Pericrocotus roseus (Vieillot, 1818)",Campephagidae,Pericrocotus,roseus,Species,R,Whole year,178
361,Kunming Botanical Garden,"Phylloscopus fuscatus (Blyth, 1842)",Phylloscopidae,Phylloscopus,fuscatus,Species,M,Whole year,178
361,Kunming Botanical Garden,"Alcippe dubia (Hume, 1874)",Pellorneidae,Alcippe,dubia,Species,R,Whole year,178
361,Kunming Botanical Garden,"Hypsipetes leucocephalus (Gmelin, 1789)",Pycnonotidae,Hypsipetes,leucocephalus,Species,M,Whole year,178
361,Kunming Botanical Garden,"Gallinula chloropus (Linnaeus, 1758)",Rallidae,Gallinula,chloropus,Species,R,Whole year,178
361,Kunming Botanical Garden,"Carduelis ambigua (Oustalet, 1896)",Fringillidae,Carduelis,ambigua,Species,R,Whole year,178
361,Kunming Botanical Garden,"Turdus dissimilis (Blyth, 1847)",Turdidae,Turdus,dissimilis,Species,R,Whole year,178
361,Kunming Botanical Garden,"Pycnonotus jocosus (Linnaeus, 1758)",Pycnonotidae,Pycnonotus,jocosus,Species,R,Whole year,178
361,Kunming Botanical Garden,"Ficedula albicilla (Pallas, 1811)",Muscicapidae,Ficedula,albicilla,Species,M,Whole year,178
361,Kunming Botanical Garden,"Aegithalos concinnus (Gould, 1855)",Aegithalidae,Aegithalos,concinnus,Species,R,Whole year,178
361,Kunming Botanical Garden,"Tarsiger cyanurus (Pallas, 1773)",Muscicapidae,Tarsiger,cyanurus,Species,M,Whole year,178
361,Kunming Botanical Garden,"Zosterops erythropleurus (Swinhoe, 1863)",Zosteropidae,Zosterops,erythropleurus,Species,M,Whole year,178
361,Kunming Botanical Garden,"Parus venustulus (R. Swinhoe, 1870)",Paridae,Parus,venustulus,Species,R,Whole year,178
361,Kunming Botanical Garden,"Phylloscopus inornatus (Blyth, 1842)",Phylloscopidae,Phylloscopus,inornatus,Species,M,Whole year,178
361,Kunming Botanical Garden,"Pycnonotus xanthorrhous (Anderson, 1869)",Pycnonotidae,Pycnonotus,xanthorrhous,Species,R,Whole year,178
361,Kunming Botanical Garden,"Phylloscopus proregulus (Pallas, 1811)",Phylloscopidae,Phylloscopus,proregulus,Species,M,Whole year,178
361,Kunming Botanical Garden,"Zosterops palpebrosus (Temminck, 1824)",Zosteropidae,Zosterops,palpebrosus,Species,R,Whole year,178
361,Kunming Botanical Garden,"Dicrurus leucophaeus (Vieillot, 1817)",Dicruridae,Dicrurus,leucophaeus,Species,M,Whole year,178
361,Kunming Botanical Garden,"Hirundo rustica (Linnaeus, 1758)",Laridae,Hirundo,rustica,Species,R,Whole year,178
361,Kunming Botanical Garden,"Seicercus burkii (Burton, 1836)",Muscicapidae,Seicercus,burkii,Species,M,Whole year,178
361,Kunming Botanical Garden,"Minla cyanouroptera (Hodgson, 1837)",Leiothrichidae,Minla,cyanouroptera,Species,R,Whole year,178
361,Kunming Botanical Garden,"Phoenicurus frontalis (Vigors, 1832)",Muscicapidae,Phoenicurus,frontalis,Species,R,Whole year,178
361,Kunming Botanical Garden,"Monticola rufiventris (Jardine & Selby, 1833)",Muscicapidae,Monticola,rufiventris,Species,R,Whole year,178
361,Kunming Botanical Garden,"Sitta nagaensis (Godwin-Austen, 1874)",Sittidae,Sitta,nagaensis,Species,R,Whole year,178
361,Kunming Botanical Garden,"Copsychus saularis (Linnaeus, 1758)",Muscicapidae,Copsychus,saularis,Species,R,Whole year,178
361,Kunming Botanical Garden,"Anthus hodgsoni (Richmond, 1907)",Motacillidae,Anthus,hodgsoni,Species,M,Whole year,178
361,Kunming Botanical Garden,"Eumyias thalassinus (Swainson, 1838)",Muscicapidae,Eumyias,thalassinus,Species,R,Whole year,178
361,Kunming Botanical Garden,"Turdus merula (Linnaeus, 1758)",Turdidae,Turdus,merula,Species,R,Whole year,178
361,Kunming Botanical Garden,"Apus nipalensis (Hodgson, 1837)",Apodidae,Apus,nipalensis,Species,R,Whole year,178
361,Kunming Botanical Garden,"Tachybaptus ruficollis (Pallas, 1764)",Podicipedidae,Tachybaptus,ruficollis,Species,R,Whole year,178
361,Kunming Botanical Garden,"Dendrocopos canicapillus (Blyth, 1845)",Picidae,Dendrocopos,canicapillus,Species,M,Whole year,178
361,Kunming Botanical Garden,"Fringilla montifringilla (Linnaeus, 1758)",Fringillidae,Fringilla,montifringilla,Species,M,Whole year,178
361,Kunming Botanical Garden,"Stigmatopelia chinensis (Scopoli, 1768)",Columbidae,Stigmatopelia,chinensis,Species,R,Whole year,178
361,Kunming Botanical Garden,"Myophonus caeruleus (Scopoli, 1786)",Muscicapidae,Myophonus,caeruleus,Species,R,Whole year,178
361,Kunming Botanical Garden,"Lanius schach (Linnaeus, 1758)",Laniidae,Lanius,schach,Species,R,Whole year,178
361,Kunming Botanical Garden,"Alcippe ruficapilla (J.Verreaux, 1870)",Pellorneidae,Alcippe,ruficapilla,Species,R,Whole year,178
362,Kunming Crescent Lake Park,"Motacilla alba (Linnaeus, 1758)",Motacillidae,Motacilla,alba,Species,R,Whole year,178
362,Kunming Crescent Lake Park,"Pycnonotus xanthorrhous (Anderson, 1869)",Pycnonotidae,Pycnonotus,xanthorrhous,Species,R,Whole year,178
362,Kunming Crescent Lake Park,"Phylloscopus proregulus (Pallas, 1811)",Phylloscopidae,Phylloscopus,proregulus,Species,M,Whole year,178
362,Kunming Crescent Lake Park,"Hirundo rustica (Linnaeus, 1758)",Laridae,Hirundo,rustica,Species,R,Whole year,178
362,Kunming Crescent Lake Park,"Passer montanus (Linnaeus, 1758)",Passeridae,Passer,montanus,Species,R,Whole year,178
362,Kunming Crescent Lake Park,"Copsychus saularis (Linnaeus, 1758)",Muscicapidae,Copsychus,saularis,Species,R,Whole year,178
362,Kunming Crescent Lake Park,"Anthus hodgsoni (Richmond, 1907)",Motacillidae,Anthus,hodgsoni,Species,M,Whole year,178
362,Kunming Crescent Lake Park,"Apus nipalensis (Hodgson, 1837)",Apodidae,Apus,nipalensis,Species,R,Whole year,178
363,Kunming Cuihu Park,"Acridotheres cristatellus (Linnaeus, 1758)",Sturnidae,Acridotheres,cristatellus,Species,R,Whole year,178
363,Kunming Cuihu Park,"Motacilla alba (Linnaeus, 1758)",Motacillidae,Motacilla,alba,Species,R,Whole year,178
363,Kunming Cuihu Park,"Gallinula chloropus (Linnaeus, 1758)",Rallidae,Gallinula,chloropus,Species,R,Whole year,178
363,Kunming Cuihu Park,"Aegithalos concinnus (Gould, 1855)",Aegithalidae,Aegithalos,concinnus,Species,R,Whole year,178
363,Kunming Cuihu Park,"Larus ridibundus (Linnaeus, 1766)",Laridae,Larus,ridibundus,Species,M,Whole year,178
363,Kunming Cuihu Park,"Pycnonotus xanthorrhous (Anderson, 1869)",Pycnonotidae,Pycnonotus,xanthorrhous,Species,R,Whole year,178
363,Kunming Cuihu Park,"Phylloscopus proregulus (Pallas, 1811)",Phylloscopidae,Phylloscopus,proregulus,Species,M,Whole year,178
363,Kunming Cuihu Park,"Zosterops palpebrosus (Temminck, 1824)",Zosteropidae,Zosterops,palpebrosus,Species,R,Whole year,178
363,Kunming Cuihu Park,"Hirundo rustica (Linnaeus, 1758)",Laridae,Hirundo,rustica,Species,R,Whole year,178
363,Kunming Cuihu Park,"Anas platyrhynchos (Linnaeus, 1758)",Anatidae,Anas,platyrhynchos,Species,M,Whole year,178
363,Kunming Cuihu Park,"Passer montanus (Linnaeus, 1758)",Passeridae,Passer,montanus,Species,R,Whole year,178
363,Kunming Cuihu Park,"Tachybaptus ruficollis (Pallas, 1764)",Podicipedidae,Tachybaptus,ruficollis,Species,R,Whole year,178
363,Kunming Cuihu Park,"Apus nipalensis (Hodgson, 1837)",Apodidae,Apus,nipalensis,Species,R,Whole year,178
363,Kunming Cuihu Park,"Nycticorax nycticorax (Linnaeus, 1758)",Ardeidae,Nycticorax,nycticorax,Species,M,Whole year,178
364,Kunming Daguanlou Park,"Zosterops japonicus (Temminck & Schlegel, 1845)",Zosteropidae,Zosterops,japonicus,Species,M,Whole year,178
364,Kunming Daguanlou Park,"Acridotheres cristatellus (Linnaeus, 1758)",Sturnidae,Acridotheres,cristatellus,Species,R,Whole year,178
364,Kunming Daguanlou Park,"Pycnonotus aurigaster (Vieillot, 1818)",Pycnonotidae,Pycnonotus,aurigaster,Species,R,Whole year,178
364,Kunming Daguanlou Park,"Motacilla alba (Linnaeus, 1758)",Motacillidae,Motacilla,alba,Species,R,Whole year,178
364,Kunming Daguanlou Park,"Egretta garzetta (Linnaeus, 1766)",Ardeidae,Egretta,garzetta,Species,R,Whole year,178
364,Kunming Daguanlou Park,"Ardea cinerea (Linnaeus, 1758)",Ardeidae,Ardea,cinerea,Species,R,Whole year,178
364,Kunming Daguanlou Park,"Ardeola bacchus (Bonaparte, 1855)",Ardeidae,Ardeola,bacchus,Species,M,Whole year,178
364,Kunming Daguanlou Park,"Acrocephalus arundinaceus (Linnaeus, 1758)",Acrocephalidae,Acrocephalus,arundinaceus,Species,M,Whole year,178
364,Kunming Daguanlou Park,"Culicicapa ceylonensis (Swainson, 1820)",Muscicapidae,Culicicapa,ceylonensis,Species,M,Whole year,178
364,Kunming Daguanlou Park,"Prinia inornata (Sykes, 1832)",Cisticolidae,Prinia,inornata,Species,R,Whole year,178
364,Kunming Daguanlou Park,"Gallinula chloropus (Linnaeus, 1758)",Rallidae,Gallinula,chloropus,Species,R,Whole year,178
364,Kunming Daguanlou Park,"Carduelis ambigua (Oustalet, 1896)",Fringillidae,Carduelis,ambigua,Species,R,Whole year,178
364,Kunming Daguanlou Park,"Ficedula albicilla (Pallas, 1811)",Muscicapidae,Ficedula,albicilla,Species,M,Whole year,178
364,Kunming Daguanlou Park,"Aegithalos concinnus (Gould, 1855)",Aegithalidae,Aegithalos,concinnus,Species,R,Whole year,178
364,Kunming Daguanlou Park,"Tarsiger cyanurus (Pallas, 1773)",Muscicapidae,Tarsiger,cyanurus,Species,M,Whole year,178
364,Kunming Daguanlou Park,"Larus ridibundus (Linnaeus, 1766)",Laridae,Larus,ridibundus,Species,M,Whole year,178
364,Kunming Daguanlou Park,"Phylloscopus inornatus (Blyth, 1842)",Phylloscopidae,Phylloscopus,inornatus,Species,M,Whole year,178
364,Kunming Daguanlou Park,"Pycnonotus xanthorrhous (Anderson, 1869)",Pycnonotidae,Pycnonotus,xanthorrhous,Species,R,Whole year,178
364,Kunming Daguanlou Park,"Phylloscopus proregulus (Pallas, 1811)",Phylloscopidae,Phylloscopus,proregulus,Species,M,Whole year,178
364,Kunming Daguanlou Park,"Zosterops palpebrosus (Temminck, 1824)",Zosteropidae,Zosterops,palpebrosus,Species,R,Whole year,178
364,Kunming Daguanlou Park,"Motacilla cinerea (Tunstall, 1771)",Motacillidae,Motacilla,cinerea,Species,M,Whole year,178
364,Kunming Daguanlou Park,"Sturnus cineraceus (Temminck, 1835)",Sturnidae,Sturnus,cineraceus,Species,R,Whole year,178
364,Kunming Daguanlou Park,"Cyanopica cyanus (Pallas, 1776)",Corvidae,Cyanopica,cyanus,Species,R,Whole year,178
364,Kunming Daguanlou Park,"Hirundo rustica (Linnaeus, 1758)",Laridae,Hirundo,rustica,Species,R,Whole year,178
364,Kunming Daguanlou Park,"Passer montanus (Linnaeus, 1758)",Passeridae,Passer,montanus,Species,R,Whole year,178
364,Kunming Daguanlou Park,"Alcedo atthis (Linnaeus, 1758)",Alcedinidae,Alcedo,atthis,Species,R,Whole year,178
364,Kunming Daguanlou Park,"Copsychus saularis (Linnaeus, 1758)",Muscicapidae,Copsychus,saularis,Species,R,Whole year,178
364,Kunming Daguanlou Park,"Anthus hodgsoni (Richmond, 1907)",Motacillidae,Anthus,hodgsoni,Species,M,Whole year,178
364,Kunming Daguanlou Park,"Turdus merula (Linnaeus, 1758)",Turdidae,Turdus,merula,Species,R,Whole year,178
364,Kunming Daguanlou Park,"Pica pica (Linnaeus, 1758)",Corvidae,Pica,pica,Species,R,Whole year,178
364,Kunming Daguanlou Park,"Tachybaptus ruficollis (Pallas, 1764)",Podicipedidae,Tachybaptus,ruficollis,Species,R,Whole year,178
364,Kunming Daguanlou Park,"Apus nipalensis (Hodgson, 1837)",Apodidae,Apus,nipalensis,Species,R,Whole year,178
364,Kunming Daguanlou Park,"Lanius schach (Linnaeus, 1758)",Laniidae,Lanius,schach,Species,R,Whole year,178
364,Kunming Daguanlou Park,"Larus brunnicephalus (Jerdon, 1840)",Laridae,Larus,brunnicephalus,Species,M,Whole year,178
365,Kunming Guandu Forest Park,"Pycnonotus aurigaster (Vieillot, 1818)",Pycnonotidae,Pycnonotus,aurigaster,Species,R,Whole year,178
365,Kunming Guandu Forest Park,"Motacilla alba (Linnaeus, 1758)",Motacillidae,Motacilla,alba,Species,R,Whole year,178
365,Kunming Guandu Forest Park,"Garrulax sannio (Swinhoe, 1867)",Leiothrichidae,Garrulax,sannio,Species,R,Whole year,178
365,Kunming Guandu Forest Park,"Culicicapa ceylonensis (Swainson, 1820)",Muscicapidae,Culicicapa,ceylonensis,Species,M,Whole year,178
365,Kunming Guandu Forest Park,"Prinia inornata (Sykes, 1832)",Cisticolidae,Prinia,inornata,Species,R,Whole year,178
365,Kunming Guandu Forest Park,"Carduelis ambigua (Oustalet, 1896)",Fringillidae,Carduelis,ambigua,Species,R,Whole year,178
365,Kunming Guandu Forest Park,"Eophona migratoria (Hartert, 1903)",Fringillidae,Eophona,migratoria,Species,M,Whole year,178
365,Kunming Guandu Forest Park,"Ficedula albicilla (Pallas, 1811)",Muscicapidae,Ficedula,albicilla,Species,M,Whole year,178
365,Kunming Guandu Forest Park,"Lanius cristatus (Linnaeus, 1758)",Laniidae,Lanius,cristatus,Species,M,Whole year,178
365,Kunming Guandu Forest Park,"Phylloscopus inornatus (Blyth, 1842)",Phylloscopidae,Phylloscopus,inornatus,Species,M,Whole year,178
365,Kunming Guandu Forest Park,"Pycnonotus xanthorrhous (Anderson, 1869)",Pycnonotidae,Pycnonotus,xanthorrhous,Species,R,Whole year,178
365,Kunming Guandu Forest Park,"Phylloscopus proregulus (Pallas, 1811)",Phylloscopidae,Phylloscopus,proregulus,Species,M,Whole year,178
365,Kunming Guandu Forest Park,"Seicercus burkii (Burton, 1836)",Muscicapidae,Seicercus,burkii,Species,M,Whole year,178
365,Kunming Guandu Forest Park,"Minla cyanouroptera (Hodgson, 1837)",Leiothrichidae,Minla,cyanouroptera,Species,R,Whole year,178
365,Kunming Guandu Forest Park,"Phoenicurus frontalis (Vigors, 1832)",Muscicapidae,Phoenicurus,frontalis,Species,R,Whole year,178
365,Kunming Guandu Forest Park,"Passer montanus (Linnaeus, 1758)",Passeridae,Passer,montanus,Species,R,Whole year,178
365,Kunming Guandu Forest Park,"Copsychus saularis (Linnaeus, 1758)",Muscicapidae,Copsychus,saularis,Species,R,Whole year,178
365,Kunming Guandu Forest Park,"Apus nipalensis (Hodgson, 1837)",Apodidae,Apus,nipalensis,Species,R,Whole year,178
365,Kunming Guandu Forest Park,"Stigmatopelia chinensis (Scopoli, 1768)",Columbidae,Stigmatopelia,chinensis,Species,R,Whole year,178
365,Kunming Guandu Forest Park,"Lanius schach (Linnaeus, 1758)",Laniidae,Lanius,schach,Species,R,Whole year,178
366,Kunming Jinbi Park,"Culicicapa ceylonensis (Swainson, 1820)",Muscicapidae,Culicicapa,ceylonensis,Species,M,Whole year,178
366,Kunming Jinbi Park,"Dicaeum ignipectus (Blyth, 1843)",Dicaeidae,Dicaeum,ignipectus,Species,R,Whole year,178
366,Kunming Jinbi Park,"Parus spilonotus (Bonaparte, 1850)",Paridae,Parus,spilonotus,Species,R,Whole year,178
366,Kunming Jinbi Park,"Pycnonotus xanthorrhous (Anderson, 1869)",Pycnonotidae,Pycnonotus,xanthorrhous,Species,R,Whole year,178
366,Kunming Jinbi Park,"Phylloscopus proregulus (Pallas, 1811)",Phylloscopidae,Phylloscopus,proregulus,Species,M,Whole year,178
366,Kunming Jinbi Park,"Passer montanus (Linnaeus, 1758)",Passeridae,Passer,montanus,Species,R,Whole year,178
366,Kunming Jinbi Park,"Copsychus saularis (Linnaeus, 1758)",Muscicapidae,Copsychus,saularis,Species,R,Whole year,178
367,Kunming Lotus Pond Park,"Pycnonotus aurigaster (Vieillot, 1818)",Pycnonotidae,Pycnonotus,aurigaster,Species,R,Whole year,178
367,Kunming Lotus Pond Park,"Motacilla alba (Linnaeus, 1758)",Motacillidae,Motacilla,alba,Species,R,Whole year,178
367,Kunming Lotus Pond Park,"Ardeola bacchus (Bonaparte, 1855)",Ardeidae,Ardeola,bacchus,Species,M,Whole year,178
367,Kunming Lotus Pond Park,"Parus major (Linnaeus, 1758)",Paridae,Parus,major,Species,R,Whole year,178
367,Kunming Lotus Pond Park,"Prinia inornata (Sykes, 1832)",Cisticolidae,Prinia,inornata,Species,R,Whole year,178
367,Kunming Lotus Pond Park,"Carduelis ambigua (Oustalet, 1896)",Fringillidae,Carduelis,ambigua,Species,R,Whole year,178
367,Kunming Lotus Pond Park,"Eophona migratoria (Hartert, 1903)",Fringillidae,Eophona,migratoria,Species,M,Whole year,178
367,Kunming Lotus Pond Park,"Ficedula albicilla (Pallas, 1811)",Muscicapidae,Ficedula,albicilla,Species,M,Whole year,178
367,Kunming Lotus Pond Park,"Aegithalos concinnus (Gould, 1855)",Aegithalidae,Aegithalos,concinnus,Species,R,Whole year,178
367,Kunming Lotus Pond Park,"Larus ridibundus (Linnaeus, 1766)",Laridae,Larus,ridibundus,Species,M,Whole year,178
367,Kunming Lotus Pond Park,"Pycnonotus xanthorrhous (Anderson, 1869)",Pycnonotidae,Pycnonotus,xanthorrhous,Species,R,Whole year,178
367,Kunming Lotus Pond Park,"Phylloscopus proregulus (Pallas, 1811)",Phylloscopidae,Phylloscopus,proregulus,Species,M,Whole year,178
367,Kunming Lotus Pond Park,"Zosterops palpebrosus (Temminck, 1824)",Zosteropidae,Zosterops,palpebrosus,Species,R,Whole year,178
367,Kunming Lotus Pond Park,"Minla cyanouroptera (Hodgson, 1837)",Leiothrichidae,Minla,cyanouroptera,Species,R,Whole year,178
367,Kunming Lotus Pond Park,"Passer montanus (Linnaeus, 1758)",Passeridae,Passer,montanus,Species,R,Whole year,178
367,Kunming Lotus Pond Park,"Copsychus saularis (Linnaeus, 1758)",Muscicapidae,Copsychus,saularis,Species,R,Whole year,178
367,Kunming Lotus Pond Park,"Tachybaptus ruficollis (Pallas, 1764)",Podicipedidae,Tachybaptus,ruficollis,Species,R,Whole year,178
367,Kunming Lotus Pond Park,"Apus nipalensis (Hodgson, 1837)",Apodidae,Apus,nipalensis,Species,R,Whole year,178
367,Kunming Lotus Pond Park,"Nycticorax nycticorax (Linnaeus, 1758)",Ardeidae,Nycticorax,nycticorax,Species,M,Whole year,178
367,Kunming Lotus Pond Park,"Lanius schach (Linnaeus, 1758)",Laniidae,Lanius,schach,Species,R,Whole year,178
368,Kunming Mianshan Forest Ecological Park,"Zosterops japonicus (Temminck & Schlegel, 1845)",Zosteropidae,Zosterops,japonicus,Species,M,Whole year,178
368,Kunming Mianshan Forest Ecological Park,"Pycnonotus aurigaster (Vieillot, 1818)",Pycnonotidae,Pycnonotus,aurigaster,Species,R,Whole year,178
368,Kunming Mianshan Forest Ecological Park,"Aegithalos concinnus (Gould, 1855)",Aegithalidae,Aegithalos,concinnus,Species,R,Whole year,178
368,Kunming Mianshan Forest Ecological Park,"Phylloscopus inornatus (Blyth, 1842)",Phylloscopidae,Phylloscopus,inornatus,Species,M,Whole year,178
368,Kunming Mianshan Forest Ecological Park,"Pycnonotus xanthorrhous (Anderson, 1869)",Pycnonotidae,Pycnonotus,xanthorrhous,Species,R,Whole year,178
368,Kunming Mianshan Forest Ecological Park,"Phylloscopus proregulus (Pallas, 1811)",Phylloscopidae,Phylloscopus,proregulus,Species,M,Whole year,178
368,Kunming Mianshan Forest Ecological Park,"Minla cyanouroptera (Hodgson, 1837)",Leiothrichidae,Minla,cyanouroptera,Species,R,Whole year,178
368,Kunming Mianshan Forest Ecological Park,"Passer montanus (Linnaeus, 1758)",Passeridae,Passer,montanus,Species,R,Whole year,178
368,Kunming Mianshan Forest Ecological Park,"Anthus hodgsoni (Richmond, 1907)",Motacillidae,Anthus,hodgsoni,Species,M,Whole year,178
368,Kunming Mianshan Forest Ecological Park,"Stigmatopelia chinensis (Scopoli, 1768)",Columbidae,Stigmatopelia,chinensis,Species,R,Whole year,178
369,Kunming Mile Temple Park,"Lonchura striata (Linnaeus, 1766)",Estrildidae,Lonchura,striata,Species,R,Whole year,178
369,Kunming Mile Temple Park,"Culicicapa ceylonensis (Swainson, 1820)",Muscicapidae,Culicicapa,ceylonensis,Species,M,Whole year,178
369,Kunming Mile Temple Park,"Aegithalos concinnus (Gould, 1855)",Aegithalidae,Aegithalos,concinnus,Species,R,Whole year,178
369,Kunming Mile Temple Park,"Dicaeum ignipectus (Blyth, 1843)",Dicaeidae,Dicaeum,ignipectus,Species,R,Whole year,178
369,Kunming Mile Temple Park,"Pycnonotus xanthorrhous (Anderson, 1869)",Pycnonotidae,Pycnonotus,xanthorrhous,Species,R,Whole year,178
369,Kunming Mile Temple Park,"Phylloscopus proregulus (Pallas, 1811)",Phylloscopidae,Phylloscopus,proregulus,Species,M,Whole year,178
369,Kunming Mile Temple Park,"Passer montanus (Linnaeus, 1758)",Passeridae,Passer,montanus,Species,R,Whole year,178
369,Kunming Mile Temple Park,"Copsychus saularis (Linnaeus, 1758)",Muscicapidae,Copsychus,saularis,Species,R,Whole year,178
369,Kunming Mile Temple Park,"Pica pica (Linnaeus, 1758)",Corvidae,Pica,pica,Species,R,Whole year,178
369,Kunming Mile Temple Park,"Apus nipalensis (Hodgson, 1837)",Apodidae,Apus,nipalensis,Species,R,Whole year,178
370,Kunming Tanhua Temple,"Motacilla alba (Linnaeus, 1758)",Motacillidae,Motacilla,alba,Species,R,Whole year,178
370,Kunming Tanhua Temple,"Garrulax sannio (Swinhoe, 1867)",Leiothrichidae,Garrulax,sannio,Species,R,Whole year,178
370,Kunming Tanhua Temple,"Parus major (Linnaeus, 1758)",Paridae,Parus,major,Species,R,Whole year,178
370,Kunming Tanhua Temple,"Culicicapa ceylonensis (Swainson, 1820)",Muscicapidae,Culicicapa,ceylonensis,Species,M,Whole year,178
370,Kunming Tanhua Temple,"Hypsipetes leucocephalus (Gmelin, 1789)",Pycnonotidae,Hypsipetes,leucocephalus,Species,M,Whole year,178
370,Kunming Tanhua Temple,"Carduelis ambigua (Oustalet, 1896)",Fringillidae,Carduelis,ambigua,Species,R,Whole year,178
370,Kunming Tanhua Temple,"Pycnonotus xanthorrhous (Anderson, 1869)",Pycnonotidae,Pycnonotus,xanthorrhous,Species,R,Whole year,178
370,Kunming Tanhua Temple,"Phylloscopus proregulus (Pallas, 1811)",Phylloscopidae,Phylloscopus,proregulus,Species,M,Whole year,178
370,Kunming Tanhua Temple,"Zosterops palpebrosus (Temminck, 1824)",Zosteropidae,Zosterops,palpebrosus,Species,R,Whole year,178
370,Kunming Tanhua Temple,"Minla cyanouroptera (Hodgson, 1837)",Leiothrichidae,Minla,cyanouroptera,Species,R,Whole year,178
370,Kunming Tanhua Temple,"Passer montanus (Linnaeus, 1758)",Passeridae,Passer,montanus,Species,R,Whole year,178
370,Kunming Tanhua Temple,"Copsychus saularis (Linnaeus, 1758)",Muscicapidae,Copsychus,saularis,Species,R,Whole year,178
370,Kunming Tanhua Temple,"Anthus hodgsoni (Richmond, 1907)",Motacillidae,Anthus,hodgsoni,Species,M,Whole year,178
370,Kunming Tanhua Temple,"Pica pica (Linnaeus, 1758)",Corvidae,Pica,pica,Species,R,Whole year,178
371,Kunming Wujiatang,"Acridotheres cristatellus (Linnaeus, 1758)",Sturnidae,Acridotheres,cristatellus,Species,R,Whole year,178
371,Kunming Wujiatang,"Pycnonotus aurigaster (Vieillot, 1818)",Pycnonotidae,Pycnonotus,aurigaster,Species,R,Whole year,178
371,Kunming Wujiatang,"Motacilla alba (Linnaeus, 1758)",Motacillidae,Motacilla,alba,Species,R,Whole year,178
371,Kunming Wujiatang,"Garrulax sannio (Swinhoe, 1867)",Leiothrichidae,Garrulax,sannio,Species,R,Whole year,178
371,Kunming Wujiatang,"Egretta garzetta (Linnaeus, 1766)",Ardeidae,Egretta,garzetta,Species,R,Whole year,178
371,Kunming Wujiatang,"Pycnonotus sinensis (Gmelin, 1789)",Pycnonotidae,Pycnonotus,sinensis,Species,R,Whole year,178
371,Kunming Wujiatang,"Halcyon smyrnensis (Linnaeus, 1758)",Alcedinidae,Halcyon,smyrnensis,Species,R,Whole year,178
371,Kunming Wujiatang,"Amaurornis phoenicurus (Pennant, 1769)",Rallidae,Amaurornis,phoenicurus,Species,R,Whole year,178
371,Kunming Wujiatang,"Lonchura punctulata (Linnaeus, 1758)",Estrildidae,Lonchura,punctulata,Species,R,Whole year,178
371,Kunming Wujiatang,"Ardea cinerea (Linnaeus, 1758)",Ardeidae,Ardea,cinerea,Species,R,Whole year,178
371,Kunming Wujiatang,"Ardeola bacchus (Bonaparte, 1855)",Ardeidae,Ardeola,bacchus,Species,M,Whole year,178
371,Kunming Wujiatang,"Acrocephalus arundinaceus (Linnaeus, 1758)",Acrocephalidae,Acrocephalus,arundinaceus,Species,M,Whole year,178
371,Kunming Wujiatang,"Culicicapa ceylonensis (Swainson, 1820)",Muscicapidae,Culicicapa,ceylonensis,Species,M,Whole year,178
371,Kunming Wujiatang,"Prinia inornata (Sykes, 1832)",Cisticolidae,Prinia,inornata,Species,R,Whole year,178
371,Kunming Wujiatang,"Saxicola torquatus (Linnaeus, 1766)",Muscicapidae,Saxicola,torquatus,Species,R,Whole year,178
371,Kunming Wujiatang,"Gallinula chloropus (Linnaeus, 1758)",Rallidae,Gallinula,chloropus,Species,R,Whole year,178
371,Kunming Wujiatang,"Eophona migratoria (Hartert, 1903)",Fringillidae,Eophona,migratoria,Species,M,Whole year,178
371,Kunming Wujiatang,"Luscinia pectoralis (Gould, 1837)",Muscicapidae,Luscinia,pectoralis,Species,M,Whole year,178
371,Kunming Wujiatang,"Milvus migrans (Boddaert, 1783)",Accipitridae,Milvus,migrans,Species,R,Whole year,178
371,Kunming Wujiatang,"Luscinia calliope (Pallas, 1776)",Muscicapidae,Luscinia,calliope,Species,M,Whole year,178
371,Kunming Wujiatang,"Ficedula albicilla (Pallas, 1811)",Muscicapidae,Ficedula,albicilla,Species,M,Whole year,178
371,Kunming Wujiatang,"Falco tinnunculus (Linnaeus, 1758)",Falconidae,Falco,tinnunculus,Species,R,Whole year,178
371,Kunming Wujiatang,"Larus ridibundus (Linnaeus, 1766)",Laridae,Larus,ridibundus,Species,M,Whole year,178
371,Kunming Wujiatang,"Motacilla citreola (Pallas, 1776)",Motacillidae,Motacilla,citreola,Species,R,Whole year,178
371,Kunming Wujiatang,"Pycnonotus xanthorrhous (Anderson, 1869)",Pycnonotidae,Pycnonotus,xanthorrhous,Species,R,Whole year,178
371,Kunming Wujiatang,"Ixobrychus sinensis (Gmelin, 1789)",Ardeidae,Ixobrychus,sinensis,Species,M,Whole year,178
371,Kunming Wujiatang,"Phylloscopus proregulus (Pallas, 1811)",Phylloscopidae,Phylloscopus,proregulus,Species,M,Whole year,178
371,Kunming Wujiatang,"Paradoxornis alphonsianus (J.Verreaux, 1870)",Paradoxornithidae,Paradoxornis,alphonsianus,Species,R,Whole year,178
371,Kunming Wujiatang,"Sturnus cineraceus (Temminck, 1835)",Sturnidae,Sturnus,cineraceus,Species,R,Whole year,178
371,Kunming Wujiatang,"Emberiza spodocephala (Pallas, 1776)",Emberizidae,Emberiza,spodocephala,Species,M,Whole year,178
371,Kunming Wujiatang,"Streptopelia tranquebarica (Hermann, 1804)",Columbidae,Streptopelia,tranquebarica,Species,R,Whole year,178
371,Kunming Wujiatang,"Hirundo rustica (Linnaeus, 1758)",Laridae,Hirundo,rustica,Species,R,Whole year,178
371,Kunming Wujiatang,"Lanius collurioides (Lesson, 1832)",Laniidae,Lanius,collurioides,Species,R,Whole year,178
371,Kunming Wujiatang,"Merops philippinus (Linnaeus, 1766)",Meropidae,Merops,philippinus,Species,M,Whole year,178
371,Kunming Wujiatang,"Passer montanus (Linnaeus, 1758)",Passeridae,Passer,montanus,Species,R,Whole year,178
371,Kunming Wujiatang,"Bubulcus ibis (Linnaeus, 1758)",Ardeidae,Bubulcus,ibis,Species,R,Whole year,178
371,Kunming Wujiatang,"Alcedo atthis (Linnaeus, 1758)",Alcedinidae,Alcedo,atthis,Species,R,Whole year,178
371,Kunming Wujiatang,"Copsychus saularis (Linnaeus, 1758)",Muscicapidae,Copsychus,saularis,Species,R,Whole year,178
371,Kunming Wujiatang,"Anthus hodgsoni (Richmond, 1907)",Motacillidae,Anthus,hodgsoni,Species,M,Whole year,178
371,Kunming Wujiatang,"Sturnus sericeus (Gmelin, 1789)",Sturnidae,Sturnus,sericeus,Species,R,Whole year,178
371,Kunming Wujiatang,"Tachybaptus ruficollis (Pallas, 1764)",Podicipedidae,Tachybaptus,ruficollis,Species,R,Whole year,178
371,Kunming Wujiatang,"Apus nipalensis (Hodgson, 1837)",Apodidae,Apus,nipalensis,Species,R,Whole year,178
371,Kunming Wujiatang,"Jynx torquilla (Linnaeus, 1758)",Picidae,Jynx,torquilla,Species,M,Whole year,178
371,Kunming Wujiatang,"Stigmatopelia chinensis (Scopoli, 1768)",Columbidae,Stigmatopelia,chinensis,Species,R,Whole year,178
371,Kunming Wujiatang,"Lanius schach (Linnaeus, 1758)",Laniidae,Lanius,schach,Species,R,Whole year,178
372,Kunming Xihua Park,"Acridotheres cristatellus (Linnaeus, 1758)",Sturnidae,Acridotheres,cristatellus,Species,R,Whole year,178
372,Kunming Xihua Park,"Motacilla alba (Linnaeus, 1758)",Motacillidae,Motacilla,alba,Species,R,Whole year,178
372,Kunming Xihua Park,"Garrulax sannio (Swinhoe, 1867)",Leiothrichidae,Garrulax,sannio,Species,R,Whole year,178
372,Kunming Xihua Park,"Lonchura striata (Linnaeus, 1766)",Estrildidae,Lonchura,striata,Species,R,Whole year,178
372,Kunming Xihua Park,"Culicicapa ceylonensis (Swainson, 1820)",Muscicapidae,Culicicapa,ceylonensis,Species,M,Whole year,178
372,Kunming Xihua Park,"Ficedula albicilla (Pallas, 1811)",Muscicapidae,Ficedula,albicilla,Species,M,Whole year,178
372,Kunming Xihua Park,"Aegithalos concinnus (Gould, 1855)",Aegithalidae,Aegithalos,concinnus,Species,R,Whole year,178
372,Kunming Xihua Park,"Phylloscopus inornatus (Blyth, 1842)",Phylloscopidae,Phylloscopus,inornatus,Species,M,Whole year,178
372,Kunming Xihua Park,"Pycnonotus xanthorrhous (Anderson, 1869)",Pycnonotidae,Pycnonotus,xanthorrhous,Species,R,Whole year,178
372,Kunming Xihua Park,"Phylloscopus proregulus (Pallas, 1811)",Phylloscopidae,Phylloscopus,proregulus,Species,M,Whole year,178
372,Kunming Xihua Park,"Zosterops palpebrosus (Temminck, 1824)",Zosteropidae,Zosterops,palpebrosus,Species,R,Whole year,178
372,Kunming Xihua Park,"Motacilla cinerea (Tunstall, 1771)",Motacillidae,Motacilla,cinerea,Species,M,Whole year,178
372,Kunming Xihua Park,"Sturnus cineraceus (Temminck, 1835)",Sturnidae,Sturnus,cineraceus,Species,R,Whole year,178
372,Kunming Xihua Park,"Hirundo rustica (Linnaeus, 1758)",Laridae,Hirundo,rustica,Species,R,Whole year,178
372,Kunming Xihua Park,"Hirundo daurica (Laxmann, 1769)",Laridae,Hirundo,daurica,Species,M,Whole year,178
372,Kunming Xihua Park,"Minla cyanouroptera (Hodgson, 1837)",Leiothrichidae,Minla,cyanouroptera,Species,R,Whole year,178
372,Kunming Xihua Park,"Passer montanus (Linnaeus, 1758)",Passeridae,Passer,montanus,Species,R,Whole year,178
372,Kunming Xihua Park,"Copsychus saularis (Linnaeus, 1758)",Muscicapidae,Copsychus,saularis,Species,R,Whole year,178
372,Kunming Xihua Park,"Anthus hodgsoni (Richmond, 1907)",Motacillidae,Anthus,hodgsoni,Species,M,Whole year,178
372,Kunming Xihua Park,"Anthus spinoletta (Linnaeus, 1758)",Motacillidae,Anthus,spinoletta,Species,M,Whole year,178
372,Kunming Xihua Park,"Apus nipalensis (Hodgson, 1837)",Apodidae,Apus,nipalensis,Species,R,Whole year,178
373,Kunming Yuantong Mountain Zoo,"Motacilla alba (Linnaeus, 1758)",Motacillidae,Motacilla,alba,Species,R,Whole year,178
373,Kunming Yuantong Mountain Zoo,"Garrulax sannio (Swinhoe, 1867)",Leiothrichidae,Garrulax,sannio,Species,R,Whole year,178
373,Kunming Yuantong Mountain Zoo,"Parus major (Linnaeus, 1758)",Paridae,Parus,major,Species,R,Whole year,178
373,Kunming Yuantong Mountain Zoo,"Spizixos canifrons (Blyth, 1845)",Pycnonotidae,Spizixos,canifrons,Species,R,Whole year,178
373,Kunming Yuantong Mountain Zoo,"Phylloscopus reguloides (Blyth, 1842)",Phylloscopidae,Phylloscopus,reguloides,Species,M,Whole year,178
373,Kunming Yuantong Mountain Zoo,"Carduelis ambigua (Oustalet, 1896)",Fringillidae,Carduelis,ambigua,Species,R,Whole year,178
373,Kunming Yuantong Mountain Zoo,"Eophona migratoria (Hartert, 1903)",Fringillidae,Eophona,migratoria,Species,M,Whole year,178
373,Kunming Yuantong Mountain Zoo,"Milvus migrans (Boddaert, 1783)",Accipitridae,Milvus,migrans,Species,R,Whole year,178
373,Kunming Yuantong Mountain Zoo,"Pycnonotus jocosus (Linnaeus, 1758)",Pycnonotidae,Pycnonotus,jocosus,Species,R,Whole year,178
373,Kunming Yuantong Mountain Zoo,"Luscinia calliope (Pallas, 1776)",Muscicapidae,Luscinia,calliope,Species,M,Whole year,178
373,Kunming Yuantong Mountain Zoo,"Ficedula albicilla (Pallas, 1811)",Muscicapidae,Ficedula,albicilla,Species,M,Whole year,178
373,Kunming Yuantong Mountain Zoo,"Stachyris ruficeps (Blyth, 1847)",Timaliidae,Stachyris,ruficeps,Species,R,Whole year,178
373,Kunming Yuantong Mountain Zoo,"Aegithalos concinnus (Gould, 1855)",Aegithalidae,Aegithalos,concinnus,Species,R,Whole year,178
373,Kunming Yuantong Mountain Zoo,"Dicaeum ignipectus (Blyth, 1843)",Dicaeidae,Dicaeum,ignipectus,Species,R,Whole year,178
373,Kunming Yuantong Mountain Zoo,"Larus ridibundus (Linnaeus, 1766)",Laridae,Larus,ridibundus,Species,M,Whole year,178
373,Kunming Yuantong Mountain Zoo,"Leiothrix lutea (Scopoli, 1786)",Leiothrichidae,Leiothrix,lutea,Species,R,Whole year,178
373,Kunming Yuantong Mountain Zoo,"Phylloscopus inornatus (Blyth, 1842)",Phylloscopidae,Phylloscopus,inornatus,Species,M,Whole year,178
373,Kunming Yuantong Mountain Zoo,"Pycnonotus xanthorrhous (Anderson, 1869)",Pycnonotidae,Pycnonotus,xanthorrhous,Species,R,Whole year,178
373,Kunming Yuantong Mountain Zoo,"Phylloscopus proregulus (Pallas, 1811)",Phylloscopidae,Phylloscopus,proregulus,Species,M,Whole year,178
373,Kunming Yuantong Mountain Zoo,"Zosterops palpebrosus (Temminck, 1824)",Zosteropidae,Zosterops,palpebrosus,Species,R,Whole year,178
373,Kunming Yuantong Mountain Zoo,"Ficedula tricolor (Hodgson, 1845)",Muscicapidae,Ficedula,tricolor,Species,M,Whole year,178
373,Kunming Yuantong Mountain Zoo,"Cyanopica cyanus (Pallas, 1776)",Corvidae,Cyanopica,cyanus,Species,R,Whole year,178
373,Kunming Yuantong Mountain Zoo,"Seicercus burkii (Burton, 1836)",Muscicapidae,Seicercus,burkii,Species,M,Whole year,178
373,Kunming Yuantong Mountain Zoo,"Minla cyanouroptera (Hodgson, 1837)",Leiothrichidae,Minla,cyanouroptera,Species,R,Whole year,178
373,Kunming Yuantong Mountain Zoo,"Phoenicurus frontalis (Vigors, 1832)",Muscicapidae,Phoenicurus,frontalis,Species,R,Whole year,178
373,Kunming Yuantong Mountain Zoo,"Tarsiger cyanurus (Pallas, 1773)",Muscicapidae,Tarsiger,cyanurus,Species,M,Whole year,178
373,Kunming Yuantong Mountain Zoo,"Passer montanus (Linnaeus, 1758)",Passeridae,Passer,montanus,Species,R,Whole year,178
373,Kunming Yuantong Mountain Zoo,"Copsychus saularis (Linnaeus, 1758)",Muscicapidae,Copsychus,saularis,Species,R,Whole year,178
373,Kunming Yuantong Mountain Zoo,"Anthus hodgsoni (Richmond, 1907)",Motacillidae,Anthus,hodgsoni,Species,M,Whole year,178
373,Kunming Yuantong Mountain Zoo,"Pica pica (Linnaeus, 1758)",Corvidae,Pica,pica,Species,R,Whole year,178
373,Kunming Yuantong Mountain Zoo,"Egretta garzetta (Linnaeus, 1766)",Ardeidae,Egretta,garzetta,Species,R,Whole year,178
373,Kunming Yuantong Mountain Zoo,"Fringilla montifringilla (Linnaeus, 1758)",Fringillidae,Fringilla,montifringilla,Species,M,Whole year,178
373,Kunming Yuantong Mountain Zoo,"Nycticorax nycticorax (Linnaeus, 1758)",Ardeidae,Nycticorax,nycticorax,Species,M,Whole year,178
373,Kunming Yuantong Mountain Zoo,"Stigmatopelia chinensis (Scopoli, 1768)",Columbidae,Stigmatopelia,chinensis,Species,R,Whole year,178
373,Kunming Yuantong Mountain Zoo,"Myophonus caeruleus (Scopoli, 1786)",Muscicapidae,Myophonus,caeruleus,Species,R,Whole year,178
373,Kunming Yuantong Mountain Zoo,"Niltava sundara (Hodgson, 1837)",Muscicapidae,Niltava,sundara,Species,M,Whole year,178
373,Kunming Yuantong Mountain Zoo,"Alcippe ruficapilla (J.Verreaux, 1870)",Pellorneidae,Alcippe,ruficapilla,Species,R,Whole year,178
374,Kunming Zhuantang Park,"Motacilla alba (Linnaeus, 1758)",Motacillidae,Motacilla,alba,Species,R,Whole year,178
374,Kunming Zhuantang Park,"Amaurornis phoenicurus (Pennant, 1769)",Rallidae,Amaurornis,phoenicurus,Species,R,Whole year,178
374,Kunming Zhuantang Park,"Ardeola bacchus (Bonaparte, 1855)",Ardeidae,Ardeola,bacchus,Species,M,Whole year,178
374,Kunming Zhuantang Park,"Larus ridibundus (Linnaeus, 1766)",Laridae,Larus,ridibundus,Species,M,Whole year,178
374,Kunming Zhuantang Park,"Pycnonotus xanthorrhous (Anderson, 1869)",Pycnonotidae,Pycnonotus,xanthorrhous,Species,R,Whole year,178
374,Kunming Zhuantang Park,"Motacilla cinerea (Tunstall, 1771)",Motacillidae,Motacilla,cinerea,Species,M,Whole year,178
374,Kunming Zhuantang Park,"Passer montanus (Linnaeus, 1758)",Passeridae,Passer,montanus,Species,R,Whole year,178
374,Kunming Zhuantang Park,"Copsychus saularis (Linnaeus, 1758)",Muscicapidae,Copsychus,saularis,Species,R,Whole year,178
374,Kunming Zhuantang Park,"Tachybaptus ruficollis (Pallas, 1764)",Podicipedidae,Tachybaptus,ruficollis,Species,R,Whole year,178
374,Kunming Zhuantang Park,"Pica pica (Linnaeus, 1758)",Corvidae,Pica,pica,Species,M,Whole year,178
375,Loudi Chunyuan Park,"Streptopelia orientalis (Latham, 1790)",Columbidae,Streptopelia,orientalis,Species,R,Whole year,128
375,Loudi Chunyuan Park,"Stigmatopelia chinensis (Scopoli, 1768)",Columbidae,Stigmatopelia,chinensis,Species,R,Whole year,128
375,Loudi Chunyuan Park,"Alcedo atthis (Linnaeus, 1758)",Alcedinidae,Alcedo,atthis,Species,R,Whole year,128
375,Loudi Chunyuan Park,"Hirundo rustica (Linnaeus, 1758)",Laridae,Hirundo,rustica,Species,M,Whole year,128
375,Loudi Chunyuan Park,"Hirundo daurica (Laxmann, 1769)",Laridae,Hirundo,daurica,Species,M,Whole year,128
375,Loudi Chunyuan Park,"Motacilla alba (Linnaeus, 1758)",Motacillidae,Motacilla,alba,Species,R,Whole year,128
375,Loudi Chunyuan Park,"Anthus hodgsoni (Richmond, 1907)",Motacillidae,Anthus,hodgsoni,Species,M,Whole year,128
375,Loudi Chunyuan Park,"Anthus spinoletta (Linnaeus, 1758)",Motacillidae,Anthus,spinoletta,Species,M,Whole year,128
375,Loudi Chunyuan Park,"Pycnonotus sinensis (Gmelin, 1789)",Pycnonotidae,Pycnonotus,sinensis,Species,R,Whole year,128
375,Loudi Chunyuan Park,"Lanius schach (Linnaeus, 1758)",Laniidae,Lanius,schach,Species,R,Whole year,128
375,Loudi Chunyuan Park,"Dicrurus macrocercus (Vieillot, 1817)",Dicruridae,Dicrurus,macrocercus,Species,M,Whole year,128
375,Loudi Chunyuan Park,"Acridotheres cristatellus (Linnaeus, 1758)",Sturnidae,Acridotheres,cristatellus,Species,R,Whole year,128
375,Loudi Chunyuan Park,"Copsychus saularis (Linnaeus, 1758)",Muscicapidae,Copsychus,saularis,Species,R,Whole year,128
375,Loudi Chunyuan Park,"Phoenicurus auroreus (Pallas, 1776)",Muscicapidae,Phoenicurus,auroreus,Species,M,Whole year,128
375,Loudi Chunyuan Park,"Turdus naumanni (Temminck, 1820)",Turdidae,Turdus,naumanni,Species,M,Whole year,128
375,Loudi Chunyuan Park,"Saxicola torquatus (Linnaeus, 1766)",Muscicapidae,Saxicola,torquatus,Species,M,Whole year,128
375,Loudi Chunyuan Park,"Paradoxornis webbianus (Gould, 1852)",Paradoxornithidae,Paradoxornis,webbianus,Species,R,Whole year,128
375,Loudi Chunyuan Park,"Phylloscopus inornatus (Blyth, 1842)",Phylloscopidae,Phylloscopus,inornatus,Species,M,Whole year,128
375,Loudi Chunyuan Park,"Cettia fortipes (Hodgson, 1845)",Cettiidae,Cettia,fortipes,Species,R,Whole year,128
375,Loudi Chunyuan Park,"Parus major (Linnaeus, 1758)",Paridae,Parus,major,Species,R,Whole year,128
375,Loudi Chunyuan Park,"Passer montanus (Linnaeus, 1758)",Passeridae,Passer,montanus,Species,R,Whole year,128
375,Loudi Chunyuan Park,"Lonchura striata (Linnaeus, 1766)",Estrildidae,Lonchura,striata,Species,R,Whole year,128
375,Loudi Chunyuan Park,"Fringilla montifringilla (Linnaeus, 1758)",Fringillidae,Fringilla,montifringilla,Species,M,Whole year,128
376,Loudi Louxing Square,"Streptopelia orientalis (Latham, 1790)",Columbidae,Streptopelia,orientalis,Species,R,Whole year,128
376,Loudi Louxing Square,"Stigmatopelia chinensis (Scopoli, 1768)",Columbidae,Stigmatopelia,chinensis,Species,R,Whole year,128
376,Loudi Louxing Square,"Ceryle rudis (Linnaeus, 1758)",Alcedinidae,Ceryle,rudis,Species,R,Whole year,128
376,Loudi Louxing Square,"Alcedo atthis (Linnaeus, 1758)",Alcedinidae,Alcedo,atthis,Species,R,Whole year,128
376,Loudi Louxing Square,"Hirundo rustica (Linnaeus, 1758)",Laridae,Hirundo,rustica,Species,M,Whole year,128
376,Loudi Louxing Square,"Hirundo daurica (Laxmann, 1769)",Laridae,Hirundo,daurica,Species,M,Whole year,128
376,Loudi Louxing Square,"Motacilla alba (Linnaeus, 1758)",Motacillidae,Motacilla,alba,Species,R,Whole year,128
376,Loudi Louxing Square,"Pycnonotus sinensis (Gmelin, 1789)",Pycnonotidae,Pycnonotus,sinensis,Species,R,Whole year,128
376,Loudi Louxing Square,"Lanius schach (Linnaeus, 1758)",Laniidae,Lanius,schach,Species,R,Whole year,128
376,Loudi Louxing Square,"Sturnus sericeus (Gmelin, 1789)",Sturnidae,Sturnus,sericeus,Species,M,Whole year,128
376,Loudi Louxing Square,"Acridotheres cristatellus (Linnaeus, 1758)",Sturnidae,Acridotheres,cristatellus,Species,R,Whole year,128
376,Loudi Louxing Square,"Copsychus saularis (Linnaeus, 1758)",Muscicapidae,Copsychus,saularis,Species,R,Whole year,128
376,Loudi Louxing Square,"Phoenicurus auroreus (Pallas, 1776)",Muscicapidae,Phoenicurus,auroreus,Species,M,Whole year,128
376,Loudi Louxing Square,"Turdus merula (Linnaeus, 1758)",Turdidae,Turdus,merula,Species,R,Whole year,128
376,Loudi Louxing Square,"Phylloscopus inornatus (Blyth, 1842)",Phylloscopidae,Phylloscopus,inornatus,Species,M,Whole year,128
376,Loudi Louxing Square,"Cettia fortipes (Hodgson, 1845)",Cettiidae,Cettia,fortipes,Species,R,Whole year,128
376,Loudi Louxing Square,"Parus major (Linnaeus, 1758)",Paridae,Parus,major,Species,R,Whole year,128
376,Loudi Louxing Square,"Passer montanus (Linnaeus, 1758)",Passeridae,Passer,montanus,Species,R,Whole year,128
376,Loudi Louxing Square,"Eophona migratoria (Hartert, 1903)",Fringillidae,Eophona,migratoria,Species,M,Whole year,128
377,Loudi Qingshan Park,"Butorides striata (Linnaeus, 1758)",Ardeidae,Butorides,striata,Species,M,Whole year,128
377,Loudi Qingshan Park,"Ardeola bacchus (Bonaparte, 1855)",Ardeidae,Ardeola,bacchus,Species,M,Whole year,128
377,Loudi Qingshan Park,"Egretta garzetta (Linnaeus, 1766)",Ardeidae,Egretta,garzetta,Species,M,Whole year,128
377,Loudi Qingshan Park,"Accipiter nisus (Linnaeus, 1758)",Accipitridae,Accipiter,nisus,Species,M,Whole year,128
377,Loudi Qingshan Park,"Streptopelia orientalis (Latham, 1790)",Columbidae,Streptopelia,orientalis,Species,R,Whole year,128
377,Loudi Qingshan Park,"Stigmatopelia chinensis (Scopoli, 1768)",Columbidae,Stigmatopelia,chinensis,Species,R,Whole year,128
377,Loudi Qingshan Park,"Cuculus micropterus (Gould, 1838)",scolopacea,Cuculus,micropterus,Species,M,Whole year,128
377,Loudi Qingshan Park,"Alcedo atthis (Linnaeus, 1758)",Alcedinidae,Alcedo,atthis,Species,R,Whole year,128
377,Loudi Qingshan Park,"Alauda gulgula (Franklin, 1831)",Alaudidae,Alauda,gulgula,Species,R,Whole year,128
377,Loudi Qingshan Park,"Hirundo rustica (Linnaeus, 1758)",Laridae,Hirundo,rustica,Species,M,Whole year,128
377,Loudi Qingshan Park,"Hirundo daurica (Laxmann, 1769)",Laridae,Hirundo,daurica,Species,M,Whole year,128
377,Loudi Qingshan Park,"Motacilla alba (Linnaeus, 1758)",Motacillidae,Motacilla,alba,Species,R,Whole year,128
377,Loudi Qingshan Park,"Anthus spinoletta (Linnaeus, 1758)",Motacillidae,Anthus,spinoletta,Species,M,Whole year,128
377,Loudi Qingshan Park,"Pycnonotus sinensis (Gmelin, 1789)",Pycnonotidae,Pycnonotus,sinensis,Species,R,Whole year,128
377,Loudi Qingshan Park,"Lanius schach (Linnaeus, 1758)",Laniidae,Lanius,schach,Species,R,Whole year,128
377,Loudi Qingshan Park,"Sturnus sericeus (Gmelin, 1789)",Sturnidae,Sturnus,sericeus,Species,M,Whole year,128
377,Loudi Qingshan Park,"Acridotheres cristatellus (Linnaeus, 1758)",Sturnidae,Acridotheres,cristatellus,Species,R,Whole year,128
377,Loudi Qingshan Park,"Copsychus saularis (Linnaeus, 1758)",Muscicapidae,Copsychus,saularis,Species,R,Whole year,128
377,Loudi Qingshan Park,"Saxicola torquatus (Linnaeus, 1766)",Muscicapidae,Saxicola,torquatus,Species,M,Whole year,128
377,Loudi Qingshan Park,"Paradoxornis webbianus (Gould, 1852)",Paradoxornithidae,Paradoxornis,webbianus,Species,R,Whole year,128
377,Loudi Qingshan Park,"Phylloscopus inornatus (Blyth, 1842)",Phylloscopidae,Phylloscopus,inornatus,Species,M,Whole year,128
377,Loudi Qingshan Park,"Parus major (Linnaeus, 1758)",Paridae,Parus,major,Species,R,Whole year,128
377,Loudi Qingshan Park,"Passer montanus (Linnaeus, 1758)",Passeridae,Passer,montanus,Species,R,Whole year,128
377,Loudi Qingshan Park,"Carduelis sinica (Linnaeus, 1766)",Fringillidae,Carduelis,sinica,Species,R,Whole year,128
377,Loudi Qingshan Park,"Eophona migratoria (Hartert, 1903)",Fringillidae,Eophona,migratoria,Species,M,Whole year,128
378,Loudi Stone Horse Park,"Tachybaptus ruficollis (Pallas, 1764)",Podicipedidae,Tachybaptus,ruficollis,Species,R,Whole year,128
378,Loudi Stone Horse Park,"Bambusicola thoracicus (Temminck, 1815)",Phasianidae,Bambusicola,thoracicus,Species,R,Whole year,128
378,Loudi Stone Horse Park,"Gallinula chloropus (Linnaeus, 1758)",Rallidae,Gallinula,chloropus,Species,M,Whole year,128
378,Loudi Stone Horse Park,"Streptopelia orientalis (Latham, 1790)",Columbidae,Streptopelia,orientalis,Species,R,Whole year,128
378,Loudi Stone Horse Park,"Stigmatopelia chinensis (Scopoli, 1768)",Columbidae,Stigmatopelia,chinensis,Species,R,Whole year,128
378,Loudi Stone Horse Park,"Ceryle rudis (Linnaeus, 1758)",Alcedinidae,Ceryle,rudis,Species,R,Whole year,128
378,Loudi Stone Horse Park,"Alcedo atthis (Linnaeus, 1758)",Alcedinidae,Alcedo,atthis,Species,R,Whole year,128
378,Loudi Stone Horse Park,"Picumnus innominatus (Burton, 1836)",Picidae,Picumnus,innominatus,Species,R,Whole year,128
378,Loudi Stone Horse Park,"Alauda gulgula (Franklin, 1831)",Alaudidae,Alauda,gulgula,Species,R,Whole year,128
378,Loudi Stone Horse Park,"Hirundo rustica (Linnaeus, 1758)",Laridae,Hirundo,rustica,Species,M,Whole year,128
378,Loudi Stone Horse Park,"Hirundo daurica (Laxmann, 1769)",Laridae,Hirundo,daurica,Species,M,Whole year,128
378,Loudi Stone Horse Park,"Motacilla alba (Linnaeus, 1758)",Motacillidae,Motacilla,alba,Species,R,Whole year,128
378,Loudi Stone Horse Park,"Anthus hodgsoni (Richmond, 1907)",Motacillidae,Anthus,hodgsoni,Species,M,Whole year,128
378,Loudi Stone Horse Park,"Anthus spinoletta (Linnaeus, 1758)",Motacillidae,Anthus,spinoletta,Species,M,Whole year,128
378,Loudi Stone Horse Park,"Pycnonotus sinensis (Gmelin, 1789)",Pycnonotidae,Pycnonotus,sinensis,Species,R,Whole year,128
378,Loudi Stone Horse Park,"Lanius schach (Linnaeus, 1758)",Laniidae,Lanius,schach,Species,R,Whole year,128
378,Loudi Stone Horse Park,"Dicrurus macrocercus (Vieillot, 1817)",Dicruridae,Dicrurus,macrocercus,Species,M,Whole year,128
378,Loudi Stone Horse Park,"Sturnus sericeus (Gmelin, 1789)",Sturnidae,Sturnus,sericeus,Species,M,Whole year,128
378,Loudi Stone Horse Park,"Acridotheres cristatellus (Linnaeus, 1758)",Sturnidae,Acridotheres,cristatellus,Species,R,Whole year,128
378,Loudi Stone Horse Park,"Copsychus saularis (Linnaeus, 1758)",Muscicapidae,Copsychus,saularis,Species,R,Whole year,128
378,Loudi Stone Horse Park,"Phoenicurus auroreus (Pallas, 1776)",Muscicapidae,Phoenicurus,auroreus,Species,M,Whole year,128
378,Loudi Stone Horse Park,"Rhyacornis fuliginosa (Vigors, 1831)",Muscicapidae,Rhyacornis,fuliginosa,Species,R,Whole year,128
378,Loudi Stone Horse Park,"Turdus merula (Linnaeus, 1758)",Turdidae,Turdus,merula,Species,R,Whole year,128
378,Loudi Stone Horse Park,"Saxicola torquatus (Linnaeus, 1766)",Muscicapidae,Saxicola,torquatus,Species,M,Whole year,128
378,Loudi Stone Horse Park,"Paradoxornis webbianus (Gould, 1852)",Paradoxornithidae,Paradoxornis,webbianus,Species,R,Whole year,128
378,Loudi Stone Horse Park,"Cettia fortipes (Hodgson, 1845)",Cettiidae,Cettia,fortipes,Species,R,Whole year,128
378,Loudi Stone Horse Park,"Parus major (Linnaeus, 1758)",Paridae,Parus,major,Species,R,Whole year,128
378,Loudi Stone Horse Park,"Parus venustulus (R. Swinhoe, 1870)",Paridae,Parus,venustulus,Species,R,Whole year,128
378,Loudi Stone Horse Park,"Passer montanus (Linnaeus, 1758)",Passeridae,Passer,montanus,Species,R,Whole year,128
378,Loudi Stone Horse Park,"Carduelis sinica (Linnaeus, 1766)",Fringillidae,Carduelis,sinica,Species,R,Whole year,128
378,Loudi Stone Horse Park,"Eophona migratoria (Hartert, 1903)",Fringillidae,Eophona,migratoria,Species,M,Whole year,128
378,Loudi Stone Horse Park,"Emberiza pusilla (Pallas, 1776)",Emberizidae,Emberiza,pusilla,Species,M,Whole year,128
379,Loudi Sunshuihe Park,"Tachybaptus ruficollis (Pallas, 1764)",Podicipedidae,Tachybaptus,ruficollis,Species,R,Whole year,128
379,Loudi Sunshuihe Park,"Butorides striata (Linnaeus, 1758)",Ardeidae,Butorides,striata,Species,M,Whole year,128
379,Loudi Sunshuihe Park,"Ardeola bacchus (Bonaparte, 1855)",Ardeidae,Ardeola,bacchus,Species,M,Whole year,128
379,Loudi Sunshuihe Park,"Egretta garzetta (Linnaeus, 1766)",Ardeidae,Egretta,garzetta,Species,M,Whole year,128
379,Loudi Sunshuihe Park,"Nycticorax nycticorax (Linnaeus, 1758)",Ardeidae,Nycticorax,nycticorax,Species,M,Whole year,128
379,Loudi Sunshuihe Park,"Falco tinnunculus (Linnaeus, 1758)",Falconidae,Falco,tinnunculus,Species,R,Whole year,128
379,Loudi Sunshuihe Park,"Gallinula chloropus (Linnaeus, 1758)",Rallidae,Gallinula,chloropus,Species,M,Whole year,128
379,Loudi Sunshuihe Park,"Tringa ochropus (Linnaeus, 1758)",Scolopacidae,Tringa,ochropus,Species,M,Whole year,128
379,Loudi Sunshuihe Park,"Actitis hypoleucos (Linnaeus, 1758)",Scolopacidae,Actitis,hypoleucos,Species,M,Whole year,128
379,Loudi Sunshuihe Park,"Stigmatopelia chinensis (Scopoli, 1768)",Columbidae,Stigmatopelia,chinensis,Species,R,Whole year,128
379,Loudi Sunshuihe Park,"Cuculus micropterus (Gould, 1838)",scolopacea,Cuculus,micropterus,Species,M,Whole year,128
379,Loudi Sunshuihe Park,"Cuculus canorus (Linnaeus, 1758)",scolopacea,Cuculus,canorus,Species,M,Whole year,128
379,Loudi Sunshuihe Park,"Ceryle rudis (Linnaeus, 1758)",Alcedinidae,Ceryle,rudis,Species,R,Whole year,128
379,Loudi Sunshuihe Park,"Alcedo atthis (Linnaeus, 1758)",Alcedinidae,Alcedo,atthis,Species,R,Whole year,128
379,Loudi Sunshuihe Park,"Upupa epops (Linnaeus, 1758)",Upupidae,Upupa,epops,Species,R,Whole year,128
379,Loudi Sunshuihe Park,"Alauda gulgula (Franklin, 1831)",Alaudidae,Alauda,gulgula,Species,R,Whole year,128
379,Loudi Sunshuihe Park,"Hirundo rustica (Linnaeus, 1758)",Laridae,Hirundo,rustica,Species,M,Whole year,128
379,Loudi Sunshuihe Park,"Hirundo daurica (Laxmann, 1769)",Laridae,Hirundo,daurica,Species,M,Whole year,128
379,Loudi Sunshuihe Park,"Motacilla alba (Linnaeus, 1758)",Motacillidae,Motacilla,alba,Species,R,Whole year,128
379,Loudi Sunshuihe Park,"Anthus hodgsoni (Richmond, 1907)",Motacillidae,Anthus,hodgsoni,Species,M,Whole year,128
379,Loudi Sunshuihe Park,"Anthus spinoletta (Linnaeus, 1758)",Motacillidae,Anthus,spinoletta,Species,M,Whole year,128
379,Loudi Sunshuihe Park,"Pycnonotus sinensis (Gmelin, 1789)",Pycnonotidae,Pycnonotus,sinensis,Species,R,Whole year,128
379,Loudi Sunshuihe Park,"Lanius schach (Linnaeus, 1758)",Laniidae,Lanius,schach,Species,R,Whole year,128
379,Loudi Sunshuihe Park,"Dicrurus macrocercus (Vieillot, 1817)",Dicruridae,Dicrurus,macrocercus,Species,M,Whole year,128
379,Loudi Sunshuihe Park,"Acridotheres cristatellus (Linnaeus, 1758)",Sturnidae,Acridotheres,cristatellus,Species,R,Whole year,128
379,Loudi Sunshuihe Park,"Garrulus glandarius (Linnaeus, 1758)",Corvidae,Garrulus,glandarius,Species,R,Whole year,128
379,Loudi Sunshuihe Park,"Copsychus saularis (Linnaeus, 1758)",Muscicapidae,Copsychus,saularis,Species,R,Whole year,128
379,Loudi Sunshuihe Park,"Phoenicurus auroreus (Pallas, 1776)",Muscicapidae,Phoenicurus,auroreus,Species,M,Whole year,128
379,Loudi Sunshuihe Park,"Rhyacornis fuliginosa (Vigors, 1831)",Muscicapidae,Rhyacornis,fuliginosa,Species,R,Whole year,128
379,Loudi Sunshuihe Park,"Turdus merula (Linnaeus, 1758)",Turdidae,Turdus,merula,Species,R,Whole year,128
379,Loudi Sunshuihe Park,"Saxicola torquatus (Linnaeus, 1766)",Muscicapidae,Saxicola,torquatus,Species,M,Whole year,128
379,Loudi Sunshuihe Park,"Paradoxornis webbianus (Gould, 1852)",Paradoxornithidae,Paradoxornis,webbianus,Species,R,Whole year,128
379,Loudi Sunshuihe Park,"Phylloscopus inornatus (Blyth, 1842)",Phylloscopidae,Phylloscopus,inornatus,Species,M,Whole year,128
379,Loudi Sunshuihe Park,"Parus major (Linnaeus, 1758)",Paridae,Parus,major,Species,R,Whole year,128
379,Loudi Sunshuihe Park,"Passer montanus (Linnaeus, 1758)",Passeridae,Passer,montanus,Species,R,Whole year,128
379,Loudi Sunshuihe Park,"Carduelis sinica (Linnaeus, 1766)",Fringillidae,Carduelis,sinica,Species,R,Whole year,128
380,Loudi Yueqin Mountain Park,"Egretta garzetta (Linnaeus, 1766)",Ardeidae,Egretta,garzetta,Species,M,Whole year,128
380,Loudi Yueqin Mountain Park,"Nycticorax nycticorax (Linnaeus, 1758)",Ardeidae,Nycticorax,nycticorax,Species,M,Whole year,128
380,Loudi Yueqin Mountain Park,"Bambusicola thoracicus (Temminck, 1815)",Phasianidae,Bambusicola,thoracicus,Species,R,Whole year,128
380,Loudi Yueqin Mountain Park,"Phasianus colchicus (Linnaeus, 1758)",Jacanidae,Phasianus,colchicus,Species,R,Whole year,128
380,Loudi Yueqin Mountain Park,"Stigmatopelia chinensis (Scopoli, 1768)",Columbidae,Stigmatopelia,chinensis,Species,R,Whole year,128
380,Loudi Yueqin Mountain Park,"Cuculus canorus (Linnaeus, 1758)",scolopacea,Cuculus,canorus,Species,M,Whole year,128
380,Loudi Yueqin Mountain Park,"Alauda gulgula (Franklin, 1831)",Alaudidae,Alauda,gulgula,Species,R,Whole year,128
380,Loudi Yueqin Mountain Park,"Hirundo rustica (Linnaeus, 1758)",Laridae,Hirundo,rustica,Species,M,Whole year,128
380,Loudi Yueqin Mountain Park,"Hirundo daurica (Laxmann, 1769)",Laridae,Hirundo,daurica,Species,M,Whole year,128
380,Loudi Yueqin Mountain Park,"Motacilla alba (Linnaeus, 1758)",Motacillidae,Motacilla,alba,Species,R,Whole year,128
380,Loudi Yueqin Mountain Park,"Anthus hodgsoni (Richmond, 1907)",Motacillidae,Anthus,hodgsoni,Species,M,Whole year,128
380,Loudi Yueqin Mountain Park,"Pycnonotus sinensis (Gmelin, 1789)",Pycnonotidae,Pycnonotus,sinensis,Species,R,Whole year,128
380,Loudi Yueqin Mountain Park,"Lanius schach (Linnaeus, 1758)",Laniidae,Lanius,schach,Species,R,Whole year,128
380,Loudi Yueqin Mountain Park,"Dicrurus macrocercus (Vieillot, 1817)",Dicruridae,Dicrurus,macrocercus,Species,M,Whole year,128
380,Loudi Yueqin Mountain Park,"Acridotheres cristatellus (Linnaeus, 1758)",Sturnidae,Acridotheres,cristatellus,Species,R,Whole year,128
380,Loudi Yueqin Mountain Park,"Copsychus saularis (Linnaeus, 1758)",Muscicapidae,Copsychus,saularis,Species,R,Whole year,128
380,Loudi Yueqin Mountain Park,"Turdus merula (Linnaeus, 1758)",Turdidae,Turdus,merula,Species,R,Whole year,128
380,Loudi Yueqin Mountain Park,"Paradoxornis webbianus (Gould, 1852)",Paradoxornithidae,Paradoxornis,webbianus,Species,R,Whole year,128
380,Loudi Yueqin Mountain Park,"Cettia fortipes (Hodgson, 1845)",Cettiidae,Cettia,fortipes,Species,R,Whole year,128
380,Loudi Yueqin Mountain Park,"Parus major (Linnaeus, 1758)",Paridae,Parus,major,Species,R,Whole year,128
380,Loudi Yueqin Mountain Park,"Passer montanus (Linnaeus, 1758)",Passeridae,Passer,montanus,Species,R,Whole year,128
380,Loudi Yueqin Mountain Park,"Carduelis sinica (Linnaeus, 1766)",Fringillidae,Carduelis,sinica,Species,R,Whole year,128
380,Loudi Yueqin Mountain Park,"Fringilla montifringilla (Linnaeus, 1758)",Fringillidae,Fringilla,montifringilla,Species,M,Whole year,128
380,Loudi Yueqin Mountain Park,"Emberiza pusilla (Pallas, 1776)",Emberizidae,Emberiza,pusilla,Species,M,Whole year,128
381,Loudi Zhushan Park,"Ardeola bacchus (Bonaparte, 1855)",Ardeidae,Ardeola,bacchus,Species,M,Whole year,128
381,Loudi Zhushan Park,"Egretta garzetta (Linnaeus, 1766)",Ardeidae,Egretta,garzetta,Species,M,Whole year,128
381,Loudi Zhushan Park,"Accipiter soloensis (Horsfield, 1821)",Accipitridae,Accipiter,soloensis,Species,M,Whole year,128
381,Loudi Zhushan Park,"Accipiter nisus (Linnaeus, 1758)",Accipitridae,Accipiter,nisus,Species,M,Whole year,128
381,Loudi Zhushan Park,"Accipiter virgatus (Temminck, 1822)",Accipitridae,Accipiter,virgatus,Species,R,Whole year,128
381,Loudi Zhushan Park,"Falco tinnunculus (Linnaeus, 1758)",Falconidae,Falco,tinnunculus,Species,R,Whole year,128
381,Loudi Zhushan Park,"Bambusicola thoracicus (Temminck, 1815)",Phasianidae,Bambusicola,thoracicus,Species,R,Whole year,128
381,Loudi Zhushan Park,"Phasianus colchicus (Linnaeus, 1758)",Jacanidae,Phasianus,colchicus,Species,R,Whole year,128
381,Loudi Zhushan Park,"Turnix tanki (Blyth, 1843)",Phasianidae,Turnix,tanki,Species,R,Whole year,128
381,Loudi Zhushan Park,"Streptopelia orientalis (Latham, 1790)",Columbidae,Streptopelia,orientalis,Species,R,Whole year,128
381,Loudi Zhushan Park,"Stigmatopelia chinensis (Scopoli, 1768)",Columbidae,Stigmatopelia,chinensis,Species,R,Whole year,128
381,Loudi Zhushan Park,"Cuculus micropterus (Gould, 1838)",scolopacea,Cuculus,micropterus,Species,M,Whole year,128
381,Loudi Zhushan Park,"Cuculus canorus (Linnaeus, 1758)",scolopacea,Cuculus,canorus,Species,M,Whole year,128
381,Loudi Zhushan Park,"Tyto capensis (A.Smith, 1834)",Tytonidae,Tyto,capensis,Species,R,Whole year,128
381,Loudi Zhushan Park,"Otus bakkamoena (Pennant, 1769)",Campephagidae,Otus,bakkamoena,Species,R,Whole year,128
381,Loudi Zhushan Park,"Glaucidium cuculoides (Vigors, 1831)",Strigidae,Glaucidium,cuculoides,Species,R,Whole year,128
381,Loudi Zhushan Park,"Upupa epops (Linnaeus, 1758)",Upupidae,Upupa,epops,Species,R,Whole year,128
381,Loudi Zhushan Park,"Picumnus innominatus (Burton, 1836)",Picidae,Picumnus,innominatus,Species,R,Whole year,128
381,Loudi Zhushan Park,"Alauda gulgula (Franklin, 1831)",Alaudidae,Alauda,gulgula,Species,R,Whole year,128
381,Loudi Zhushan Park,"Hirundo rustica (Linnaeus, 1758)",Laridae,Hirundo,rustica,Species,M,Whole year,128
381,Loudi Zhushan Park,"Hirundo daurica (Laxmann, 1769)",Laridae,Hirundo,daurica,Species,M,Whole year,128
381,Loudi Zhushan Park,"Motacilla alba (Linnaeus, 1758)",Motacillidae,Motacilla,alba,Species,R,Whole year,128
381,Loudi Zhushan Park,"Anthus hodgsoni (Richmond, 1907)",Motacillidae,Anthus,hodgsoni,Species,M,Whole year,128
381,Loudi Zhushan Park,"Anthus spinoletta (Linnaeus, 1758)",Motacillidae,Anthus,spinoletta,Species,M,Whole year,128
381,Loudi Zhushan Park,"Pycnonotus sinensis (Gmelin, 1789)",Pycnonotidae,Pycnonotus,sinensis,Species,R,Whole year,128
381,Loudi Zhushan Park,"Lanius schach (Linnaeus, 1758)",Laniidae,Lanius,schach,Species,R,Whole year,128
381,Loudi Zhushan Park,"Dicrurus macrocercus (Vieillot, 1817)",Dicruridae,Dicrurus,macrocercus,Species,M,Whole year,128
381,Loudi Zhushan Park,"Acridotheres cristatellus (Linnaeus, 1758)",Sturnidae,Acridotheres,cristatellus,Species,R,Whole year,128
381,Loudi Zhushan Park,"Garrulus glandarius (Linnaeus, 1758)",Corvidae,Garrulus,glandarius,Species,R,Whole year,128
381,Loudi Zhushan Park,"Urocissa erythrorhyncha (Boddaert, 1783)",Corvidae,Urocissa,erythrorhyncha,Species,R,Whole year,128
381,Loudi Zhushan Park,"Turdus merula (Linnaeus, 1758)",Turdidae,Turdus,merula,Species,R,Whole year,128
381,Loudi Zhushan Park,"Turdus naumanni (Temminck, 1820)",Turdidae,Turdus,naumanni,Species,M,Whole year,128
381,Loudi Zhushan Park,"Saxicola torquatus (Linnaeus, 1766)",Muscicapidae,Saxicola,torquatus,Species,M,Whole year,128
381,Loudi Zhushan Park,"Paradoxornis webbianus (Gould, 1852)",Paradoxornithidae,Paradoxornis,webbianus,Species,R,Whole year,128
381,Loudi Zhushan Park,"Phylloscopus inornatus (Blyth, 1842)",Phylloscopidae,Phylloscopus,inornatus,Species,M,Whole year,128
381,Loudi Zhushan Park,"Cettia fortipes (Hodgson, 1845)",Cettiidae,Cettia,fortipes,Species,R,Whole year,128
381,Loudi Zhushan Park,"Parus major (Linnaeus, 1758)",Paridae,Parus,major,Species,R,Whole year,128
381,Loudi Zhushan Park,"Parus venustulus (R. Swinhoe, 1870)",Paridae,Parus,venustulus,Species,R,Whole year,128
381,Loudi Zhushan Park,"Passer montanus (Linnaeus, 1758)",Passeridae,Passer,montanus,Species,R,Whole year,128
381,Loudi Zhushan Park,"Lonchura striata (Linnaeus, 1766)",Estrildidae,Lonchura,striata,Species,R,Whole year,128
381,Loudi Zhushan Park,"Carduelis sinica (Linnaeus, 1766)",Fringillidae,Carduelis,sinica,Species,R,Whole year,128
381,Loudi Zhushan Park,"Emberiza pusilla (Pallas, 1776)",Emberizidae,Emberiza,pusilla,Species,M,Whole year,128
382,Mudanjiang Beishan Park,"Parus major (Linnaeus, 1758)",Paridae,Parus,major,Species,R,Whole year,132
382,Mudanjiang Beishan Park,"Parus palustris (Linnaeus, 1758)",Paridae,Parus,palustris,Species,R,Whole year,132
382,Mudanjiang Beishan Park,"Parus ater (Linnaeus, 1758)",Paridae,Parus,ater,Species,R,Whole year,132
382,Mudanjiang Beishan Park,"Carduelis sinica (Linnaeus, 1766)",Fringillidae,Carduelis,sinica,Species,R,Whole year,132
382,Mudanjiang Beishan Park,"Fringilla montifringilla (Linnaeus, 1758)",Fringillidae,Fringilla,montifringilla,Species,M,Whole year,132
382,Mudanjiang Beishan Park,"Emberiza cioides (von J.F.Brandt, 1843)",Emberizidae,Emberiza,cioides,Species,R,Whole year,132
382,Mudanjiang Beishan Park,"Emberiza spodocephala (Pallas, 1776)",Emberizidae,Emberiza,spodocephala,Species,M,Whole year,132
382,Mudanjiang Beishan Park,"Eophona personata (Temminck & Schlegel, 1848)",Fringillidae,Eophona,personata,Species,M,Whole year,132
382,Mudanjiang Beishan Park,"Eophona migratoria (Hartert, 1903)",Fringillidae,Eophona,migratoria,Species,M,Whole year,132
382,Mudanjiang Beishan Park,"Alauda arvensis (Linnaeus, 1758)",Alaudidae,Alauda,arvensis,Species,M,Whole year,132
382,Mudanjiang Beishan Park,"Melanocorypha mongolica (Pallas, 1776)",Alaudidae,Melanocorypha,mongolica,Species,R,Whole year,132
382,Mudanjiang Beishan Park,"Tarsiger cyanurus (Pallas, 1773)",Muscicapidae,Tarsiger,cyanurus,Species,M,Whole year,132
382,Mudanjiang Beishan Park,"Zoothera dauma (Latham, 1790)",Turdidae,Zoothera,dauma,Species,M,Whole year,132
382,Mudanjiang Beishan Park,"Luscinia svecica (Linnaeus, 1758)",Muscicapidae,Luscinia,svecica,Species,M,Whole year,132
382,Mudanjiang Beishan Park,"Acrocephalus arundinaceus (Linnaeus, 1758)",Acrocephalidae,Acrocephalus,arundinaceus,Species,M,Whole year,132
382,Mudanjiang Beishan Park,"Acrocephalus scirpaceus (Hermann, 1804)",Acrocephalidae,Acrocephalus,scirpaceus,Species,M,Whole year,132
382,Mudanjiang Beishan Park,"Lanius cristatus (Linnaeus, 1758)",Laniidae,Lanius,cristatus,Species,M,Whole year,132
382,Mudanjiang Beishan Park,"Sitta europaea (Linnaeus, 1758)",Sittidae,Sitta,europaea,Species,R,Whole year,132
382,Mudanjiang Beishan Park,"Passer montanus (Linnaeus, 1758)",Passeridae,Passer,montanus,Species,R,Whole year,132
382,Mudanjiang Beishan Park,"Garrulus glandarius (Linnaeus, 1758)",Corvidae,Garrulus,glandarius,Species,R,Whole year,132
382,Mudanjiang Beishan Park,"Cyanopica cyanus (Pallas, 1776)",Corvidae,Cyanopica,cyanus,Species,M,Whole year,132
382,Mudanjiang Beishan Park,"Pica pica (Linnaeus, 1758)",Corvidae,Pica,pica,Species,M,Whole year,132
382,Mudanjiang Beishan Park,"Motacilla alba (Linnaeus, 1758)",Motacillidae,Motacilla,alba,Species,M,Whole year,132
382,Mudanjiang Beishan Park,"Motacilla cinerea (Tunstall, 1771)",Motacillidae,Motacilla,cinerea,Species,M,Whole year,132
382,Mudanjiang Beishan Park,"Motacilla flava (Linnaeus, 1758)",Motacillidae,Motacilla,flava,Species,M,Whole year,132
382,Mudanjiang Beishan Park,"Hirundo rustica (Linnaeus, 1758)",Laridae,Hirundo,rustica,Species,M,Whole year,132
382,Mudanjiang Beishan Park,"Hirundo daurica (Laxmann, 1769)",Laridae,Hirundo,daurica,Species,M,Whole year,132
382,Mudanjiang Beishan Park,"Luscinia calliope (Pallas, 1776)",Muscicapidae,Luscinia,calliope,Species,M,Whole year,132
382,Mudanjiang Beishan Park,"Locustella fasciolata (G.R.Gray, 1861)",Locustellidae,Locustella,fasciolata,Species,M,Whole year,132
382,Mudanjiang Beishan Park,"Cuculus canorus (Linnaeus, 1758)",scolopacea,Cuculus,canorus,Species,M,Whole year,132
382,Mudanjiang Beishan Park,"Cuculus micropterus (Gould, 1838)",scolopacea,Cuculus,micropterus,Species,M,Whole year,132
382,Mudanjiang Beishan Park,"Apus pacificus (Latham, 1802)",Apodidae,Apus,pacificus,Species,M,Whole year,132
382,Mudanjiang Beishan Park,"Asio otus (Linnaeus, 1758)",Strigidae,Asio,otus,Species,M,Whole year,132
382,Mudanjiang Beishan Park,"Dendrocopos major (Linnaeus, 1758)",Picidae,Dendrocopos,major,Species,R,Whole year,132
382,Mudanjiang Beishan Park,"Picus canus (Gmelin, 1788)",Picidae,Picus,canus,Species,R,Whole year,132
382,Mudanjiang Beishan Park,"Upupa epops (Linnaeus, 1758)",Upupidae,Upupa,epops,Species,M,Whole year,132
382,Mudanjiang Beishan Park,"Accipiter virgatus (Temminck, 1822)",Accipitridae,Accipiter,virgatus,Species,M,Whole year,132
382,Mudanjiang Beishan Park,"Accipiter gentilis (Linnaeus, 1758)",Accipitridae,Accipiter,gentilis,Species,M,Whole year,132
382,Mudanjiang Beishan Park,"Perdix dauurica (Pallas, 1811)",Phasianidae,Perdix,dauurica,Species,R,Whole year,132
382,Mudanjiang Beishan Park,"Bonasa bonasia (Linnaeus, 1758)",Tetraonidae,Bonasa,bonasia,Species,R,Whole year,132
382,Mudanjiang Beishan Park,"Streptopelia orientalis (Latham, 1790)",Columbidae,Streptopelia,orientalis,Species,M,Whole year,132
382,Mudanjiang Beishan Park,"Stigmatopelia chinensis (Scopoli, 1768)",Columbidae,Stigmatopelia,chinensis,Species,M,Whole year,132
383,Mudanjiang People's Park,"Parus major (Linnaeus, 1758)",Paridae,Parus,major,Species,R,Whole year,132
383,Mudanjiang People's Park,"Parus palustris (Linnaeus, 1758)",Paridae,Parus,palustris,Species,R,Whole year,132
383,Mudanjiang People's Park,"Parus ater (Linnaeus, 1758)",Paridae,Parus,ater,Species,R,Whole year,132
383,Mudanjiang People's Park,"Carduelis sinica (Linnaeus, 1766)",Fringillidae,Carduelis,sinica,Species,R,Whole year,132
383,Mudanjiang People's Park,"Fringilla montifringilla (Linnaeus, 1758)",Fringillidae,Fringilla,montifringilla,Species,M,Whole year,132
383,Mudanjiang People's Park,"Emberiza cioides (von J.F.Brandt, 1843)",Emberizidae,Emberiza,cioides,Species,R,Whole year,132
383,Mudanjiang People's Park,"Emberiza spodocephala (Pallas, 1776)",Emberizidae,Emberiza,spodocephala,Species,M,Whole year,132
383,Mudanjiang People's Park,"Eophona personata (Temminck & Schlegel, 1848)",Fringillidae,Eophona,personata,Species,M,Whole year,132
383,Mudanjiang People's Park,"Eophona migratoria (Hartert, 1903)",Fringillidae,Eophona,migratoria,Species,M,Whole year,132
383,Mudanjiang People's Park,"Alauda arvensis (Linnaeus, 1758)",Alaudidae,Alauda,arvensis,Species,M,Whole year,132
383,Mudanjiang People's Park,"Melanocorypha mongolica (Pallas, 1776)",Alaudidae,Melanocorypha,mongolica,Species,R,Whole year,132
383,Mudanjiang People's Park,"Tarsiger cyanurus (Pallas, 1773)",Muscicapidae,Tarsiger,cyanurus,Species,M,Whole year,132
383,Mudanjiang People's Park,"Zoothera dauma (Latham, 1790)",Turdidae,Zoothera,dauma,Species,M,Whole year,132
383,Mudanjiang People's Park,"Luscinia svecica (Linnaeus, 1758)",Muscicapidae,Luscinia,svecica,Species,M,Whole year,132
383,Mudanjiang People's Park,"Acrocephalus arundinaceus (Linnaeus, 1758)",Acrocephalidae,Acrocephalus,arundinaceus,Species,M,Whole year,132
383,Mudanjiang People's Park,"Acrocephalus scirpaceus (Hermann, 1804)",Acrocephalidae,Acrocephalus,scirpaceus,Species,M,Whole year,132
383,Mudanjiang People's Park,"Lanius cristatus (Linnaeus, 1758)",Laniidae,Lanius,cristatus,Species,M,Whole year,132
383,Mudanjiang People's Park,"Passer montanus (Linnaeus, 1758)",Passeridae,Passer,montanus,Species,R,Whole year,132
383,Mudanjiang People's Park,"Cyanopica cyanus (Pallas, 1776)",Corvidae,Cyanopica,cyanus,Species,M,Whole year,132
383,Mudanjiang People's Park,"Pica pica (Linnaeus, 1758)",Corvidae,Pica,pica,Species,M,Whole year,132
383,Mudanjiang People's Park,"Motacilla alba (Linnaeus, 1758)",Motacillidae,Motacilla,alba,Species,M,Whole year,132
383,Mudanjiang People's Park,"Motacilla cinerea (Tunstall, 1771)",Motacillidae,Motacilla,cinerea,Species,M,Whole year,132
383,Mudanjiang People's Park,"Motacilla flava (Linnaeus, 1758)",Motacillidae,Motacilla,flava,Species,M,Whole year,132
383,Mudanjiang People's Park,"Hirundo rustica (Linnaeus, 1758)",Laridae,Hirundo,rustica,Species,M,Whole year,132
383,Mudanjiang People's Park,"Hirundo daurica (Laxmann, 1769)",Laridae,Hirundo,daurica,Species,M,Whole year,132
383,Mudanjiang People's Park,"Prunella collaris (Scopoli, 1769)",Prunellidae,Prunella,collaris,Species,M,Whole year,132
383,Mudanjiang People's Park,"Luscinia calliope (Pallas, 1776)",Muscicapidae,Luscinia,calliope,Species,M,Whole year,132
383,Mudanjiang People's Park,"Locustella fasciolata (G.R.Gray, 1861)",Locustellidae,Locustella,fasciolata,Species,M,Whole year,132
383,Mudanjiang People's Park,"Cuculus canorus (Linnaeus, 1758)",scolopacea,Cuculus,canorus,Species,M,Whole year,132
383,Mudanjiang People's Park,"Cuculus micropterus (Gould, 1838)",scolopacea,Cuculus,micropterus,Species,M,Whole year,132
383,Mudanjiang People's Park,"Apus pacificus (Latham, 1802)",Apodidae,Apus,pacificus,Species,M,Whole year,132
383,Mudanjiang People's Park,"Asio otus (Linnaeus, 1758)",Strigidae,Asio,otus,Species,M,Whole year,132
383,Mudanjiang People's Park,"Dendrocopos major (Linnaeus, 1758)",Picidae,Dendrocopos,major,Species,R,Whole year,132
383,Mudanjiang People's Park,"Picus canus (Gmelin, 1788)",Picidae,Picus,canus,Species,R,Whole year,132
383,Mudanjiang People's Park,"Charadrius alexandrinus (Linnaeus, 1758)",Charadriidae,Charadrius,alexandrinus,Species,M,Whole year,132
383,Mudanjiang People's Park,"Actitis hypoleucos (Linnaeus, 1758)",Scolopacidae,Actitis,hypoleucos,Species,M,Whole year,132
383,Mudanjiang People's Park,"Halcyon pileata (Boddaert, 1783)",Alcedinidae,Halcyon,pileata,Species,M,Whole year,132
383,Mudanjiang People's Park,"Alcedo atthis (Linnaeus, 1758)",Alcedinidae,Alcedo,atthis,Species,M,Whole year,132
383,Mudanjiang People's Park,"Accipiter virgatus (Temminck, 1822)",Accipitridae,Accipiter,virgatus,Species,M,Whole year,132
383,Mudanjiang People's Park,"Accipiter gentilis (Linnaeus, 1758)",Accipitridae,Accipiter,gentilis,Species,M,Whole year,132
383,Mudanjiang People's Park,"Gallinula chloropus (Linnaeus, 1758)",Rallidae,Gallinula,chloropus,Species,M,Whole year,132
383,Mudanjiang People's Park,"Anas platyrhynchos (Linnaeus, 1758)",Anatidae,Anas,platyrhynchos,Species,M,Whole year,132
384,Mudanjiang Riverside Park,"Parus major (Linnaeus, 1758)",Paridae,Parus,major,Species,R,Whole year,132
384,Mudanjiang Riverside Park,"Parus palustris (Linnaeus, 1758)",Paridae,Parus,palustris,Species,R,Whole year,132
384,Mudanjiang Riverside Park,"Parus ater (Linnaeus, 1758)",Paridae,Parus,ater,Species,R,Whole year,132
384,Mudanjiang Riverside Park,"Carduelis sinica (Linnaeus, 1766)",Fringillidae,Carduelis,sinica,Species,R,Whole year,132
384,Mudanjiang Riverside Park,"Fringilla montifringilla (Linnaeus, 1758)",Fringillidae,Fringilla,montifringilla,Species,M,Whole year,132
384,Mudanjiang Riverside Park,"Emberiza spodocephala (Pallas, 1776)",Emberizidae,Emberiza,spodocephala,Species,M,Whole year,132
384,Mudanjiang Riverside Park,"Alauda arvensis (Linnaeus, 1758)",Alaudidae,Alauda,arvensis,Species,M,Whole year,132
384,Mudanjiang Riverside Park,"Melanocorypha mongolica (Pallas, 1776)",Alaudidae,Melanocorypha,mongolica,Species,R,Whole year,132
384,Mudanjiang Riverside Park,"Tarsiger cyanurus (Pallas, 1773)",Muscicapidae,Tarsiger,cyanurus,Species,M,Whole year,132
384,Mudanjiang Riverside Park,"Acrocephalus arundinaceus (Linnaeus, 1758)",Acrocephalidae,Acrocephalus,arundinaceus,Species,M,Whole year,132
384,Mudanjiang Riverside Park,"Acrocephalus scirpaceus (Hermann, 1804)",Acrocephalidae,Acrocephalus,scirpaceus,Species,M,Whole year,132
384,Mudanjiang Riverside Park,"Lanius cristatus (Linnaeus, 1758)",Laniidae,Lanius,cristatus,Species,M,Whole year,132
384,Mudanjiang Riverside Park,"Passer montanus (Linnaeus, 1758)",Passeridae,Passer,montanus,Species,R,Whole year,132
384,Mudanjiang Riverside Park,"Cyanopica cyanus (Pallas, 1776)",Corvidae,Cyanopica,cyanus,Species,M,Whole year,132
384,Mudanjiang Riverside Park,"Pica pica (Linnaeus, 1758)",Corvidae,Pica,pica,Species,M,Whole year,132
384,Mudanjiang Riverside Park,"Motacilla alba (Linnaeus, 1758)",Motacillidae,Motacilla,alba,Species,M,Whole year,132
384,Mudanjiang Riverside Park,"Motacilla cinerea (Tunstall, 1771)",Motacillidae,Motacilla,cinerea,Species,M,Whole year,132
384,Mudanjiang Riverside Park,"Motacilla flava (Linnaeus, 1758)",Motacillidae,Motacilla,flava,Species,M,Whole year,132
384,Mudanjiang Riverside Park,"Hirundo rustica (Linnaeus, 1758)",Laridae,Hirundo,rustica,Species,M,Whole year,132
384,Mudanjiang Riverside Park,"Hirundo daurica (Laxmann, 1769)",Laridae,Hirundo,daurica,Species,M,Whole year,132
384,Mudanjiang Riverside Park,"Locustella fasciolata (G.R.Gray, 1861)",Locustellidae,Locustella,fasciolata,Species,M,Whole year,132
384,Mudanjiang Riverside Park,"Cuculus canorus (Linnaeus, 1758)",scolopacea,Cuculus,canorus,Species,M,Whole year,132
384,Mudanjiang Riverside Park,"Apus pacificus (Latham, 1802)",Apodidae,Apus,pacificus,Species,M,Whole year,132
384,Mudanjiang Riverside Park,"Asio otus (Linnaeus, 1758)",Strigidae,Asio,otus,Species,M,Whole year,132
384,Mudanjiang Riverside Park,"Dendrocopos major (Linnaeus, 1758)",Picidae,Dendrocopos,major,Species,R,Whole year,132
384,Mudanjiang Riverside Park,"Charadrius alexandrinus (Linnaeus, 1758)",Charadriidae,Charadrius,alexandrinus,Species,M,Whole year,132
384,Mudanjiang Riverside Park,"Vanellus vanellus (Linnaeus, 1758)",Charadriidae,Vanellus,vanellus,Species,M,Whole year,132
384,Mudanjiang Riverside Park,"Actitis hypoleucos (Linnaeus, 1758)",Scolopacidae,Actitis,hypoleucos,Species,M,Whole year,132
384,Mudanjiang Riverside Park,"Numenius phaeopus (Linnaeus, 1758)",Scolopacidae,Numenius,phaeopus,Species,M,Whole year,132
384,Mudanjiang Riverside Park,"Tringa ochropus (Linnaeus, 1758)",Scolopacidae,Tringa,ochropus,Species,M,Whole year,132
384,Mudanjiang Riverside Park,"Halcyon pileata (Boddaert, 1783)",Alcedinidae,Halcyon,pileata,Species,M,Whole year,132
384,Mudanjiang Riverside Park,"Alcedo atthis (Linnaeus, 1758)",Alcedinidae,Alcedo,atthis,Species,M,Whole year,132
384,Mudanjiang Riverside Park,"Accipiter virgatus (Temminck, 1822)",Accipitridae,Accipiter,virgatus,Species,M,Whole year,132
384,Mudanjiang Riverside Park,"Anas platyrhynchos (Linnaeus, 1758)",Anatidae,Anas,platyrhynchos,Species,M,Whole year,132
384,Mudanjiang Riverside Park,"Ardea cinerea (Linnaeus, 1758)",Ardeidae,Ardea,cinerea,Species,M,Whole year,132
384,Mudanjiang Riverside Park,"Ixobrychus eurhythmus (Swinhoe, 1873)",Ardeidae,Ixobrychus,eurhythmus,Species,M,Whole year,132
385,Ordos Dongsheng Park,"Passer domesticus (Linnaeus, 1758)",Passeridae,Passer,domesticus,Species,M,Summer,187
385,Ordos Dongsheng Park,"Hirundo rustica (Linnaeus, 1758)",Laridae,Hirundo,rustica,Species,M,Summer,187
385,Ordos Dongsheng Park,"Lanius cristatus (Linnaeus, 1758)",Laniidae,Lanius,cristatus,Species,M,Summer,187
385,Ordos Dongsheng Park,"Lanius isabellinus (Hemprich & Ehrenberg, 1833)",Laniidae,Lanius,isabellinus,Species,M,Summer,187
385,Ordos Dongsheng Park,"Lanius sphenocercus (Cabanis, 1873)",Laniidae,Lanius,sphenocercus,Species,M,Summer,187
385,Ordos Dongsheng Park,"Streptopelia chinensis (Scopoli, 1786)",Columbidae,Streptopelia,chinensis,Species,R,Summer,187
385,Ordos Dongsheng Park,"Carduelis sinica (Linnaeus, 1766)",Fringillidae,Carduelis,sinica,Species,R,Summer,187
385,Ordos Dongsheng Park,"Pica pica (Linnaeus, 1758)",Corvidae,Pica,pica,Species,R,Summer,187
386,Ordos Wetland Park,"Passer domesticus (Linnaeus, 1758)",Passeridae,Passer,domesticus,Species,M,Summer,187
386,Ordos Wetland Park,"Hirundo rustica (Linnaeus, 1758)",Laridae,Hirundo,rustica,Species,M,Summer,187
386,Ordos Wetland Park,"Carduelis sinica (Linnaeus, 1766)",Fringillidae,Carduelis,sinica,Species,R,Summer,187
386,Ordos Wetland Park,"Lanius cristatus (Linnaeus, 1758)",Laniidae,Lanius,cristatus,Species,M,Summer,187
386,Ordos Wetland Park,"Lanius sphenocercus (Cabanis, 1873)",Laniidae,Lanius,sphenocercus,Species,M,Summer,187
386,Ordos Wetland Park,"Columba livia domestica (Gmelin, 1789)",Columbidae,Columba,livia,Species,M,Summer,187
387,Ordos Meteorological Park,"Passer domesticus (Linnaeus, 1758)",Passeridae,Passer,domesticus,Species,M,Summer,187
387,Ordos Meteorological Park,"Hirundo rustica (Linnaeus, 1758)",Laridae,Hirundo,rustica,Species,M,Summer,187
387,Ordos Meteorological Park,"Motacilla alba (Linnaeus, 1758)",Motacillidae,Motacilla,alba,Species,M,Summer,187
387,Ordos Meteorological Park,"Streptopelia chinensis (Scopoli, 1786)",Columbidae,Streptopelia,chinensis,Species,R,Summer,187
387,Ordos Meteorological Park,"Carduelis sinica (Linnaeus, 1766)",Fringillidae,Carduelis,sinica,Species,R,Summer,187
387,Ordos Meteorological Park,"Lanius cristatus (Linnaeus, 1758)",Laniidae,Lanius,cristatus,Species,M,Summer,187
387,Ordos Meteorological Park,"Pica pica (Linnaeus, 1758)",Corvidae,Pica,pica,Species,R,Summer,187
387,Ordos Meteorological Park,"Lanius sphenocercus (Cabanis, 1873)",Laniidae,Lanius,sphenocercus,Species,M,Summer,187
388,Shanghai Bay Forest Park,"Tachybaptus ruficollis (Pallas, 1764)",Podicipedidae,Tachybaptus,ruficollis,Species,R,Whole year,240
388,Shanghai Bay Forest Park,"Ardea cinerea (Linnaeus, 1758)",Ardeidae,Ardea,cinerea,Species,R,Whole year,240
388,Shanghai Bay Forest Park,"Mesophoyx intermedia (Wagler, 1829)",Ardeidae,Mesophoyx,intermedia,Species,M,Whole year,240
388,Shanghai Bay Forest Park,"Egretta garzetta (Linnaeus, 1766)",Ardeidae,Egretta,garzetta,Species,M,Whole year,240
388,Shanghai Bay Forest Park,"Bubulcus ibis (Linnaeus, 1758)",Ardeidae,Bubulcus,ibis,Species,M,Whole year,240
388,Shanghai Bay Forest Park,"Ardeola bacchus (Bonaparte, 1855)",Ardeidae,Ardeola,bacchus,Species,M,Whole year,240
388,Shanghai Bay Forest Park,"Ixobrychus sinensis (Gmelin, 1789)",Ardeidae,Ixobrychus,sinensis,Species,M,Whole year,240
388,Shanghai Bay Forest Park,"Falco tinnunculus (Linnaeus, 1758)",Falconidae,Falco,tinnunculus,Species,M,Whole year,240
388,Shanghai Bay Forest Park,"Phasianus colchicus (Linnaeus, 1758)",Jacanidae,Phasianus,colchicus,Species,R,Whole year,240
388,Shanghai Bay Forest Park,"Gallinula chloropus (Linnaeus, 1758)",Rallidae,Gallinula,chloropus,Species,R,Whole year,240
388,Shanghai Bay Forest Park,"Amaurornis phoenicurus (Pennant, 1769)",Rallidae,Amaurornis,phoenicurus,Species,M,Whole year,240
388,Shanghai Bay Forest Park,"Gallinago gallinago (Linnaeus, 1758)",Scolopacidae,Gallinago,gallinago,Species,M,Whole year,240
388,Shanghai Bay Forest Park,"Tringa ochropus (Linnaeus, 1758)",Scolopacidae,Tringa,ochropus,Species,M,Whole year,240
388,Shanghai Bay Forest Park,"Actitis hypoleucos (Linnaeus, 1758)",Scolopacidae,Actitis,hypoleucos,Species,R,Whole year,240
388,Shanghai Bay Forest Park,"Calidris alpina (Linnaeus, 1758)",Scolopacidae,Calidris,alpina,Species,M,Whole year,240
388,Shanghai Bay Forest Park,"Tringa nebularia (Gunnerus, 1767)",Scolopacidae,Tringa,nebularia,Species,M,Whole year,240
388,Shanghai Bay Forest Park,"Streptopelia orientalis (Latham, 1790)",Columbidae,Streptopelia,orientalis,Species,R,Whole year,240
388,Shanghai Bay Forest Park,"Stigmatopelia chinensis (Scopoli, 1768)",Columbidae,Stigmatopelia,chinensis,Species,R,Whole year,240
388,Shanghai Bay Forest Park,"Streptopelia tranquebarica (Hermann, 1804)",Columbidae,Streptopelia,tranquebarica,Species,M,Whole year,240
388,Shanghai Bay Forest Park,"Cuculus canorus (Linnaeus, 1758)",scolopacea,Cuculus,canorus,Species,M,Whole year,240
388,Shanghai Bay Forest Park,"Cuculus micropterus (Gould, 1838)",scolopacea,Cuculus,micropterus,Species,M,Whole year,240
388,Shanghai Bay Forest Park,"Alcedo atthis (Linnaeus, 1758)",Alcedinidae,Alcedo,atthis,Species,R,Whole year,240
388,Shanghai Bay Forest Park,"Upupa epops (Linnaeus, 1758)",Upupidae,Upupa,epops,Species,M,Whole year,240
388,Shanghai Bay Forest Park,"Parus major (Linnaeus, 1758)",Paridae,Parus,major,Species,R,Whole year,240
388,Shanghai Bay Forest Park,"Hirundo rustica (Linnaeus, 1758)",Laridae,Hirundo,rustica,Species,M,Whole year,240
388,Shanghai Bay Forest Park,"Hirundo daurica (Laxmann, 1769)",Laridae,Hirundo,daurica,Species,M,Whole year,240
388,Shanghai Bay Forest Park,"Motacilla alba (Linnaeus, 1758)",Motacillidae,Motacilla,alba,Species,M,Whole year,240
388,Shanghai Bay Forest Park,"Motacilla cinerea (Tunstall, 1771)",Motacillidae,Motacilla,cinerea,Species,M,Whole year,240
388,Shanghai Bay Forest Park,"Anthus hodgsoni (Richmond, 1907)",Motacillidae,Anthus,hodgsoni,Species,M,Whole year,240
388,Shanghai Bay Forest Park,"Pycnonotus sinensis (Gmelin, 1789)",Pycnonotidae,Pycnonotus,sinensis,Species,R,Whole year,240
388,Shanghai Bay Forest Park,"Lanius schach (Linnaeus, 1758)",Laniidae,Lanius,schach,Species,R,Whole year,240
388,Shanghai Bay Forest Park,"Lanius cristatus (Linnaeus, 1758)",Laniidae,Lanius,cristatus,Species,M,Whole year,240
388,Shanghai Bay Forest Park,"Acridotheres cristatellus (Linnaeus, 1758)",Sturnidae,Acridotheres,cristatellus,Species,R,Whole year,240
388,Shanghai Bay Forest Park,"Sturnus cineraceus (Temminck, 1835)",Sturnidae,Sturnus,cineraceus,Species,M,Whole year,240
388,Shanghai Bay Forest Park,"Alauda arvensis (Linnaeus, 1758)",Alaudidae,Alauda,arvensis,Species,M,Whole year,240
388,Shanghai Bay Forest Park,"Tarsiger cyanurus (Pallas, 1773)",Muscicapidae,Tarsiger,cyanurus,Species,M,Whole year,240
388,Shanghai Bay Forest Park,"Phoenicurus auroreus (Pallas, 1776)",Muscicapidae,Phoenicurus,auroreus,Species,M,Whole year,240
388,Shanghai Bay Forest Park,"Zoothera dauma (Latham, 1790)",Turdidae,Zoothera,dauma,Species,M,Whole year,240
388,Shanghai Bay Forest Park,"Turdus hortulorum (P.L.Sclater, 1863)",Turdidae,Turdus,hortulorum,Species,M,Whole year,240
388,Shanghai Bay Forest Park,"Turdus merula (Linnaeus, 1758)",Turdidae,Turdus,merula,Species,R,Whole year,240
388,Shanghai Bay Forest Park,"Turdus pallidus (Gmelin, 1789)",Turdidae,Turdus,pallidus,Species,M,Whole year,240
388,Shanghai Bay Forest Park,"Turdus naumanni (Temminck, 1820)",Turdidae,Turdus,naumanni,Species,M,Whole year,240
388,Shanghai Bay Forest Park,"Garrulax canorus (Linnaeus, 1758)",Leiothrichidae,Garrulax,canorus,Species,R,Whole year,240
388,Shanghai Bay Forest Park,"Paradoxornis webbianus (Gould, 1852)",Paradoxornithidae,Paradoxornis,webbianus,Species,R,Whole year,240
388,Shanghai Bay Forest Park,"Cisticola juncidis (Rafinesque, 1810)",Cisticolidae,Cisticola,juncidis,Species,R,Whole year,240
388,Shanghai Bay Forest Park,"Prinia inornata (Sykes, 1832)",Cisticolidae,Prinia,inornata,Species,R,Whole year,240
388,Shanghai Bay Forest Park,"Cettia canturians (Swinhoe, 1860)",Cettiidae,Cettia,canturians,Species,M,Whole year,240
388,Shanghai Bay Forest Park,"Cettia fortipes (Hodgson, 1845)",Cettiidae,Cettia,fortipes,Species,M,Whole year,240
388,Shanghai Bay Forest Park,"Acrocephalus arundinaceus (Linnaeus, 1758)",Acrocephalidae,Acrocephalus,arundinaceus,Species,M,Whole year,240
388,Shanghai Bay Forest Park,"Phylloscopus proregulus (Pallas, 1811)",Phylloscopidae,Phylloscopus,proregulus,Species,M,Whole year,240
388,Shanghai Bay Forest Park,"Phylloscopus inornatus (Blyth, 1842)",Phylloscopidae,Phylloscopus,inornatus,Species,M,Whole year,240
388,Shanghai Bay Forest Park,"Regulus regulus (Linnaeus, 1758)",Regulidae,Regulus,regulus,Species,R,Whole year,240
388,Shanghai Bay Forest Park,"Aegithalos concinnus (Gould, 1855)",Aegithalidae,Aegithalos,concinnus,Species,R,Whole year,240
388,Shanghai Bay Forest Park,"Aegithalos caudatus (Linnaeus, 1758)",Aegithalidae,Aegithalos,caudatus,Species,R,Whole year,240
388,Shanghai Bay Forest Park,"Passer montanus (Linnaeus, 1758)",Passeridae,Passer,montanus,Species,R,Whole year,240
388,Shanghai Bay Forest Park,"Lonchura punctulata (Linnaeus, 1758)",Estrildidae,Lonchura,punctulata,Species,R,Whole year,240
388,Shanghai Bay Forest Park,"Fringilla montifringilla (Linnaeus, 1758)",Fringillidae,Fringilla,montifringilla,Species,M,Whole year,240
388,Shanghai Bay Forest Park,"Carduelis sinica (Linnaeus, 1766)",Fringillidae,Carduelis,sinica,Species,R,Whole year,240
388,Shanghai Bay Forest Park,"Carduelis spinus (Linnaeus, 1758)",Fringillidae,Carduelis,spinus,Species,M,Whole year,240
388,Shanghai Bay Forest Park,"Eophona personata (Temminck & Schlegel, 1848)",Fringillidae,Eophona,personata,Species,M,Whole year,240
388,Shanghai Bay Forest Park,"Emberiza tristrami (Swinhoe, 1870)",Emberizidae,Emberiza,tristrami,Species,M,Whole year,240
388,Shanghai Bay Forest Park,"Emberiza rustica (Pallas, 1776)",Emberizidae,Emberiza,rustica,Species,M,Whole year,240
388,Shanghai Bay Forest Park,"Emberiza elegans (Temminck, 1836)",Emberizidae,Emberiza,elegans,Species,M,Whole year,240
388,Shanghai Bay Forest Park,"Emberiza spodocephala (Pallas, 1776)",Emberizidae,Emberiza,spodocephala,Species,M,Whole year,240
389,Shanghai Botanical Garden,"Egretta garzetta (Linnaeus, 1766)",Ardeidae,Egretta,garzetta,Species,M,Whole year,240
389,Shanghai Botanical Garden,"Nycticorax nycticorax (Linnaeus, 1758)",Ardeidae,Nycticorax,nycticorax,Species,R,Whole year,240
389,Shanghai Botanical Garden,"Gallinula chloropus (Linnaeus, 1758)",Rallidae,Gallinula,chloropus,Species,R,Whole year,240
389,Shanghai Botanical Garden,"Amaurornis phoenicurus (Pennant, 1769)",Rallidae,Amaurornis,phoenicurus,Species,M,Whole year,240
389,Shanghai Botanical Garden,"Charadrius dubius (Scopoli, 1786)",Charadriidae,Charadrius,dubius,Species,M,Whole year,240
389,Shanghai Botanical Garden,"Tringa ochropus (Linnaeus, 1758)",Scolopacidae,Tringa,ochropus,Species,M,Whole year,240
389,Shanghai Botanical Garden,"Actitis hypoleucos (Linnaeus, 1758)",Scolopacidae,Actitis,hypoleucos,Species,R,Whole year,240
389,Shanghai Botanical Garden,"Stigmatopelia chinensis (Scopoli, 1768)",Columbidae,Stigmatopelia,chinensis,Species,R,Whole year,240
389,Shanghai Botanical Garden,"Alcedo atthis (Linnaeus, 1758)",Alcedinidae,Alcedo,atthis,Species,R,Whole year,240
389,Shanghai Botanical Garden,"Parus major (Linnaeus, 1758)",Paridae,Parus,major,Species,R,Whole year,240
389,Shanghai Botanical Garden,"Hirundo rustica (Linnaeus, 1758)",Laridae,Hirundo,rustica,Species,M,Whole year,240
389,Shanghai Botanical Garden,"Motacilla alba (Linnaeus, 1758)",Motacillidae,Motacilla,alba,Species,M,Whole year,240
389,Shanghai Botanical Garden,"Anthus hodgsoni (Richmond, 1907)",Motacillidae,Anthus,hodgsoni,Species,M,Whole year,240
389,Shanghai Botanical Garden,"Pycnonotus sinensis (Gmelin, 1789)",Pycnonotidae,Pycnonotus,sinensis,Species,R,Whole year,240
389,Shanghai Botanical Garden,"Lanius schach (Linnaeus, 1758)",Laniidae,Lanius,schach,Species,R,Whole year,240
389,Shanghai Botanical Garden,"Acridotheres cristatellus (Linnaeus, 1758)",Sturnidae,Acridotheres,cristatellus,Species,R,Whole year,240
389,Shanghai Botanical Garden,"Sturnus cineraceus (Temminck, 1835)",Sturnidae,Sturnus,cineraceus,Species,M,Whole year,240
389,Shanghai Botanical Garden,"Pica pica (Linnaeus, 1758)",Corvidae,Pica,pica,Species,R,Whole year,240
389,Shanghai Botanical Garden,"Cyanopica cyanus (Pallas, 1776)",Corvidae,Cyanopica,cyanus,Species,R,Whole year,240
389,Shanghai Botanical Garden,"Tarsiger cyanurus (Pallas, 1773)",Muscicapidae,Tarsiger,cyanurus,Species,M,Whole year,240
389,Shanghai Botanical Garden,"Phoenicurus auroreus (Pallas, 1776)",Muscicapidae,Phoenicurus,auroreus,Species,M,Whole year,240
389,Shanghai Botanical Garden,"Turdus hortulorum (P.L.Sclater, 1863)",Turdidae,Turdus,hortulorum,Species,M,Whole year,240
389,Shanghai Botanical Garden,"Turdus merula (Linnaeus, 1758)",Turdidae,Turdus,merula,Species,R,Whole year,240
389,Shanghai Botanical Garden,"Turdus pallidus (Gmelin, 1789)",Turdidae,Turdus,pallidus,Species,M,Whole year,240
389,Shanghai Botanical Garden,"Turdus naumanni (Temminck, 1820)",Turdidae,Turdus,naumanni,Species,M,Whole year,240
389,Shanghai Botanical Garden,"Garrulax canorus (Linnaeus, 1758)",Leiothrichidae,Garrulax,canorus,Species,R,Whole year,240
389,Shanghai Botanical Garden,"Paradoxornis webbianus (Gould, 1852)",Paradoxornithidae,Paradoxornis,webbianus,Species,R,Whole year,240
389,Shanghai Botanical Garden,"Zosterops japonicus (Temminck & Schlegel, 1845)",Zosteropidae,Zosterops,japonicus,Species,M,Whole year,240
389,Shanghai Botanical Garden,"Phylloscopus proregulus (Pallas, 1811)",Phylloscopidae,Phylloscopus,proregulus,Species,M,Whole year,240
389,Shanghai Botanical Garden,"Phylloscopus inornatus (Blyth, 1842)",Phylloscopidae,Phylloscopus,inornatus,Species,M,Whole year,240
389,Shanghai Botanical Garden,"Passer montanus (Linnaeus, 1758)",Passeridae,Passer,montanus,Species,R,Whole year,240
389,Shanghai Botanical Garden,"Carduelis sinica (Linnaeus, 1766)",Fringillidae,Carduelis,sinica,Species,R,Whole year,240
389,Shanghai Botanical Garden,"Eophona personata (Temminck & Schlegel, 1848)",Fringillidae,Eophona,personata,Species,M,Whole year,240
390,Shanghai Century Park,"Tachybaptus ruficollis (Pallas, 1764)",Podicipedidae,Tachybaptus,ruficollis,Species,R,Whole year,240
390,Shanghai Century Park,"Egretta garzetta (Linnaeus, 1766)",Ardeidae,Egretta,garzetta,Species,M,Whole year,240
390,Shanghai Century Park,"Ardeola bacchus (Bonaparte, 1855)",Ardeidae,Ardeola,bacchus,Species,M,Whole year,240
390,Shanghai Century Park,"Nycticorax nycticorax (Linnaeus, 1758)",Ardeidae,Nycticorax,nycticorax,Species,R,Whole year,240
390,Shanghai Century Park,"Gallinula chloropus (Linnaeus, 1758)",Rallidae,Gallinula,chloropus,Species,R,Whole year,240
390,Shanghai Century Park,"Stigmatopelia chinensis (Scopoli, 1768)",Columbidae,Stigmatopelia,chinensis,Species,R,Whole year,240
390,Shanghai Century Park,"Alcedo atthis (Linnaeus, 1758)",Alcedinidae,Alcedo,atthis,Species,R,Whole year,240
390,Shanghai Century Park,"Parus major (Linnaeus, 1758)",Paridae,Parus,major,Species,R,Whole year,240
390,Shanghai Century Park,"Hirundo rustica (Linnaeus, 1758)",Laridae,Hirundo,rustica,Species,M,Whole year,240
390,Shanghai Century Park,"Motacilla alba (Linnaeus, 1758)",Motacillidae,Motacilla,alba,Species,M,Whole year,240
390,Shanghai Century Park,"Anthus hodgsoni (Richmond, 1907)",Motacillidae,Anthus,hodgsoni,Species,M,Whole year,240
390,Shanghai Century Park,"Pycnonotus sinensis (Gmelin, 1789)",Pycnonotidae,Pycnonotus,sinensis,Species,R,Whole year,240
390,Shanghai Century Park,"Lanius schach (Linnaeus, 1758)",Laniidae,Lanius,schach,Species,R,Whole year,240
390,Shanghai Century Park,"Acridotheres cristatellus (Linnaeus, 1758)",Sturnidae,Acridotheres,cristatellus,Species,R,Whole year,240
390,Shanghai Century Park,"Sturnus sericeus (Gmelin, 1789)",Sturnidae,Sturnus,sericeus,Species,R,Whole year,240
390,Shanghai Century Park,"Sturnus cineraceus (Temminck, 1835)",Sturnidae,Sturnus,cineraceus,Species,M,Whole year,240
390,Shanghai Century Park,"Pica pica (Linnaeus, 1758)",Corvidae,Pica,pica,Species,R,Whole year,240
390,Shanghai Century Park,"Cyanopica cyanus (Pallas, 1776)",Corvidae,Cyanopica,cyanus,Species,R,Whole year,240
390,Shanghai Century Park,"Tarsiger cyanurus (Pallas, 1773)",Muscicapidae,Tarsiger,cyanurus,Species,M,Whole year,240
390,Shanghai Century Park,"Phoenicurus auroreus (Pallas, 1776)",Muscicapidae,Phoenicurus,auroreus,Species,M,Whole year,240
390,Shanghai Century Park,"Turdus hortulorum (P.L.Sclater, 1863)",Turdidae,Turdus,hortulorum,Species,M,Whole year,240
390,Shanghai Century Park,"Turdus merula (Linnaeus, 1758)",Turdidae,Turdus,merula,Species,R,Whole year,240
390,Shanghai Century Park,"Turdus pallidus (Gmelin, 1789)",Turdidae,Turdus,pallidus,Species,M,Whole year,240
390,Shanghai Century Park,"Turdus naumanni (Temminck, 1820)",Turdidae,Turdus,naumanni,Species,M,Whole year,240
390,Shanghai Century Park,"Paradoxornis webbianus (Gould, 1852)",Paradoxornithidae,Paradoxornis,webbianus,Species,R,Whole year,240
390,Shanghai Century Park,"Phylloscopus proregulus (Pallas, 1811)",Phylloscopidae,Phylloscopus,proregulus,Species,M,Whole year,240
390,Shanghai Century Park,"Phylloscopus inornatus (Blyth, 1842)",Phylloscopidae,Phylloscopus,inornatus,Species,M,Whole year,240
390,Shanghai Century Park,"Passer montanus (Linnaeus, 1758)",Passeridae,Passer,montanus,Species,R,Whole year,240
390,Shanghai Century Park,"Eophona personata (Temminck & Schlegel, 1848)",Fringillidae,Eophona,personata,Species,M,Whole year,240
390,Shanghai Century Park,"Emberiza spodocephala (Pallas, 1776)",Emberizidae,Emberiza,spodocephala,Species,M,Whole year,240
391,Shanghai Chenshan Botanical Garden,"Tachybaptus ruficollis (Pallas, 1764)",Podicipedidae,Tachybaptus,ruficollis,Species,R,Whole year,240
391,Shanghai Chenshan Botanical Garden,"Mesophoyx intermedia (Wagler, 1829)",Ardeidae,Mesophoyx,intermedia,Species,M,Whole year,240
391,Shanghai Chenshan Botanical Garden,"Egretta garzetta (Linnaeus, 1766)",Ardeidae,Egretta,garzetta,Species,M,Whole year,240
391,Shanghai Chenshan Botanical Garden,"Bubulcus ibis (Linnaeus, 1758)",Ardeidae,Bubulcus,ibis,Species,M,Whole year,240
391,Shanghai Chenshan Botanical Garden,"Ardeola bacchus (Bonaparte, 1855)",Ardeidae,Ardeola,bacchus,Species,M,Whole year,240
391,Shanghai Chenshan Botanical Garden,"Nycticorax nycticorax (Linnaeus, 1758)",Ardeidae,Nycticorax,nycticorax,Species,R,Whole year,240
391,Shanghai Chenshan Botanical Garden,"Falco subbuteo (Linnaeus, 1758)",Falconidae,Falco,subbuteo,Species,M,Whole year,240
391,Shanghai Chenshan Botanical Garden,"Phasianus colchicus (Linnaeus, 1758)",Jacanidae,Phasianus,colchicus,Species,R,Whole year,240
391,Shanghai Chenshan Botanical Garden,"Gallinula chloropus (Linnaeus, 1758)",Rallidae,Gallinula,chloropus,Species,R,Whole year,240
391,Shanghai Chenshan Botanical Garden,"Actitis hypoleucos (Linnaeus, 1758)",Scolopacidae,Actitis,hypoleucos,Species,R,Whole year,240
391,Shanghai Chenshan Botanical Garden,"Streptopelia orientalis (Latham, 1790)",Columbidae,Streptopelia,orientalis,Species,R,Whole year,240
391,Shanghai Chenshan Botanical Garden,"Stigmatopelia chinensis (Scopoli, 1768)",Columbidae,Stigmatopelia,chinensis,Species,R,Whole year,240
391,Shanghai Chenshan Botanical Garden,"Alcedo atthis (Linnaeus, 1758)",Alcedinidae,Alcedo,atthis,Species,R,Whole year,240
391,Shanghai Chenshan Botanical Garden,"Upupa epops (Linnaeus, 1758)",Upupidae,Upupa,epops,Species,M,Whole year,240
391,Shanghai Chenshan Botanical Garden,"Parus major (Linnaeus, 1758)",Paridae,Parus,major,Species,R,Whole year,240
391,Shanghai Chenshan Botanical Garden,"Hirundo rustica (Linnaeus, 1758)",Laridae,Hirundo,rustica,Species,M,Whole year,240
391,Shanghai Chenshan Botanical Garden,"Hirundo daurica (Laxmann, 1769)",Laridae,Hirundo,daurica,Species,M,Whole year,240
391,Shanghai Chenshan Botanical Garden,"Motacilla alba (Linnaeus, 1758)",Motacillidae,Motacilla,alba,Species,M,Whole year,240
391,Shanghai Chenshan Botanical Garden,"Anthus hodgsoni (Richmond, 1907)",Motacillidae,Anthus,hodgsoni,Species,M,Whole year,240
391,Shanghai Chenshan Botanical Garden,"Pycnonotus sinensis (Gmelin, 1789)",Pycnonotidae,Pycnonotus,sinensis,Species,R,Whole year,240
391,Shanghai Chenshan Botanical Garden,"Lanius schach (Linnaeus, 1758)",Laniidae,Lanius,schach,Species,R,Whole year,240
391,Shanghai Chenshan Botanical Garden,"Lanius cristatus (Linnaeus, 1758)",Laniidae,Lanius,cristatus,Species,M,Whole year,240
391,Shanghai Chenshan Botanical Garden,"Oriolus chinensis (Linnaeus, 1766)",Oriolidae,Oriolus,chinensis,Species,M,Whole year,240
391,Shanghai Chenshan Botanical Garden,"Acridotheres cristatellus (Linnaeus, 1758)",Sturnidae,Acridotheres,cristatellus,Species,R,Whole year,240
391,Shanghai Chenshan Botanical Garden,"Sturnus cineraceus (Temminck, 1835)",Sturnidae,Sturnus,cineraceus,Species,M,Whole year,240
391,Shanghai Chenshan Botanical Garden,"Phoenicurus auroreus (Pallas, 1776)",Muscicapidae,Phoenicurus,auroreus,Species,M,Whole year,240
391,Shanghai Chenshan Botanical Garden,"Turdus merula (Linnaeus, 1758)",Turdidae,Turdus,merula,Species,R,Whole year,240
391,Shanghai Chenshan Botanical Garden,"Muscicapa dauurica (Pallas, 1811)",Muscicapidae,Muscicapa,dauurica,Species,M,Whole year,240
391,Shanghai Chenshan Botanical Garden,"Muscicapa sibirica (Gmelin, 1789)",Muscicapidae,Muscicapa,sibirica,Species,M,Whole year,240
391,Shanghai Chenshan Botanical Garden,"Paradoxornis webbianus (Gould, 1852)",Paradoxornithidae,Paradoxornis,webbianus,Species,R,Whole year,240
391,Shanghai Chenshan Botanical Garden,"Cisticola juncidis (Rafinesque, 1810)",Cisticolidae,Cisticola,juncidis,Species,R,Whole year,240
391,Shanghai Chenshan Botanical Garden,"Prinia inornata (Sykes, 1832)",Cisticolidae,Prinia,inornata,Species,R,Whole year,240
391,Shanghai Chenshan Botanical Garden,"Zosterops japonicus (Temminck & Schlegel, 1845)",Zosteropidae,Zosterops,japonicus,Species,M,Whole year,240
391,Shanghai Chenshan Botanical Garden,"Phylloscopus inornatus (Blyth, 1842)",Phylloscopidae,Phylloscopus,inornatus,Species,M,Whole year,240
391,Shanghai Chenshan Botanical Garden,"Aegithalos caudatus (Linnaeus, 1758)",Aegithalidae,Aegithalos,caudatus,Species,R,Whole year,240
391,Shanghai Chenshan Botanical Garden,"Passer montanus (Linnaeus, 1758)",Passeridae,Passer,montanus,Species,R,Whole year,240
391,Shanghai Chenshan Botanical Garden,"Fringilla montifringilla (Linnaeus, 1758)",Fringillidae,Fringilla,montifringilla,Species,M,Whole year,240
391,Shanghai Chenshan Botanical Garden,"Carduelis sinica (Linnaeus, 1766)",Fringillidae,Carduelis,sinica,Species,R,Whole year,240
391,Shanghai Chenshan Botanical Garden,"Eophona personata (Temminck & Schlegel, 1848)",Fringillidae,Eophona,personata,Species,M,Whole year,240
391,Shanghai Chenshan Botanical Garden,"Emberiza rustica (Pallas, 1776)",Emberizidae,Emberiza,rustica,Species,M,Whole year,240
391,Shanghai Chenshan Botanical Garden,"Emberiza elegans (Temminck, 1836)",Emberizidae,Emberiza,elegans,Species,M,Whole year,240
391,Shanghai Chenshan Botanical Garden,"Emberiza spodocephala (Pallas, 1776)",Emberizidae,Emberiza,spodocephala,Species,M,Whole year,240
392,Shanghai Gongqing Forest Park,"Tachybaptus ruficollis (Pallas, 1764)",Podicipedidae,Tachybaptus,ruficollis,Species,R,Whole year,240
392,Shanghai Gongqing Forest Park,"Egretta garzetta (Linnaeus, 1766)",Ardeidae,Egretta,garzetta,Species,M,Whole year,240
392,Shanghai Gongqing Forest Park,"Nycticorax nycticorax (Linnaeus, 1758)",Ardeidae,Nycticorax,nycticorax,Species,R,Whole year,240
392,Shanghai Gongqing Forest Park,"Stigmatopelia chinensis (Scopoli, 1768)",Columbidae,Stigmatopelia,chinensis,Species,R,Whole year,240
392,Shanghai Gongqing Forest Park,"Parus major (Linnaeus, 1758)",Paridae,Parus,major,Species,R,Whole year,240
392,Shanghai Gongqing Forest Park,"Hirundo rustica (Linnaeus, 1758)",Laridae,Hirundo,rustica,Species,M,Whole year,240
392,Shanghai Gongqing Forest Park,"Motacilla alba (Linnaeus, 1758)",Motacillidae,Motacilla,alba,Species,M,Whole year,240
392,Shanghai Gongqing Forest Park,"Motacilla cinerea (Tunstall, 1771)",Motacillidae,Motacilla,cinerea,Species,M,Whole year,240
392,Shanghai Gongqing Forest Park,"Anthus hodgsoni (Richmond, 1907)",Motacillidae,Anthus,hodgsoni,Species,M,Whole year,240
392,Shanghai Gongqing Forest Park,"Pycnonotus sinensis (Gmelin, 1789)",Pycnonotidae,Pycnonotus,sinensis,Species,R,Whole year,240
392,Shanghai Gongqing Forest Park,"Lanius schach (Linnaeus, 1758)",Laniidae,Lanius,schach,Species,R,Whole year,240
392,Shanghai Gongqing Forest Park,"Acridotheres cristatellus (Linnaeus, 1758)",Sturnidae,Acridotheres,cristatellus,Species,R,Whole year,240
392,Shanghai Gongqing Forest Park,"Sturnus sericeus (Gmelin, 1789)",Sturnidae,Sturnus,sericeus,Species,R,Whole year,240
392,Shanghai Gongqing Forest Park,"Sturnus cineraceus (Temminck, 1835)",Sturnidae,Sturnus,cineraceus,Species,M,Whole year,240
392,Shanghai Gongqing Forest Park,"Cyanopica cyanus (Pallas, 1776)",Corvidae,Cyanopica,cyanus,Species,R,Whole year,240
392,Shanghai Gongqing Forest Park,"Urocissa erythrorhyncha (Boddaert, 1783)",Corvidae,Urocissa,erythrorhyncha,Species,M,Whole year,240
392,Shanghai Gongqing Forest Park,"Tarsiger cyanurus (Pallas, 1773)",Muscicapidae,Tarsiger,cyanurus,Species,M,Whole year,240
392,Shanghai Gongqing Forest Park,"Phoenicurus auroreus (Pallas, 1776)",Muscicapidae,Phoenicurus,auroreus,Species,M,Whole year,240
392,Shanghai Gongqing Forest Park,"Zoothera dauma (Latham, 1790)",Turdidae,Zoothera,dauma,Species,M,Whole year,240
392,Shanghai Gongqing Forest Park,"Turdus merula (Linnaeus, 1758)",Turdidae,Turdus,merula,Species,R,Whole year,240
392,Shanghai Gongqing Forest Park,"Turdus pallidus (Gmelin, 1789)",Turdidae,Turdus,pallidus,Species,M,Whole year,240
392,Shanghai Gongqing Forest Park,"Turdus naumanni (Temminck, 1820)",Turdidae,Turdus,naumanni,Species,M,Whole year,240
392,Shanghai Gongqing Forest Park,"Ficedula mugimaki (Temminck, 1836)",Muscicapidae,Ficedula,mugimaki,Species,M,Whole year,240
392,Shanghai Gongqing Forest Park,"Paradoxornis webbianus (Gould, 1852)",Paradoxornithidae,Paradoxornis,webbianus,Species,R,Whole year,240
392,Shanghai Gongqing Forest Park,"Phylloscopus proregulus (Pallas, 1811)",Phylloscopidae,Phylloscopus,proregulus,Species,M,Whole year,240
392,Shanghai Gongqing Forest Park,"Phylloscopus inornatus (Blyth, 1842)",Phylloscopidae,Phylloscopus,inornatus,Species,M,Whole year,240
392,Shanghai Gongqing Forest Park,"Regulus regulus (Linnaeus, 1758)",Regulidae,Regulus,regulus,Species,R,Whole year,240
392,Shanghai Gongqing Forest Park,"Passer montanus (Linnaeus, 1758)",Passeridae,Passer,montanus,Species,R,Whole year,240
392,Shanghai Gongqing Forest Park,"Lonchura striata (Linnaeus, 1766)",Estrildidae,Lonchura,striata,Species,R,Whole year,240
392,Shanghai Gongqing Forest Park,"Carduelis spinus (Linnaeus, 1758)",Fringillidae,Carduelis,spinus,Species,M,Whole year,240
392,Shanghai Gongqing Forest Park,"Eophona personata (Temminck & Schlegel, 1848)",Fringillidae,Eophona,personata,Species,M,Whole year,240
392,Shanghai Gongqing Forest Park,"Emberiza spodocephala (Pallas, 1776)",Emberizidae,Emberiza,spodocephala,Species,M,Whole year,240
393,Shanghai Riviera Forest Park,"Tachybaptus ruficollis (Pallas, 1764)",Podicipedidae,Tachybaptus,ruficollis,Species,R,Whole year,240
393,Shanghai Riviera Forest Park,"Mesophoyx intermedia (Wagler, 1829)",Ardeidae,Mesophoyx,intermedia,Species,M,Whole year,240
393,Shanghai Riviera Forest Park,"Egretta garzetta (Linnaeus, 1766)",Ardeidae,Egretta,garzetta,Species,M,Whole year,240
393,Shanghai Riviera Forest Park,"Ardeola bacchus (Bonaparte, 1855)",Ardeidae,Ardeola,bacchus,Species,M,Whole year,240
393,Shanghai Riviera Forest Park,"Nycticorax nycticorax (Linnaeus, 1758)",Ardeidae,Nycticorax,nycticorax,Species,R,Whole year,240
393,Shanghai Riviera Forest Park,"Buteo buteo (Linnaeus, 1758)",Accipitridae,Buteo,buteo,Species,M,Whole year,240
393,Shanghai Riviera Forest Park,"Gallinula chloropus (Linnaeus, 1758)",Rallidae,Gallinula,chloropus,Species,R,Whole year,240
393,Shanghai Riviera Forest Park,"Amaurornis phoenicurus (Pennant, 1769)",Rallidae,Amaurornis,phoenicurus,Species,M,Whole year,240
393,Shanghai Riviera Forest Park,"Larus cachinnans (Pallas, 1811)",Laridae,Larus,cachinnans,Species,M,Whole year,240
393,Shanghai Riviera Forest Park,"Streptopelia orientalis (Latham, 1790)",Columbidae,Streptopelia,orientalis,Species,R,Whole year,240
393,Shanghai Riviera Forest Park,"Stigmatopelia chinensis (Scopoli, 1768)",Columbidae,Stigmatopelia,chinensis,Species,R,Whole year,240
393,Shanghai Riviera Forest Park,"Alcedo atthis (Linnaeus, 1758)",Alcedinidae,Alcedo,atthis,Species,R,Whole year,240
393,Shanghai Riviera Forest Park,"Upupa epops (Linnaeus, 1758)",Upupidae,Upupa,epops,Species,M,Whole year,240
393,Shanghai Riviera Forest Park,"Dendrocopos major (Linnaeus, 1758)",Picidae,Dendrocopos,major,Species,R,Whole year,240
393,Shanghai Riviera Forest Park,"Parus major (Linnaeus, 1758)",Paridae,Parus,major,Species,R,Whole year,240
393,Shanghai Riviera Forest Park,"Hirundo rustica (Linnaeus, 1758)",Laridae,Hirundo,rustica,Species,M,Whole year,240
393,Shanghai Riviera Forest Park,"Motacilla alba (Linnaeus, 1758)",Motacillidae,Motacilla,alba,Species,M,Whole year,240
393,Shanghai Riviera Forest Park,"Motacilla cinerea (Tunstall, 1771)",Motacillidae,Motacilla,cinerea,Species,M,Whole year,240
393,Shanghai Riviera Forest Park,"Dendronanthus indicus (Gmelin, 1789)",Motacillidae,Dendronanthus,indicus,Species,M,Whole year,240
393,Shanghai Riviera Forest Park,"Anthus hodgsoni (Richmond, 1907)",Motacillidae,Anthus,hodgsoni,Species,M,Whole year,240
393,Shanghai Riviera Forest Park,"Motacilla flava (Linnaeus, 1758)",Motacillidae,Motacilla,flava,Species,M,Whole year,240
393,Shanghai Riviera Forest Park,"Pycnonotus sinensis (Gmelin, 1789)",Pycnonotidae,Pycnonotus,sinensis,Species,R,Whole year,240
393,Shanghai Riviera Forest Park,"Lanius schach (Linnaeus, 1758)",Laniidae,Lanius,schach,Species,R,Whole year,240
393,Shanghai Riviera Forest Park,"Lanius cristatus (Linnaeus, 1758)",Laniidae,Lanius,cristatus,Species,M,Whole year,240
393,Shanghai Riviera Forest Park,"Acridotheres cristatellus (Linnaeus, 1758)",Sturnidae,Acridotheres,cristatellus,Species,R,Whole year,240
393,Shanghai Riviera Forest Park,"Sturnus nigricollis (Paykull, 1807)",Sturnidae,Sturnus,nigricollis,Species,R,Whole year,240
393,Shanghai Riviera Forest Park,"Sturnus sericeus (Gmelin, 1789)",Sturnidae,Sturnus,sericeus,Species,R,Whole year,240
393,Shanghai Riviera Forest Park,"Sturnus cineraceus (Temminck, 1835)",Sturnidae,Sturnus,cineraceus,Species,M,Whole year,240
393,Shanghai Riviera Forest Park,"Pica pica (Linnaeus, 1758)",Corvidae,Pica,pica,Species,R,Whole year,240
393,Shanghai Riviera Forest Park,"Cyanopica cyanus (Pallas, 1776)",Corvidae,Cyanopica,cyanus,Species,R,Whole year,240
393,Shanghai Riviera Forest Park,"Tarsiger cyanurus (Pallas, 1773)",Muscicapidae,Tarsiger,cyanurus,Species,M,Whole year,240
393,Shanghai Riviera Forest Park,"Phoenicurus auroreus (Pallas, 1776)",Muscicapidae,Phoenicurus,auroreus,Species,M,Whole year,240
393,Shanghai Riviera Forest Park,"Turdus hortulorum (P.L.Sclater, 1863)",Turdidae,Turdus,hortulorum,Species,M,Whole year,240
393,Shanghai Riviera Forest Park,"Turdus merula (Linnaeus, 1758)",Turdidae,Turdus,merula,Species,R,Whole year,240
393,Shanghai Riviera Forest Park,"Turdus pallidus (Gmelin, 1789)",Turdidae,Turdus,pallidus,Species,M,Whole year,240
393,Shanghai Riviera Forest Park,"Turdus naumanni (Temminck, 1820)",Turdidae,Turdus,naumanni,Species,M,Whole year,240
393,Shanghai Riviera Forest Park,"Muscicapa dauurica (Pallas, 1811)",Muscicapidae,Muscicapa,dauurica,Species,M,Whole year,240
393,Shanghai Riviera Forest Park,"Cyanoptila cyanomelana (Temminck, 1829)",Muscicapidae,Cyanoptila,cyanomelana,Species,M,Whole year,240
393,Shanghai Riviera Forest Park,"Garrulax canorus (Linnaeus, 1758)",Leiothrichidae,Garrulax,canorus,Species,R,Whole year,240
393,Shanghai Riviera Forest Park,"Paradoxornis webbianus (Gould, 1852)",Paradoxornithidae,Paradoxornis,webbianus,Species,R,Whole year,240
393,Shanghai Riviera Forest Park,"Phylloscopus proregulus (Pallas, 1811)",Phylloscopidae,Phylloscopus,proregulus,Species,M,Whole year,240
393,Shanghai Riviera Forest Park,"Phylloscopus inornatus (Blyth, 1842)",Phylloscopidae,Phylloscopus,inornatus,Species,M,Whole year,240
393,Shanghai Riviera Forest Park,"Passer montanus (Linnaeus, 1758)",Passeridae,Passer,montanus,Species,R,Whole year,240
393,Shanghai Riviera Forest Park,"Fringilla montifringilla (Linnaeus, 1758)",Fringillidae,Fringilla,montifringilla,Species,M,Whole year,240
393,Shanghai Riviera Forest Park,"Carduelis spinus (Linnaeus, 1758)",Fringillidae,Carduelis,spinus,Species,M,Whole year,240
393,Shanghai Riviera Forest Park,"Eophona personata (Temminck & Schlegel, 1848)",Fringillidae,Eophona,personata,Species,M,Whole year,240
393,Shanghai Riviera Forest Park,"Emberiza rustica (Pallas, 1776)",Emberizidae,Emberiza,rustica,Species,M,Whole year,240
393,Shanghai Riviera Forest Park,"Emberiza elegans (Temminck, 1836)",Emberizidae,Emberiza,elegans,Species,M,Whole year,240
393,Shanghai Riviera Forest Park,"Emberiza spodocephala (Pallas, 1776)",Emberizidae,Emberiza,spodocephala,Species,M,Whole year,240
394,Shenzhen Litchi Park,"Tachybaptus ruficollis (Pallas, 1764)",Podicipedidae,Tachybaptus,ruficollis,Species,R,Whole year,138
394,Shenzhen Litchi Park,"Egretta garzetta (Linnaeus, 1766)",Ardeidae,Egretta,garzetta,Species,R,Whole year,138
394,Shenzhen Litchi Park,"Ardeola bacchus (Bonaparte, 1855)",Ardeidae,Ardeola,bacchus,Species,R,Whole year,138
394,Shenzhen Litchi Park,"Nycticorax nycticorax (Linnaeus, 1758)",Ardeidae,Nycticorax,nycticorax,Species,R,Whole year,138
394,Shenzhen Litchi Park,"Gallinula chloropus (Linnaeus, 1758)",Rallidae,Gallinula,chloropus,Species,R,Whole year,138
394,Shenzhen Litchi Park,"Amaurornis phoenicurus (Pennant, 1769)",Rallidae,Amaurornis,phoenicurus,Species,R,Whole year,138
394,Shenzhen Litchi Park,"Actitis hypoleucos (Linnaeus, 1758)",Scolopacidae,Actitis,hypoleucos,Species,M,Whole year,138
394,Shenzhen Litchi Park,"Milvus migrans (Boddaert, 1783)",Accipitridae,Milvus,migrans,Species,R,Whole year,138
394,Shenzhen Litchi Park,"Stigmatopelia chinensis (Scopoli, 1768)",Columbidae,Stigmatopelia,chinensis,Species,R,Whole year,138
394,Shenzhen Litchi Park,"Cacomantis merulinus (Scopoli, 1786)",Cuculidae,Cacomantis,merulinus,Species,M,Whole year,138
394,Shenzhen Litchi Park,"Eudynamys scolopaceus (Linnaeus, 1758)",Cuculidae,Eudynamys,scolopaceus,Species,R,Whole year,138
394,Shenzhen Litchi Park,"Glaucidium brodiei (Burton, 1836)",Strigidae,Glaucidium,brodiei,Species,R,Whole year,138
394,Shenzhen Litchi Park,"Apus nipalensis (Hodgson, 1837)",Apodidae,Apus,nipalensis,Species,M,Whole year,138
394,Shenzhen Litchi Park,"Alcedo atthis (Linnaeus, 1758)",Alcedinidae,Alcedo,atthis,Species,R,Whole year,138
394,Shenzhen Litchi Park,"Halcyon smyrnensis (Linnaeus, 1758)",Alcedinidae,Halcyon,smyrnensis,Species,R,Whole year,138
394,Shenzhen Litchi Park,"Motacilla alba (Linnaeus, 1758)",Motacillidae,Motacilla,alba,Species,M,Whole year,138
394,Shenzhen Litchi Park,"Motacilla flava (Linnaeus, 1758)",Motacillidae,Motacilla,flava,Species,M,Whole year,138
394,Shenzhen Litchi Park,"Anthus hodgsoni (Richmond, 1907)",Motacillidae,Anthus,hodgsoni,Species,M,Whole year,138
394,Shenzhen Litchi Park,"Anthus richardi (Vieillot, 1818)",Motacillidae,Anthus,richardi,Species,M,Whole year,138
394,Shenzhen Litchi Park,"Coracina melaschistos (Hodgson, 1836)",Campephagidae,Coracina,melaschistos,Species,M,Whole year,138
394,Shenzhen Litchi Park,"Pycnonotus sinensis (Gmelin, 1789)",Pycnonotidae,Pycnonotus,sinensis,Species,R,Whole year,138
394,Shenzhen Litchi Park,"Pycnonotus jocosus (Linnaeus, 1758)",Pycnonotidae,Pycnonotus,jocosus,Species,R,Whole year,138
394,Shenzhen Litchi Park,"Pycnonotus aurigaster (Vieillot, 1818)",Pycnonotidae,Pycnonotus,aurigaster,Species,R,Whole year,138
394,Shenzhen Litchi Park,"Lanius schach (Linnaeus, 1758)",Laniidae,Lanius,schach,Species,R,Whole year,138
394,Shenzhen Litchi Park,"Corvus macrorhynchos (Wagler, 1827)",Corvidae,Corvus,macrorhynchos,Species,R,Whole year,138
394,Shenzhen Litchi Park,"Pica pica (Linnaeus, 1758)",Corvidae,Pica,pica,Species,R,Whole year,138
394,Shenzhen Litchi Park,"Urocissa erythrorhyncha (Boddaert, 1783)",Corvidae,Urocissa,erythrorhyncha,Species,R,Whole year,138
394,Shenzhen Litchi Park,"Dicrurus macrocercus (Vieillot, 1817)",Dicruridae,Dicrurus,macrocercus,Species,M,Whole year,138
394,Shenzhen Litchi Park,"Luscinia sibilans (Swinhoe, 1863)",Muscicapidae,Luscinia,sibilans,Species,M,Whole year,138
394,Shenzhen Litchi Park,"Phoenicurus auroreus (Pallas, 1776)",Muscicapidae,Phoenicurus,auroreus,Species,M,Whole year,138
394,Shenzhen Litchi Park,"Tarsiger cyanurus (Pallas, 1773)",Muscicapidae,Tarsiger,cyanurus,Species,M,Whole year,138
394,Shenzhen Litchi Park,"Copsychus saularis (Linnaeus, 1758)",Muscicapidae,Copsychus,saularis,Species,R,Whole year,138
394,Shenzhen Litchi Park,"Turdus hortulorum (P.L.Sclater, 1863)",Turdidae,Turdus,hortulorum,Species,M,Whole year,138
394,Shenzhen Litchi Park,"Turdus merula (Linnaeus, 1758)",Turdidae,Turdus,merula,Species,R,Whole year,138
394,Shenzhen Litchi Park,"Saxicola torquatus (Linnaeus, 1766)",Muscicapidae,Saxicola,torquatus,Species,R,Whole year,138
394,Shenzhen Litchi Park,"Muscicapa dauurica (Pallas, 1811)",Muscicapidae,Muscicapa,dauurica,Species,M,Whole year,138
394,Shenzhen Litchi Park,"Prinia inornata (Sykes, 1832)",Cisticolidae,Prinia,inornata,Species,R,Whole year,138
394,Shenzhen Litchi Park,"Prinia flaviventris (Delessert, 1840)",Cisticolidae,Prinia,flaviventris,Species,R,Whole year,138
394,Shenzhen Litchi Park,"Orthotomus sutorius (Pennant, 1769)",Cisticolidae,Orthotomus,sutorius,Species,R,Whole year,138
394,Shenzhen Litchi Park,"Phylloscopus proregulus (Pallas, 1811)",Phylloscopidae,Phylloscopus,proregulus,Species,M,Whole year,138
394,Shenzhen Litchi Park,"Phylloscopus inornatus (Blyth, 1842)",Phylloscopidae,Phylloscopus,inornatus,Species,M,Whole year,138
394,Shenzhen Litchi Park,"Phylloscopus fuscatus (Blyth, 1842)",Phylloscopidae,Phylloscopus,fuscatus,Species,M,Whole year,138
394,Shenzhen Litchi Park,"Garrulax canorus (Linnaeus, 1758)",Leiothrichidae,Garrulax,canorus,Species,R,Whole year,138
394,Shenzhen Litchi Park,"Garrulax perspicillatus (Gmelin, 1789)",Leiothrichidae,Garrulax,perspicillatus,Species,R,Whole year,138
394,Shenzhen Litchi Park,"Leiothrix lutea (Scopoli, 1786)",Leiothrichidae,Leiothrix,lutea,Species,R,Whole year,138
394,Shenzhen Litchi Park,"Parus major (Linnaeus, 1758)",Paridae,Parus,major,Species,R,Whole year,138
394,Shenzhen Litchi Park,"Dicaeum cruentatum (Linnaeus, 1758)",Dicaeidae,Dicaeum,cruentatum,Species,R,Whole year,138
394,Shenzhen Litchi Park,"Dicaeum ignipectus (Blyth, 1843)",Dicaeidae,Dicaeum,ignipectus,Species,R,Whole year,138
394,Shenzhen Litchi Park,"Aethopyga christinae (Swinhoe, 1869)",Nectariniidae,Aethopyga,christinae,Species,R,Whole year,138
394,Shenzhen Litchi Park,"Zosterops japonicus (Temminck & Schlegel, 1845)",Zosteropidae,Zosterops,japonicus,Species,R,Whole year,138
394,Shenzhen Litchi Park,"Acridotheres cristatellus (Linnaeus, 1758)",Sturnidae,Acridotheres,cristatellus,Species,R,Whole year,138
394,Shenzhen Litchi Park,"Sturnus sericeus (Gmelin, 1789)",Sturnidae,Sturnus,sericeus,Species,R,Whole year,138
394,Shenzhen Litchi Park,"Sturnus cineraceus (Temminck, 1835)",Sturnidae,Sturnus,cineraceus,Species,M,Whole year,138
394,Shenzhen Litchi Park,"Sturnus nigricollis (Paykull, 1807)",Sturnidae,Sturnus,nigricollis,Species,R,Whole year,138
394,Shenzhen Litchi Park,"Passer montanus (Linnaeus, 1758)",Passeridae,Passer,montanus,Species,R,Whole year,138
394,Shenzhen Litchi Park,"Lonchura striata (Linnaeus, 1766)",Estrildidae,Lonchura,striata,Species,R,Whole year,138
394,Shenzhen Litchi Park,"Lonchura punctulata (Linnaeus, 1758)",Estrildidae,Lonchura,punctulata,Species,R,Whole year,138
394,Shenzhen Litchi Park,"Carduelis sinica (Linnaeus, 1766)",Fringillidae,Carduelis,sinica,Species,R,Whole year,138
394,Shenzhen Litchi Park,"Eophona migratoria (Hartert, 1903)",Fringillidae,Eophona,migratoria,Species,M,Whole year,138
394,Shenzhen Litchi Park,"Emberiza spodocephala (Pallas, 1776)",Emberizidae,Emberiza,spodocephala,Species,M,Whole year,138
395,Suzhou Taihu National Wetland Park,"Tachybaptus ruficollis (Pallas, 1764)",Podicipedidae,Tachybaptus,ruficollis,Species,R,Whole year,14
395,Suzhou Taihu National Wetland Park,"Butorides striata (Linnaeus, 1758)",Ardeidae,Butorides,striata,Species,M,Whole year,14
395,Suzhou Taihu National Wetland Park,"Ardeola bacchus (Bonaparte, 1855)",Ardeidae,Ardeola,bacchus,Species,M,Whole year,14
395,Suzhou Taihu National Wetland Park,"Egretta garzetta (Linnaeus, 1766)",Ardeidae,Egretta,garzetta,Species,M,Whole year,14
395,Suzhou Taihu National Wetland Park,"Nycticorax nycticorax (Linnaeus, 1758)",Ardeidae,Nycticorax,nycticorax,Species,M,Whole year,14
395,Suzhou Taihu National Wetland Park,"Ixobrychus flavicollis (Latham, 1790)",Ardeidae,Ixobrychus,flavicollis,Species,M,Whole year,14
395,Suzhou Taihu National Wetland Park,"Ixobrychus sinensis (Gmelin, 1789)",Ardeidae,Ixobrychus,sinensis,Species,M,Whole year,14
395,Suzhou Taihu National Wetland Park,"Anas poecilorhyncha (J.R.Forster, 1781)",Anatidae,Anas,poecilorhyncha,Species,M,Whole year,14
395,Suzhou Taihu National Wetland Park,"Anas crecca (Linnaeus, 1758)",Anatidae,Anas,crecca,Species,M,Whole year,14
395,Suzhou Taihu National Wetland Park,"Phasianus colchicus (Linnaeus, 1758)",Jacanidae,Phasianus,colchicus,Species,R,Whole year,14
395,Suzhou Taihu National Wetland Park,"Gallinula chloropus (Linnaeus, 1758)",Rallidae,Gallinula,chloropus,Species,R,Whole year,14
395,Suzhou Taihu National Wetland Park,"Fulica atra (Linnaeus, 1758)",Rallidae,Fulica,atra,Species,M,Whole year,14
395,Suzhou Taihu National Wetland Park,"Amaurornis phoenicurus (Pennant, 1769)",Rallidae,Amaurornis,phoenicurus,Species,M,Whole year,14
395,Suzhou Taihu National Wetland Park,"Rallus aquaticus (Linnaeus, 1758)",Rallidae,Rallus,aquaticus,Species,M,Whole year,14
395,Suzhou Taihu National Wetland Park,"Hydrophasianus chirurgus (Scopoli, 1786)",Jacanidae,Hydrophasianus,chirurgus,Species,M,Whole year,14
395,Suzhou Taihu National Wetland Park,"Charadrius dubius (Scopoli, 1786)",Charadriidae,Charadrius,dubius,Species,M,Whole year,14
395,Suzhou Taihu National Wetland Park,"Stigmatopelia chinensis (Scopoli, 1768)",Columbidae,Stigmatopelia,chinensis,Species,R,Whole year,14
395,Suzhou Taihu National Wetland Park,"Cuculus canorus (Linnaeus, 1758)",scolopacea,Cuculus,canorus,Species,M,Whole year,14
395,Suzhou Taihu National Wetland Park,"Centropus bengalensis (Gmelin, 1788)",Cuculidae,Centropus,bengalensis,Species,M,Whole year,14
395,Suzhou Taihu National Wetland Park,"Alcedo atthis (Linnaeus, 1758)",Alcedinidae,Alcedo,atthis,Species,R,Whole year,14
395,Suzhou Taihu National Wetland Park,"Upupa epops (Linnaeus, 1758)",Upupidae,Upupa,epops,Species,R,Whole year,14
395,Suzhou Taihu National Wetland Park,"Hirundo rustica (Linnaeus, 1758)",Laridae,Hirundo,rustica,Species,M,Whole year,14
395,Suzhou Taihu National Wetland Park,"Hirundo daurica (Laxmann, 1769)",Laridae,Hirundo,daurica,Species,M,Whole year,14
395,Suzhou Taihu National Wetland Park,"Motacilla alba (Linnaeus, 1758)",Motacillidae,Motacilla,alba,Species,R,Whole year,14
395,Suzhou Taihu National Wetland Park,"Motacilla flava (Linnaeus, 1758)",Motacillidae,Motacilla,flava,Species,M,Whole year,14
395,Suzhou Taihu National Wetland Park,"Anthus hodgsoni (Richmond, 1907)",Motacillidae,Anthus,hodgsoni,Species,M,Whole year,14
395,Suzhou Taihu National Wetland Park,"Pycnonotus sinensis (Gmelin, 1789)",Pycnonotidae,Pycnonotus,sinensis,Species,R,Whole year,14
395,Suzhou Taihu National Wetland Park,"Lanius cristatus (Linnaeus, 1758)",Laniidae,Lanius,cristatus,Species,M,Whole year,14
395,Suzhou Taihu National Wetland Park,"Lanius schach (Linnaeus, 1758)",Laniidae,Lanius,schach,Species,R,Whole year,14
395,Suzhou Taihu National Wetland Park,"Dicrurus macrocercus (Vieillot, 1817)",Dicruridae,Dicrurus,macrocercus,Species,M,Whole year,14
395,Suzhou Taihu National Wetland Park,"Acridotheres cristatellus (Linnaeus, 1758)",Sturnidae,Acridotheres,cristatellus,Species,R,Whole year,14
395,Suzhou Taihu National Wetland Park,"Pica pica (Linnaeus, 1758)",Corvidae,Pica,pica,Species,R,Whole year,14
395,Suzhou Taihu National Wetland Park,"Phoenicurus auroreus (Pallas, 1776)",Muscicapidae,Phoenicurus,auroreus,Species,M,Whole year,14
395,Suzhou Taihu National Wetland Park,"Saxicola torquatus (Linnaeus, 1766)",Muscicapidae,Saxicola,torquatus,Species,M,Whole year,14
395,Suzhou Taihu National Wetland Park,"Turdus merula (Linnaeus, 1758)",Turdidae,Turdus,merula,Species,R,Whole year,14
395,Suzhou Taihu National Wetland Park,"Turdus naumanni (Temminck, 1820)",Turdidae,Turdus,naumanni,Species,M,Whole year,14
395,Suzhou Taihu National Wetland Park,"Garrulax perspicillatus (Gmelin, 1789)",Leiothrichidae,Garrulax,perspicillatus,Species,R,Whole year,14
395,Suzhou Taihu National Wetland Park,"Paradoxornis webbianus (Gould, 1852)",Paradoxornithidae,Paradoxornis,webbianus,Species,R,Whole year,14
395,Suzhou Taihu National Wetland Park,"Acrocephalus arundinaceus (Linnaeus, 1758)",Acrocephalidae,Acrocephalus,arundinaceus,Species,M,Whole year,14
395,Suzhou Taihu National Wetland Park,"Acrocephalus bistrigiceps (Swinhoe, 1860)",Acrocephalidae,Acrocephalus,bistrigiceps,Species,M,Whole year,14
395,Suzhou Taihu National Wetland Park,"Cisticola juncidis (Rafinesque, 1810)",Cisticolidae,Cisticola,juncidis,Species,M,Whole year,14
395,Suzhou Taihu National Wetland Park,"Prinia inornata (Sykes, 1832)",Cisticolidae,Prinia,inornata,Species,R,Whole year,14
395,Suzhou Taihu National Wetland Park,"Parus major (Linnaeus, 1758)",Paridae,Parus,major,Species,R,Whole year,14
395,Suzhou Taihu National Wetland Park,"Passer montanus (Linnaeus, 1758)",Passeridae,Passer,montanus,Species,R,Whole year,14
395,Suzhou Taihu National Wetland Park,"Lonchura striata (Linnaeus, 1766)",Estrildidae,Lonchura,striata,Species,M,Whole year,14
395,Suzhou Taihu National Wetland Park,"Carduelis sinica (Linnaeus, 1766)",Fringillidae,Carduelis,sinica,Species,M,Whole year,14
395,Suzhou Taihu National Wetland Park,"Eophona personata (Temminck & Schlegel, 1848)",Fringillidae,Eophona,personata,Species,M,Whole year,14
395,Suzhou Taihu National Wetland Park,"Emberiza pusilla (Pallas, 1776)",Emberizidae,Emberiza,pusilla,Species,M,Whole year,14
395,Suzhou Taihu National Wetland Park,"Emberiza spodocephala (Pallas, 1776)",Emberizidae,Emberiza,spodocephala,Species,M,Whole year,14
395,Suzhou Taihu National Wetland Park,"Emberiza elegans (Temminck, 1836)",Emberizidae,Emberiza,elegans,Species,M,Whole year,14
396,Taiyuan Fenhe Wetland Park,"Tachybaptus ruficollis (Pallas, 1764)",Podicipedidae,Tachybaptus,ruficollis,Species,R,"Summer, Autumn and Winter",105
396,Taiyuan Fenhe Wetland Park,"Podiceps cristatus (Linnaeus, 1758)",Podicipedidae,Podiceps,cristatus,Species,M,"Summer, Autumn and Winter",105
396,Taiyuan Fenhe Wetland Park,"Podiceps nigricollis (C.L.Brehm, 1831)",Podicipedidae,Podiceps,nigricollis,Species,M,"Summer, Autumn and Winter",105
396,Taiyuan Fenhe Wetland Park,"Phalacrocorax carbo (Linnaeus, 1758)",Phalacrocoracidae,Phalacrocorax,carbo,Species,M,"Summer, Autumn and Winter",105
396,Taiyuan Fenhe Wetland Park,"Ardea cinerea (Linnaeus, 1758)",Ardeidae,Ardea,cinerea,Species,M,"Summer, Autumn and Winter",105
396,Taiyuan Fenhe Wetland Park,"Casmerodius albus (Linnaeus, 1758)",Ardeidae,Casmerodius,albus,Species,M,"Summer, Autumn and Winter",105
396,Taiyuan Fenhe Wetland Park,"Mesophoyx intermedia (Wagler, 1829)",Ardeidae,Mesophoyx,intermedia,Species,M,"Summer, Autumn and Winter",105
396,Taiyuan Fenhe Wetland Park,"Egretta garzetta (Linnaeus, 1766)",Ardeidae,Egretta,garzetta,Species,M,"Summer, Autumn and Winter",105
396,Taiyuan Fenhe Wetland Park,"Ardeola bacchus (Bonaparte, 1855)",Ardeidae,Ardeola,bacchus,Species,M,"Summer, Autumn and Winter",105
396,Taiyuan Fenhe Wetland Park,"Nycticorax nycticorax (Linnaeus, 1758)",Ardeidae,Nycticorax,nycticorax,Species,M,"Summer, Autumn and Winter",105
396,Taiyuan Fenhe Wetland Park,"Ixobrychus sinensis (Gmelin, 1789)",Ardeidae,Ixobrychus,sinensis,Species,M,"Summer, Autumn and Winter",105
396,Taiyuan Fenhe Wetland Park,"Botaurus stellaris (Linnaeus, 1758)",Ardeidae,Botaurus,stellaris,Species,M,"Summer, Autumn and Winter",105
396,Taiyuan Fenhe Wetland Park,"Cygnus cygnus (Linnaeus, 1758)",Anatidae,Cygnus,cygnus,Species,M,"Summer, Autumn and Winter",105
396,Taiyuan Fenhe Wetland Park,"Tadorna ferruginea (Pallas, 1764)",Laridae,Tadorna,ferruginea,Species,M,"Summer, Autumn and Winter",105
396,Taiyuan Fenhe Wetland Park,"Aix galericulata (Linnaeus, 1758)",Anatidae,Aix,galericulata,Species,M,"Summer, Autumn and Winter",105
396,Taiyuan Fenhe Wetland Park,"Anas crecca (Linnaeus, 1758)",Anatidae,Anas,crecca,Species,M,"Summer, Autumn and Winter",105
396,Taiyuan Fenhe Wetland Park,"Anas platyrhynchos (Linnaeus, 1758)",Anatidae,Anas,platyrhynchos,Species,R,"Summer, Autumn and Winter",105
396,Taiyuan Fenhe Wetland Park,"Anas poecilorhyncha (J.R.Forster, 1781)",Anatidae,Anas,poecilorhyncha,Species,M,"Summer, Autumn and Winter",105
396,Taiyuan Fenhe Wetland Park,"Anas acuta (Linnaeus, 1758)",Anatidae,Anas,acuta,Species,M,"Summer, Autumn and Winter",105
396,Taiyuan Fenhe Wetland Park,"Aythya ferina (Linnaeus, 1758)",Anatidae,Aythya,ferina,Species,M,"Summer, Autumn and Winter",105
396,Taiyuan Fenhe Wetland Park,"Mergus merganser (Linnaeus, 1758)",Anatidae,Mergus,merganser,Species,M,"Summer, Autumn and Winter",105
396,Taiyuan Fenhe Wetland Park,"Milvus migrans (Boddaert, 1783)",Accipitridae,Milvus,migrans,Species,M,"Summer, Autumn and Winter",105
396,Taiyuan Fenhe Wetland Park,"Circus cyaneus (Linnaeus, 1766)",Charadriidae,Circus,cyaneus,Species,M,"Summer, Autumn and Winter",105
396,Taiyuan Fenhe Wetland Park,"Accipiter nisus (Linnaeus, 1758)",Accipitridae,Accipiter,nisus,Species,M,"Summer, Autumn and Winter",105
396,Taiyuan Fenhe Wetland Park,"Falco tinnunculus (Linnaeus, 1758)",Falconidae,Falco,tinnunculus,Species,R,"Summer, Autumn and Winter",105
396,Taiyuan Fenhe Wetland Park,"Falco columbarius (Linnaeus, 1758)",Falconidae,Falco,columbarius,Species,M,"Summer, Autumn and Winter",105
396,Taiyuan Fenhe Wetland Park,"Phasianus colchicus (Linnaeus, 1758)",Jacanidae,Phasianus,colchicus,Species,R,"Summer, Autumn and Winter",105
396,Taiyuan Fenhe Wetland Park,"Otis tarda (Linnaeus, 1758)",Otidae,Otis,tarda,Species,M,"Summer, Autumn and Winter",105
396,Taiyuan Fenhe Wetland Park,"Rallus aquaticus (Linnaeus, 1758)",Rallidae,Rallus,aquaticus,Species,M,"Summer, Autumn and Winter",105
396,Taiyuan Fenhe Wetland Park,"Gallinula chloropus (Linnaeus, 1758)",Rallidae,Gallinula,chloropus,Species,M,"Summer, Autumn and Winter",105
396,Taiyuan Fenhe Wetland Park,"Fulica atra (Linnaeus, 1758)",Rallidae,Fulica,atra,Species,M,"Summer, Autumn and Winter",105
396,Taiyuan Fenhe Wetland Park,"Tringa ochropus (Linnaeus, 1758)",Scolopacidae,Tringa,ochropus,Species,M,"Summer, Autumn and Winter",105
396,Taiyuan Fenhe Wetland Park,"Streptopelia decaocto (Frivaldszky, 1838)",Columbidae,Streptopelia,decaocto,Species,R,"Summer, Autumn and Winter",105
396,Taiyuan Fenhe Wetland Park,"Stigmatopelia chinensis (Scopoli, 1768)",Columbidae,Stigmatopelia,chinensis,Species,R,"Summer, Autumn and Winter",105
396,Taiyuan Fenhe Wetland Park,"Asio flammeus (Pontoppidan, 1763)",Strigidae,Asio,flammeus,Species,M,"Summer, Autumn and Winter",105
396,Taiyuan Fenhe Wetland Park,"Alcedo atthis (Linnaeus, 1758)",Alcedinidae,Alcedo,atthis,Species,R,"Summer, Autumn and Winter",105
396,Taiyuan Fenhe Wetland Park,"Megaceryle lugubris (Temminck, 1834)",Alcedinidae,Megaceryle,lugubris,Species,R,"Summer, Autumn and Winter",105
396,Taiyuan Fenhe Wetland Park,"Upupa epops (Linnaeus, 1758)",Upupidae,Upupa,epops,Species,M,"Summer, Autumn and Winter",105
396,Taiyuan Fenhe Wetland Park,"Jynx torquilla (Linnaeus, 1758)",Picidae,Jynx,torquilla,Species,M,"Summer, Autumn and Winter",105
396,Taiyuan Fenhe Wetland Park,"Dendrocopos canicapillus (Blyth, 1845)",Picidae,Dendrocopos,canicapillus,Species,R,"Summer, Autumn and Winter",105
396,Taiyuan Fenhe Wetland Park,"Dendrocopos major (Linnaeus, 1758)",Picidae,Dendrocopos,major,Species,R,"Summer, Autumn and Winter",105
396,Taiyuan Fenhe Wetland Park,"Picus canus (Gmelin, 1788)",Picidae,Picus,canus,Species,R,"Summer, Autumn and Winter",105
396,Taiyuan Fenhe Wetland Park,"Motacilla alba (Linnaeus, 1758)",Motacillidae,Motacilla,alba,Species,M,"Summer, Autumn and Winter",105
396,Taiyuan Fenhe Wetland Park,"Anthus spinoletta (Linnaeus, 1758)",Motacillidae,Anthus,spinoletta,Species,R,"Summer, Autumn and Winter",105
396,Taiyuan Fenhe Wetland Park,"Pycnonotus sinensis (Gmelin, 1789)",Pycnonotidae,Pycnonotus,sinensis,Species,M,"Summer, Autumn and Winter",105
396,Taiyuan Fenhe Wetland Park,"Acridotheres cristatellus (Linnaeus, 1758)",Sturnidae,Acridotheres,cristatellus,Species,M,"Summer, Autumn and Winter",105
396,Taiyuan Fenhe Wetland Park,"Sturnus cineraceus (Temminck, 1835)",Sturnidae,Sturnus,cineraceus,Species,M,"Summer, Autumn and Winter",105
396,Taiyuan Fenhe Wetland Park,"Cyanopica cyanus (Pallas, 1776)",Corvidae,Cyanopica,cyanus,Species,R,"Summer, Autumn and Winter",105
396,Taiyuan Fenhe Wetland Park,"Pica pica (Linnaeus, 1758)",Corvidae,Pica,pica,Species,R,"Summer, Autumn and Winter",105
396,Taiyuan Fenhe Wetland Park,"Luscinia calliope (Pallas, 1776)",Muscicapidae,Luscinia,calliope,Species,M,"Summer, Autumn and Winter",105
396,Taiyuan Fenhe Wetland Park,"Phoenicurus auroreus (Pallas, 1776)",Muscicapidae,Phoenicurus,auroreus,Species,M,"Summer, Autumn and Winter",105
396,Taiyuan Fenhe Wetland Park,"Turdus ruficollis (Pallas, 1776)",Turdidae,Turdus,ruficollis,Species,M,"Summer, Autumn and Winter",105
396,Taiyuan Fenhe Wetland Park,"Turdus naumanni (Temminck, 1820)",Turdidae,Turdus,naumanni,Species,M,"Summer, Autumn and Winter",105
396,Taiyuan Fenhe Wetland Park,"Muscicapa dauurica (Pallas, 1811)",Muscicapidae,Muscicapa,dauurica,Species,M,"Summer, Autumn and Winter",105
396,Taiyuan Fenhe Wetland Park,"Ficedula zanthopygia (Hay, 1845)",Muscicapidae,Ficedula,zanthopygia,Species,M,"Summer, Autumn and Winter",105
396,Taiyuan Fenhe Wetland Park,"Garrulax davidi (Swinhoe, 1868)",Leiothrichidae,Garrulax,davidi,Species,R,"Summer, Autumn and Winter",105
396,Taiyuan Fenhe Wetland Park,"Garrulax canorus (Linnaeus, 1758)",Leiothrichidae,Garrulax,canorus,Species,R,"Summer, Autumn and Winter",105
396,Taiyuan Fenhe Wetland Park,"Paradoxornis webbianus (Gould, 1852)",Paradoxornithidae,Paradoxornis,webbianus,Species,R,"Summer, Autumn and Winter",105
396,Taiyuan Fenhe Wetland Park,"Rhopophilus pekinensis (Swinhoe, 1868)",Muscicapidae,Rhopophilus,pekinensis,Species,R,"Summer, Autumn and Winter",105
396,Taiyuan Fenhe Wetland Park,"Cettia canturians (Swinhoe, 1860)",Cettiidae,Cettia,canturians,Species,M,"Summer, Autumn and Winter",105
396,Taiyuan Fenhe Wetland Park,"Acrocephalus arundinaceus (Linnaeus, 1758)",Acrocephalidae,Acrocephalus,arundinaceus,Species,M,"Summer, Autumn and Winter",105
396,Taiyuan Fenhe Wetland Park,"Phylloscopus inornatus (Blyth, 1842)",Phylloscopidae,Phylloscopus,inornatus,Species,M,"Summer, Autumn and Winter",105
396,Taiyuan Fenhe Wetland Park,"Zosterops erythropleurus (Swinhoe, 1863)",Zosteropidae,Zosterops,erythropleurus,Species,M,"Summer, Autumn and Winter",105
396,Taiyuan Fenhe Wetland Park,"Aegithalos caudatus (Linnaeus, 1758)",Aegithalidae,Aegithalos,caudatus,Species,R,"Summer, Autumn and Winter",105
396,Taiyuan Fenhe Wetland Park,"Parus montanus (Baldenstein, 1827)",Paridae,Parus,montanus,Species,R,"Summer, Autumn and Winter",105
396,Taiyuan Fenhe Wetland Park,"Parus venustulus (R. Swinhoe, 1870)",Paridae,Parus,venustulus,Species,R,"Summer, Autumn and Winter",105
396,Taiyuan Fenhe Wetland Park,"Parus major (Linnaeus, 1758)",Paridae,Parus,major,Species,R,"Summer, Autumn and Winter",105
396,Taiyuan Fenhe Wetland Park,"Passer montanus (Linnaeus, 1758)",Passeridae,Passer,montanus,Species,R,"Summer, Autumn and Winter",105
396,Taiyuan Fenhe Wetland Park,"Lonchura striata (Linnaeus, 1766)",Estrildidae,Lonchura,striata,Species,M,"Summer, Autumn and Winter",105
396,Taiyuan Fenhe Wetland Park,"Lonchura punctulata (Linnaeus, 1758)",Estrildidae,Lonchura,punctulata,Species,M,"Summer, Autumn and Winter",105
396,Taiyuan Fenhe Wetland Park,"Eophona personata (Temminck & Schlegel, 1848)",Fringillidae,Eophona,personata,Species,M,"Summer, Autumn and Winter",105
396,Taiyuan Fenhe Wetland Park,"Carduelis sinica (Linnaeus, 1766)",Fringillidae,Carduelis,sinica,Species,R,"Summer, Autumn and Winter",105
396,Taiyuan Fenhe Wetland Park,"Fringilla montifringilla (Linnaeus, 1758)",Fringillidae,Fringilla,montifringilla,Species,M,"Summer, Autumn and Winter",105
396,Taiyuan Fenhe Wetland Park,"Emberiza pusilla (Pallas, 1776)",Emberizidae,Emberiza,pusilla,Species,M,"Summer, Autumn and Winter",105
397,Wuhan Zhongshan Park,"Tachybaptus ruficollis (Pallas, 1764)",Podicipedidae,Tachybaptus,ruficollis,Species,R,Winter,241
397,Wuhan Zhongshan Park,"Milvus migrans (Boddaert, 1783)",Accipitridae,Milvus,migrans,Species,R,Winter,241
397,Wuhan Zhongshan Park,"Buteo buteo (Linnaeus, 1758)",Accipitridae,Buteo,buteo,Species,M,Winter,241
397,Wuhan Zhongshan Park,"Falco tinnunculus (Linnaeus, 1758)",Falconidae,Falco,tinnunculus,Species,R,Winter,241
397,Wuhan Zhongshan Park,"Larus ridibundus (Linnaeus, 1766)",Laridae,Larus,ridibundus,Species,M,Winter,241
397,Wuhan Zhongshan Park,"Streptopelia orientalis (Latham, 1790)",Columbidae,Streptopelia,orientalis,Species,R,Winter,241
397,Wuhan Zhongshan Park,"Stigmatopelia chinensis (Scopoli, 1768)",Columbidae,Stigmatopelia,chinensis,Species,R,Winter,241
397,Wuhan Zhongshan Park,"Alcedo atthis (Linnaeus, 1758)",Alcedinidae,Alcedo,atthis,Species,R,Winter,241
397,Wuhan Zhongshan Park,"Upupa epops (Linnaeus, 1758)",Upupidae,Upupa,epops,Species,R,Winter,241
397,Wuhan Zhongshan Park,"Dendrocopos hyperythrus (Vigors, 1831)",Picidae,Dendrocopos,hyperythrus,Species,M,Winter,241
397,Wuhan Zhongshan Park,"Motacilla alba (Linnaeus, 1758)",Motacillidae,Motacilla,alba,Species,R,Winter,241
397,Wuhan Zhongshan Park,"Anthus novaeseelandiae (Gmelin, 1789)",Motacillidae,Anthus,novaeseelandiae,Species,M,Winter,241
397,Wuhan Zhongshan Park,"Anthus spinoletta (Linnaeus, 1758)",Motacillidae,Anthus,spinoletta,Species,M,Winter,241
397,Wuhan Zhongshan Park,"Pycnonotus sinensis (Gmelin, 1789)",Pycnonotidae,Pycnonotus,sinensis,Species,R,Winter,241
397,Wuhan Zhongshan Park,"Sturnus sericeus (Gmelin, 1789)",Sturnidae,Sturnus,sericeus,Species,R,Winter,241
397,Wuhan Zhongshan Park,"Sturnus cineraceus (Temminck, 1835)",Sturnidae,Sturnus,cineraceus,Species,M,Winter,241
397,Wuhan Zhongshan Park,"Acridotheres cristatellus (Linnaeus, 1758)",Sturnidae,Acridotheres,cristatellus,Species,R,Winter,241
397,Wuhan Zhongshan Park,"Cyanopica cyanus (Pallas, 1776)",Corvidae,Cyanopica,cyanus,Species,R,Winter,241
397,Wuhan Zhongshan Park,"Pica pica (Linnaeus, 1758)",Corvidae,Pica,pica,Species,R,Winter,241
397,Wuhan Zhongshan Park,"Tarsiger cyanurus (Pallas, 1773)",Muscicapidae,Tarsiger,cyanurus,Species,M,Winter,241
397,Wuhan Zhongshan Park,"Copsychus saularis (Linnaeus, 1758)",Muscicapidae,Copsychus,saularis,Species,R,Winter,241
397,Wuhan Zhongshan Park,"Turdus merula (Linnaeus, 1758)",Turdidae,Turdus,merula,Species,R,Winter,241
397,Wuhan Zhongshan Park,"Garrulax canorus (Linnaeus, 1758)",Leiothrichidae,Garrulax,canorus,Species,R,Winter,241
397,Wuhan Zhongshan Park,"Paradoxornis webbianus (Gould, 1852)",Paradoxornithidae,Paradoxornis,webbianus,Species,R,Winter,241
397,Wuhan Zhongshan Park,"Phylloscopus proregulus (Pallas, 1811)",Phylloscopidae,Phylloscopus,proregulus,Species,M,Winter,241
397,Wuhan Zhongshan Park,"Phylloscopus inornatus (Blyth, 1842)",Phylloscopidae,Phylloscopus,inornatus,Species,M,Winter,241
397,Wuhan Zhongshan Park,"Parus major (Linnaeus, 1758)",Paridae,Parus,major,Species,R,Winter,241
397,Wuhan Zhongshan Park,"Parus venustulus (R. Swinhoe, 1870)",Paridae,Parus,venustulus,Species,R,Winter,241
397,Wuhan Zhongshan Park,"Aegithalos concinnus (Gould, 1855)",Aegithalidae,Aegithalos,concinnus,Species,R,Winter,241
397,Wuhan Zhongshan Park,"Passer montanus (Linnaeus, 1758)",Passeridae,Passer,montanus,Species,R,Winter,241
397,Wuhan Zhongshan Park,"Eophona migratoria (Hartert, 1903)",Fringillidae,Eophona,migratoria,Species,R,Winter,241
397,Wuhan Zhongshan Park,"Emberiza rustica (Pallas, 1776)",Emberizidae,Emberiza,rustica,Species,M,Winter,241
398,Hohhot Wulanfu Park,"Passer domesticus (Linnaeus, 1758)",Passeridae,Passer,domesticus,Species,M,Summer,187
398,Hohhot Wulanfu Park,"Pica pica (Linnaeus, 1758)",Corvidae,Pica,pica,Species,R,Summer,187
398,Hohhot Wulanfu Park,"Hirundo rustica (Linnaeus, 1758)",Laridae,Hirundo,rustica,Species,M,Summer,187
398,Hohhot Wulanfu Park,"Columba livia domestica (Gmelin, 1789)",Columbidae,Columba,livia,Species,M,Summer,187
398,Hohhot Wulanfu Park,"Carduelis sinica (Linnaeus, 1766)",Fringillidae,Carduelis,sinica,Species,R,Summer,187
398,Hohhot Wulanfu Park,"Streptopelia decaocto (Frivaldszky, 1838)",Columbidae,Streptopelia,decaocto,Species,R,Summer,187
399,Wuxi Changguangnxi National Urban Wetland Park,"Tachybaptus ruficollis (Pallas, 1764)",Podicipedidae,Tachybaptus,ruficollis,Species,R,Whole year,186
399,Wuxi Changguangnxi National Urban Wetland Park,"Egretta garzetta (Linnaeus, 1766)",Ardeidae,Egretta,garzetta,Species,M,Whole year,186
399,Wuxi Changguangnxi National Urban Wetland Park,"Casmerodius albus (Linnaeus, 1758)",Ardeidae,Casmerodius,albus,Species,M,Whole year,186
399,Wuxi Changguangnxi National Urban Wetland Park,"Mesophoyx intermedia (Wagler, 1829)",Ardeidae,Mesophoyx,intermedia,Species,M,Whole year,186
399,Wuxi Changguangnxi National Urban Wetland Park,"Bubulcus ibis (Linnaeus, 1758)",Ardeidae,Bubulcus,ibis,Species,M,Whole year,186
399,Wuxi Changguangnxi National Urban Wetland Park,"Ardeola bacchus (Bonaparte, 1855)",Ardeidae,Ardeola,bacchus,Species,M,Whole year,186
399,Wuxi Changguangnxi National Urban Wetland Park,"Butorides striata (Linnaeus, 1758)",Ardeidae,Butorides,striata,Species,M,Whole year,186
399,Wuxi Changguangnxi National Urban Wetland Park,"Nycticorax nycticorax (Linnaeus, 1758)",Ardeidae,Nycticorax,nycticorax,Species,M,Whole year,186
399,Wuxi Changguangnxi National Urban Wetland Park,"Ixobrychus sinensis (Gmelin, 1789)",Ardeidae,Ixobrychus,sinensis,Species,M,Whole year,186
399,Wuxi Changguangnxi National Urban Wetland Park,"Ixobrychus cinnamomeus (Gmelin, 1789)",Ardeidae,Ixobrychus,cinnamomeus,Species,M,Whole year,186
399,Wuxi Changguangnxi National Urban Wetland Park,"Ixobrychus flavicollis (Latham, 1790)",Ardeidae,Ixobrychus,flavicollis,Species,M,Whole year,186
399,Wuxi Changguangnxi National Urban Wetland Park,"Anas poecilorhyncha (J.R.Forster, 1781)",Anatidae,Anas,poecilorhyncha,Species,M,Whole year,186
399,Wuxi Changguangnxi National Urban Wetland Park,"Anas crecca (Linnaeus, 1758)",Anatidae,Anas,crecca,Species,M,Whole year,186
399,Wuxi Changguangnxi National Urban Wetland Park,"Falco subbuteo (Linnaeus, 1758)",Falconidae,Falco,subbuteo,Species,M,Whole year,186
399,Wuxi Changguangnxi National Urban Wetland Park,"Charadrius alexandrinus (Linnaeus, 1758)",Charadriidae,Charadrius,alexandrinus,Species,R,Whole year,186
399,Wuxi Changguangnxi National Urban Wetland Park,"Amaurornis akool (Sykes, 1832)",Rallidae,Amaurornis,akool,Species,M,Whole year,186
399,Wuxi Changguangnxi National Urban Wetland Park,"Gallinula chloropus (Linnaeus, 1758)",Rallidae,Gallinula,chloropus,Species,R,Whole year,186
399,Wuxi Changguangnxi National Urban Wetland Park,"Fulica atra (Linnaeus, 1758)",Rallidae,Fulica,atra,Species,M,Whole year,186
399,Wuxi Changguangnxi National Urban Wetland Park,"Tringa ochropus (Linnaeus, 1758)",Scolopacidae,Tringa,ochropus,Species,M,Whole year,186
399,Wuxi Changguangnxi National Urban Wetland Park,"Actitis hypoleucos (Linnaeus, 1758)",Scolopacidae,Actitis,hypoleucos,Species,M,Whole year,186
399,Wuxi Changguangnxi National Urban Wetland Park,"Scolopax rusticola (Linnaeus, 1758)",Scolopacidae,Scolopax,rusticola,Species,M,Whole year,186
399,Wuxi Changguangnxi National Urban Wetland Park,"Larus cachinnans (Pallas, 1811)",Laridae,Larus,cachinnans,Species,M,Whole year,186
399,Wuxi Changguangnxi National Urban Wetland Park,"Streptopelia orientalis (Latham, 1790)",Columbidae,Streptopelia,orientalis,Species,R,Whole year,186
399,Wuxi Changguangnxi National Urban Wetland Park,"Stigmatopelia chinensis (Scopoli, 1768)",Columbidae,Stigmatopelia,chinensis,Species,R,Whole year,186
399,Wuxi Changguangnxi National Urban Wetland Park,"Cuculus sparverioides (Vigors, 1832)",scolopacea,Cuculus,sparverioides,Species,M,Whole year,186
399,Wuxi Changguangnxi National Urban Wetland Park,"Cuculus micropterus (Gould, 1838)",scolopacea,Cuculus,micropterus,Species,M,Whole year,186
399,Wuxi Changguangnxi National Urban Wetland Park,"Alcedo atthis (Linnaeus, 1758)",Alcedinidae,Alcedo,atthis,Species,R,Whole year,186
399,Wuxi Changguangnxi National Urban Wetland Park,"Upupa epops (Linnaeus, 1758)",Upupidae,Upupa,epops,Species,R,Whole year,186
399,Wuxi Changguangnxi National Urban Wetland Park,"Jynx torquilla (Linnaeus, 1758)",Picidae,Jynx,torquilla,Species,M,Whole year,186
399,Wuxi Changguangnxi National Urban Wetland Park,"Hirundo rustica (Linnaeus, 1758)",Laridae,Hirundo,rustica,Species,M,Whole year,186
399,Wuxi Changguangnxi National Urban Wetland Park,"Hirundo daurica (Laxmann, 1769)",Laridae,Hirundo,daurica,Species,M,Whole year,186
399,Wuxi Changguangnxi National Urban Wetland Park,"Motacilla alba (Linnaeus, 1758)",Motacillidae,Motacilla,alba,Species,M,Whole year,186
399,Wuxi Changguangnxi National Urban Wetland Park,"Anthus hodgsoni (Richmond, 1907)",Motacillidae,Anthus,hodgsoni,Species,M,Whole year,186
399,Wuxi Changguangnxi National Urban Wetland Park,"Anthus spinoletta (Linnaeus, 1758)",Motacillidae,Anthus,spinoletta,Species,M,Whole year,186
399,Wuxi Changguangnxi National Urban Wetland Park,"Pycnonotus sinensis (Gmelin, 1789)",Pycnonotidae,Pycnonotus,sinensis,Species,R,Whole year,186
399,Wuxi Changguangnxi National Urban Wetland Park,"Lanius cristatus (Linnaeus, 1758)",Laniidae,Lanius,cristatus,Species,M,Whole year,186
399,Wuxi Changguangnxi National Urban Wetland Park,"Lanius schach (Linnaeus, 1758)",Laniidae,Lanius,schach,Species,R,Whole year,186
399,Wuxi Changguangnxi National Urban Wetland Park,"Sturnus sericeus (Gmelin, 1789)",Sturnidae,Sturnus,sericeus,Species,R,Whole year,186
399,Wuxi Changguangnxi National Urban Wetland Park,"Sturnus cineraceus (Temminck, 1835)",Sturnidae,Sturnus,cineraceus,Species,M,Whole year,186
399,Wuxi Changguangnxi National Urban Wetland Park,"Acridotheres cristatellus (Linnaeus, 1758)",Sturnidae,Acridotheres,cristatellus,Species,R,Whole year,186
399,Wuxi Changguangnxi National Urban Wetland Park,"Pica pica (Linnaeus, 1758)",Corvidae,Pica,pica,Species,R,Whole year,186
399,Wuxi Changguangnxi National Urban Wetland Park,"Turdus merula (Linnaeus, 1758)",Turdidae,Turdus,merula,Species,R,Whole year,186
399,Wuxi Changguangnxi National Urban Wetland Park,"Turdus naumanni (Temminck, 1820)",Turdidae,Turdus,naumanni,Species,M,Whole year,186
399,Wuxi Changguangnxi National Urban Wetland Park,"Turdus hortulorum (P.L.Sclater, 1863)",Turdidae,Turdus,hortulorum,Species,M,Whole year,186
399,Wuxi Changguangnxi National Urban Wetland Park,"Phoenicurus auroreus (Pallas, 1776)",Muscicapidae,Phoenicurus,auroreus,Species,M,Whole year,186
399,Wuxi Changguangnxi National Urban Wetland Park,"Muscicapa griseisticta (Swinhoe, 1861)",Muscicapidae,Muscicapa,griseisticta,Species,M,Whole year,186
399,Wuxi Changguangnxi National Urban Wetland Park,"Paradoxornis webbianus (Gould, 1852)",Paradoxornithidae,Paradoxornis,webbianus,Species,R,Whole year,186
399,Wuxi Changguangnxi National Urban Wetland Park,"Prinia inornata (Sykes, 1832)",Cisticolidae,Prinia,inornata,Species,R,Whole year,186
399,Wuxi Changguangnxi National Urban Wetland Park,"Phylloscopus inornatus (Blyth, 1842)",Phylloscopidae,Phylloscopus,inornatus,Species,M,Whole year,186
399,Wuxi Changguangnxi National Urban Wetland Park,"Phylloscopus borealis (J.H.Blasius, 1858)",Phylloscopidae,Phylloscopus,borealis,Species,M,Whole year,186
399,Wuxi Changguangnxi National Urban Wetland Park,"Aegithalos caudatus (Linnaeus, 1758)",Aegithalidae,Aegithalos,caudatus,Species,R,Whole year,186
399,Wuxi Changguangnxi National Urban Wetland Park,"Aegithalos concinnus (Gould, 1855)",Aegithalidae,Aegithalos,concinnus,Species,R,Whole year,186
399,Wuxi Changguangnxi National Urban Wetland Park,"Parus major (Linnaeus, 1758)",Paridae,Parus,major,Species,R,Whole year,186
399,Wuxi Changguangnxi National Urban Wetland Park,"Passer montanus (Linnaeus, 1758)",Passeridae,Passer,montanus,Species,R,Whole year,186
399,Wuxi Changguangnxi National Urban Wetland Park,"Lonchura striata (Linnaeus, 1766)",Estrildidae,Lonchura,striata,Species,R,Whole year,186
399,Wuxi Changguangnxi National Urban Wetland Park,"Eophona personata (Temminck & Schlegel, 1848)",Fringillidae,Eophona,personata,Species,M,Whole year,186
399,Wuxi Changguangnxi National Urban Wetland Park,"Carduelis sinica (Linnaeus, 1766)",Fringillidae,Carduelis,sinica,Species,R,Whole year,186
399,Wuxi Changguangnxi National Urban Wetland Park,"Emberiza rustica (Pallas, 1776)",Emberizidae,Emberiza,rustica,Species,M,Whole year,186
399,Wuxi Changguangnxi National Urban Wetland Park,"Emberiza elegans (Temminck, 1836)",Emberizidae,Emberiza,elegans,Species,M,Whole year,186
399,Wuxi Changguangnxi National Urban Wetland Park,"Emberiza spodocephala (Pallas, 1776)",Emberizidae,Emberiza,spodocephala,Species,M,Whole year,186
399,Wuxi Changguangnxi National Urban Wetland Park,"Emberiza pusilla (Pallas, 1776)",Emberizidae,Emberiza,pusilla,Species,M,Whole year,186
400,Xi'an Xingqing Palace Park,"Tachybaptus ruficollis (Pallas, 1764)",Podicipedidae,Tachybaptus,ruficollis,Species,R,Winter,185
400,Xi'an Xingqing Palace Park,"Falco tinnunculus (Linnaeus, 1758)",Falconidae,Falco,tinnunculus,Species,R,Winter,185
400,Xi'an Xingqing Palace Park,"Streptopelia orientalis (Latham, 1790)",Columbidae,Streptopelia,orientalis,Species,R,Winter,185
400,Xi'an Xingqing Palace Park,"Stigmatopelia chinensis (Scopoli, 1768)",Columbidae,Stigmatopelia,chinensis,Species,R,Winter,185
400,Xi'an Xingqing Palace Park,"Alcedo atthis (Linnaeus, 1758)",Alcedinidae,Alcedo,atthis,Species,R,Winter,185
400,Xi'an Xingqing Palace Park,"Dendrocopos canicapillus (Blyth, 1845)",Picidae,Dendrocopos,canicapillus,Species,R,Winter,185
400,Xi'an Xingqing Palace Park,"Dendrocopos major (Linnaeus, 1758)",Picidae,Dendrocopos,major,Species,R,Winter,185
400,Xi'an Xingqing Palace Park,"Motacilla alba (Linnaeus, 1758)",Motacillidae,Motacilla,alba,Species,R,Winter,185
400,Xi'an Xingqing Palace Park,"Motacilla cinerea (Tunstall, 1771)",Motacillidae,Motacilla,cinerea,Species,R,Winter,185
400,Xi'an Xingqing Palace Park,"Pycnonotus sinensis (Gmelin, 1789)",Pycnonotidae,Pycnonotus,sinensis,Species,R,Winter,185
400,Xi'an Xingqing Palace Park,"Spizixos semitorques (Swinhoe, 1861)",Pycnonotidae,Spizixos,semitorques,Species,R,Winter,185
400,Xi'an Xingqing Palace Park,"Cyanopica cyanus (Pallas, 1776)",Corvidae,Cyanopica,cyanus,Species,R,Winter,185
400,Xi'an Xingqing Palace Park,"Sturnus cineraceus (Temminck, 1835)",Sturnidae,Sturnus,cineraceus,Species,R,Winter,185
400,Xi'an Xingqing Palace Park,"Acridotheres cristatellus (Linnaeus, 1758)",Sturnidae,Acridotheres,cristatellus,Species,R,Winter,185
400,Xi'an Xingqing Palace Park,"Tarsiger cyanurus (Pallas, 1773)",Muscicapidae,Tarsiger,cyanurus,Species,M,Winter,185
400,Xi'an Xingqing Palace Park,"Phoenicurus auroreus (Pallas, 1776)",Muscicapidae,Phoenicurus,auroreus,Species,R,Winter,185
400,Xi'an Xingqing Palace Park,"Copsychus saularis (Linnaeus, 1758)",Muscicapidae,Copsychus,saularis,Species,M,Winter,185
400,Xi'an Xingqing Palace Park,"Turdus merula (Linnaeus, 1758)",Turdidae,Turdus,merula,Species,R,Winter,185
400,Xi'an Xingqing Palace Park,"Turdus naumanni (Temminck, 1820)",Turdidae,Turdus,naumanni,Species,M,Winter,185
400,Xi'an Xingqing Palace Park,"Cettia fortipes (Hodgson, 1845)",Cettiidae,Cettia,fortipes,Species,M,Winter,185
400,Xi'an Xingqing Palace Park,"Phylloscopus proregulus (Pallas, 1811)",Phylloscopidae,Phylloscopus,proregulus,Species,M,Winter,185
400,Xi'an Xingqing Palace Park,"Aegithalos concinnus (Gould, 1855)",Aegithalidae,Aegithalos,concinnus,Species,R,Winter,185
400,Xi'an Xingqing Palace Park,"Passer montanus (Linnaeus, 1758)",Passeridae,Passer,montanus,Species,R,Winter,185
400,Xi'an Xingqing Palace Park,"Eophona migratoria (Hartert, 1903)",Fringillidae,Eophona,migratoria,Species,R,Winter,185
400,Xi'an Xingqing Palace Park,"Fringilla montifringilla (Linnaeus, 1758)",Fringillidae,Fringilla,montifringilla,Species,M,Winter,185
400,Xi'an Xingqing Palace Park,"Emberiza elegans (Temminck, 1836)",Emberizidae,Emberiza,elegans,Species,M,Winter,185
401,Hohhot Xilin Park,"Passer domesticus (Linnaeus, 1758)",Passeridae,Passer,domesticus,Species,M,Summer,187
401,Hohhot Xilin Park,"Corvus dauuricus (Pallas, 1776)",Corvidae,Corvus,dauuricus,Species,R,Summer,187
401,Hohhot Xilin Park,"Columba livia domestica (Gmelin, 1789)",Columbidae,Columba,livia,Species,M,Summer,187
401,Hohhot Xilin Park,"Hirundo rustica (Linnaeus, 1758)",Laridae,Hirundo,rustica,Species,M,Summer,187
401,Hohhot Xilin Park,"Acrocephalus orientalis (Temminck & Schlegel, 1847)",Acrocephalidae,Acrocephalus,orientalis,Species,M,Summer,187
401,Hohhot Xilin Park,"Tachybaptus ruficollis (Pallas, 1764)",Podicipedidae,Tachybaptus,ruficollis,Species,M,Summer,187
401,Hohhot Xilin Park,"Streptopelia decaocto (Frivaldszky, 1838)",Columbidae,Streptopelia,decaocto,Species,R,Summer,187
401,Hohhot Xilin Park,"Pica pica (Linnaeus, 1758)",Corvidae,Pica,pica,Species,R,Summer,187
401,Hohhot Xilin Park,"Carduelis sinica (Linnaeus, 1766)",Fringillidae,Carduelis,sinica,Species,R,Summer,187
402,Ordos Yikezhao Park,"Passer domesticus (Linnaeus, 1758)",Passeridae,Passer,domesticus,Species,M,Summer,187
402,Ordos Yikezhao Park,"Hirundo rustica (Linnaeus, 1758)",Laridae,Hirundo,rustica,Species,M,Summer,187
402,Ordos Yikezhao Park,"Lanius cristatus (Linnaeus, 1758)",Laniidae,Lanius,cristatus,Species,M,Summer,187
402,Ordos Yikezhao Park,"Carduelis sinica (Linnaeus, 1766)",Fringillidae,Carduelis,sinica,Species,R,Summer,187
402,Ordos Yikezhao Park,"Columba livia domestica (Gmelin, 1789)",Columbidae,Columba,livia,Species,M,Summer,187
402,Ordos Yikezhao Park,"Streptopelia decaocto (Frivaldszky, 1838)",Columbidae,Streptopelia,decaocto,Species,R,Summer,187
403,Yinchuan Mingcuihu National Wetland Park,"Tachybaptus ruficollis (Pallas, 1764)",Podicipedidae,Tachybaptus,ruficollis,Species,R,Whole year,129
403,Yinchuan Mingcuihu National Wetland Park,"Podiceps cristatus (Linnaeus, 1758)",Podicipedidae,Podiceps,cristatus,Species,M,Whole year,129
403,Yinchuan Mingcuihu National Wetland Park,"Podiceps auritus (Linnaeus, 1758)",Podicipedidae,Podiceps,auritus,Species,M,Whole year,129
403,Yinchuan Mingcuihu National Wetland Park,"Phalacrocorax carbo (Linnaeus, 1758)",Phalacrocoracidae,Phalacrocorax,carbo,Species,M,Whole year,129
403,Yinchuan Mingcuihu National Wetland Park,"Ardea cinerea (Linnaeus, 1758)",Ardeidae,Ardea,cinerea,Species,M,Whole year,129
403,Yinchuan Mingcuihu National Wetland Park,"Ardea purpurea (Linnaeus, 1766)",Ardeidae,Ardea,purpurea,Species,M,Whole year,129
403,Yinchuan Mingcuihu National Wetland Park,"Ardeola bacchus (Bonaparte, 1855)",Ardeidae,Ardeola,bacchus,Species,M,Whole year,129
403,Yinchuan Mingcuihu National Wetland Park,"Bubulcus ibis (Linnaeus, 1758)",Ardeidae,Bubulcus,ibis,Species,M,Whole year,129
403,Yinchuan Mingcuihu National Wetland Park,"Casmerodius albus (Linnaeus, 1758)",Ardeidae,Casmerodius,albus,Species,M,Whole year,129
403,Yinchuan Mingcuihu National Wetland Park,"Egretta garzetta (Linnaeus, 1766)",Ardeidae,Egretta,garzetta,Species,M,Whole year,129
403,Yinchuan Mingcuihu National Wetland Park,"Nycticorax nycticorax (Linnaeus, 1758)",Ardeidae,Nycticorax,nycticorax,Species,M,Whole year,129
403,Yinchuan Mingcuihu National Wetland Park,"Ixobrychus sinensis (Gmelin, 1789)",Ardeidae,Ixobrychus,sinensis,Species,M,Whole year,129
403,Yinchuan Mingcuihu National Wetland Park,"Ixobrychus cinnamomeus (Gmelin, 1789)",Ardeidae,Ixobrychus,cinnamomeus,Species,M,Whole year,129
403,Yinchuan Mingcuihu National Wetland Park,"Botaurus stellaris (Linnaeus, 1758)",Ardeidae,Botaurus,stellaris,Species,M,Whole year,129
403,Yinchuan Mingcuihu National Wetland Park,"Ciconia nigra (Linnaeus, 1758)",Ciconiidae,Ciconia,nigra,Species,M,Whole year,129
403,Yinchuan Mingcuihu National Wetland Park,"Platalea leucorodia (Linnaeus, 1758)",Threskiornithidae,Platalea,leucorodia,Species,M,Whole year,129
403,Yinchuan Mingcuihu National Wetland Park,"Anser cygnoides (Linnaeus, 1758)",Anatidae,Anser,cygnoides,Species,M,Whole year,129
403,Yinchuan Mingcuihu National Wetland Park,"Anser fabalis (Latham, 1787)",Anatidae,Anser,fabalis,Species,M,Whole year,129
403,Yinchuan Mingcuihu National Wetland Park,"Anser anser (Linnaeus, 1758)",Anatidae,Anser,anser,Species,M,Whole year,129
403,Yinchuan Mingcuihu National Wetland Park,"Cygnus cygnus (Linnaeus, 1758)",Anatidae,Cygnus,cygnus,Species,M,Whole year,129
403,Yinchuan Mingcuihu National Wetland Park,"Tadorna ferruginea (Pallas, 1764)",Laridae,Tadorna,ferruginea,Species,M,Whole year,129
403,Yinchuan Mingcuihu National Wetland Park,"Tadorna tadorna (Linnaeus, 1758)",Laridae,Tadorna,tadorna,Species,M,Whole year,129
403,Yinchuan Mingcuihu National Wetland Park,"Anas acuta (Linnaeus, 1758)",Anatidae,Anas,acuta,Species,M,Whole year,129
403,Yinchuan Mingcuihu National Wetland Park,"Anas crecca (Linnaeus, 1758)",Anatidae,Anas,crecca,Species,M,Whole year,129
403,Yinchuan Mingcuihu National Wetland Park,"Anas formosa (Georgi, 1775)",Anatidae,Anas,formosa,Species,M,Whole year,129
403,Yinchuan Mingcuihu National Wetland Park,"Anas falcata (Georgi, 1775)",Anatidae,Anas,falcata,Species,M,Whole year,129
403,Yinchuan Mingcuihu National Wetland Park,"Anas platyrhynchos (Linnaeus, 1758)",Anatidae,Anas,platyrhynchos,Species,M,Whole year,129
403,Yinchuan Mingcuihu National Wetland Park,"Anas poecilorhyncha (J.R.Forster, 1781)",Anatidae,Anas,poecilorhyncha,Species,R,Whole year,129
403,Yinchuan Mingcuihu National Wetland Park,"Anas strepera (Linnaeus, 1758)",Anatidae,Anas,strepera,Species,M,Whole year,129
403,Yinchuan Mingcuihu National Wetland Park,"Anas penelope (Linnaeus, 1758)",Anatidae,Anas,penelope,Species,M,Whole year,129
403,Yinchuan Mingcuihu National Wetland Park,"Anas querquedula (Linnaeus, 1758)",Anatidae,Anas,querquedula,Species,M,Whole year,129
403,Yinchuan Mingcuihu National Wetland Park,"Anas clypeata (Linnaeus, 1758)",Anatidae,Anas,clypeata,Species,M,Whole year,129
403,Yinchuan Mingcuihu National Wetland Park,"Netta rufina (Pallas, 1773)",Anatidae,Netta,rufina,Species,M,Whole year,129
403,Yinchuan Mingcuihu National Wetland Park,"Aythya ferina (Linnaeus, 1758)",Anatidae,Aythya,ferina,Species,M,Whole year,129
403,Yinchuan Mingcuihu National Wetland Park,"Aythya nyroca (Guldenstadt, 1770)",Anatidae,Aythya,nyroca,Species,M,Whole year,129
403,Yinchuan Mingcuihu National Wetland Park,"Aythya fuligula (Linnaeus, 1758)",Anatidae,Aythya,fuligula,Species,M,Whole year,129
403,Yinchuan Mingcuihu National Wetland Park,"Aix galericulata (Linnaeus, 1758)",Anatidae,Aix,galericulata,Species,M,Whole year,129
403,Yinchuan Mingcuihu National Wetland Park,"Bucephala clangula (Linnaeus, 1758)",Anatidae,Bucephala,clangula,Species,M,Whole year,129
403,Yinchuan Mingcuihu National Wetland Park,"Mergellus albellus (Linnaeus, 1758)",Anatidae,Mergellus,albellus,Species,M,Whole year,129
403,Yinchuan Mingcuihu National Wetland Park,"Mergus merganser (Linnaeus, 1758)",Anatidae,Mergus,merganser,Species,M,Whole year,129
403,Yinchuan Mingcuihu National Wetland Park,"Milvus migrans (Boddaert, 1783)",Accipitridae,Milvus,migrans,Species,R,Whole year,129
403,Yinchuan Mingcuihu National Wetland Park,"Accipiter gentilis (Linnaeus, 1758)",Accipitridae,Accipiter,gentilis,Species,M,Whole year,129
403,Yinchuan Mingcuihu National Wetland Park,"Accipiter nisus (Linnaeus, 1758)",Accipitridae,Accipiter,nisus,Species,M,Whole year,129
403,Yinchuan Mingcuihu National Wetland Park,"Buteo hemilasius (Temminck & Schlegel, 1844)",Accipitridae,Buteo,hemilasius,Species,R,Whole year,129
403,Yinchuan Mingcuihu National Wetland Park,"Circus cyaneus (Linnaeus, 1766)",Charadriidae,Circus,cyaneus,Species,R,Whole year,129
403,Yinchuan Mingcuihu National Wetland Park,"Falco peregrinus (Tunstall, 1771)",Falconidae,Falco,peregrinus,Species,M,Whole year,129
403,Yinchuan Mingcuihu National Wetland Park,"Falco subbuteo (Linnaeus, 1758)",Falconidae,Falco,subbuteo,Species,M,Whole year,129
403,Yinchuan Mingcuihu National Wetland Park,"Falco amurensis (Radde, 1863)",Falconidae,Falco,amurensis,Species,M,Whole year,129
403,Yinchuan Mingcuihu National Wetland Park,"Falco tinnunculus (Linnaeus, 1758)",Falconidae,Falco,tinnunculus,Species,R,Whole year,129
403,Yinchuan Mingcuihu National Wetland Park,"Alectoris chukar (J.E.Gray, 1830)",Phasianidae,Alectoris,chukar,Species,R,Whole year,129
403,Yinchuan Mingcuihu National Wetland Park,"Perdix dauurica (Pallas, 1811)",Phasianidae,Perdix,dauurica,Species,R,Whole year,129
403,Yinchuan Mingcuihu National Wetland Park,"Phasianus colchicus (Linnaeus, 1758)",Jacanidae,Phasianus,colchicus,Species,R,Whole year,129
403,Yinchuan Mingcuihu National Wetland Park,"Grus grus (Linnaeus, 1758)",Gruidae,Grus,grus,Species,M,Whole year,129
403,Yinchuan Mingcuihu National Wetland Park,"Grus virgo (Linnaeus, 1758)",Gruidae,Grus,virgo,Species,M,Whole year,129
403,Yinchuan Mingcuihu National Wetland Park,"Rallus aquaticus (Linnaeus, 1758)",Rallidae,Rallus,aquaticus,Species,M,Whole year,129
403,Yinchuan Mingcuihu National Wetland Park,"Porzana pusilla (Pallas, 1776)",Rallidae,Porzana,pusilla,Species,M,Whole year,129
403,Yinchuan Mingcuihu National Wetland Park,"Gallinula chloropus (Linnaeus, 1758)",Rallidae,Gallinula,chloropus,Species,M,Whole year,129
403,Yinchuan Mingcuihu National Wetland Park,"Fulica atra (Linnaeus, 1758)",Rallidae,Fulica,atra,Species,M,Whole year,129
403,Yinchuan Mingcuihu National Wetland Park,"Otis tarda (Linnaeus, 1758)",Otidae,Otis,tarda,Species,M,Whole year,129
403,Yinchuan Mingcuihu National Wetland Park,"Vanellus vanellus (Linnaeus, 1758)",Charadriidae,Vanellus,vanellus,Species,M,Whole year,129
403,Yinchuan Mingcuihu National Wetland Park,"Vanellus cinereus (Blyth, 1842)",Charadriidae,Vanellus,cinereus,Species,M,Whole year,129
403,Yinchuan Mingcuihu National Wetland Park,"Charadrius hiaticula (Linnaeus, 1758)",Charadriidae,Charadrius,hiaticula,Species,M,Whole year,129
403,Yinchuan Mingcuihu National Wetland Park,"Charadrius dubius (Scopoli, 1786)",Charadriidae,Charadrius,dubius,Species,M,Whole year,129
403,Yinchuan Mingcuihu National Wetland Park,"Charadrius alexandrinus (Linnaeus, 1758)",Charadriidae,Charadrius,alexandrinus,Species,M,Whole year,129
403,Yinchuan Mingcuihu National Wetland Park,"Charadrius leschenaultii (Lesson, 1826)",Charadriidae,Charadrius,leschenaultii,Species,M,Whole year,129
403,Yinchuan Mingcuihu National Wetland Park,"Charadrius mongolus (Pallas, 1776)",Charadriidae,Charadrius,mongolus,Species,M,Whole year,129
403,Yinchuan Mingcuihu National Wetland Park,"Tringa totanus (Linnaeus, 1758)",Scolopacidae,Tringa,totanus,Species,M,Whole year,129
403,Yinchuan Mingcuihu National Wetland Park,"Tringa nebularia (Gunnerus, 1767)",Scolopacidae,Tringa,nebularia,Species,M,Whole year,129
403,Yinchuan Mingcuihu National Wetland Park,"Tringa ochropus (Linnaeus, 1758)",Scolopacidae,Tringa,ochropus,Species,M,Whole year,129
403,Yinchuan Mingcuihu National Wetland Park,"Numenius arquata (Linnaeus, 1758)",Scolopacidae,Numenius,arquata,Species,M,Whole year,129
403,Yinchuan Mingcuihu National Wetland Park,"Tringa glareola (Linnaeus, 1758)",Scolopacidae,Tringa,glareola,Species,M,Whole year,129
403,Yinchuan Mingcuihu National Wetland Park,"Actitis hypoleucos (Linnaeus, 1758)",Scolopacidae,Actitis,hypoleucos,Species,M,Whole year,129
403,Yinchuan Mingcuihu National Wetland Park,"Tringa stagnatilis (Bechstein, 1803)",Scolopacidae,Tringa,stagnatilis,Species,M,Whole year,129
403,Yinchuan Mingcuihu National Wetland Park,"Tringa erythropus (Pallas, 1764)",Scolopacidae,Tringa,erythropus,Species,M,Whole year,129
403,Yinchuan Mingcuihu National Wetland Park,"Gallinago stenura (Bonaparte, 1831)",Scolopacidae,Gallinago,stenura,Species,M,Whole year,129
403,Yinchuan Mingcuihu National Wetland Park,"Gallinago gallinago (Linnaeus, 1758)",Scolopacidae,Gallinago,gallinago,Species,M,Whole year,129
403,Yinchuan Mingcuihu National Wetland Park,"Limosa limosa (Linnaeus, 1758)",Scolopacidae,Limosa,limosa,Species,M,Whole year,129
403,Yinchuan Mingcuihu National Wetland Park,"Calidris subminuta (Middendorff, 1853)",Scolopacidae,Calidris,subminuta,Species,M,Whole year,129
403,Yinchuan Mingcuihu National Wetland Park,"Calidris temminckii (Leisler, 1812)",Scolopacidae,Calidris,temminckii,Species,M,Whole year,129
403,Yinchuan Mingcuihu National Wetland Park,"Recurvirostra avosetta (Linnaeus, 1758)",Recurvirostridae,Recurvirostra,avosetta,Species,M,Whole year,129
403,Yinchuan Mingcuihu National Wetland Park,"Himantopus himantopus (Linnaeus, 1758)",Recurvirostridae,Himantopus,himantopus,Species,M,Whole year,129
403,Yinchuan Mingcuihu National Wetland Park,"Glareola maldivarum (J.R.Forster, 1795)",Scolopacidae,Glareola,maldivarum,Species,M,Whole year,129
403,Yinchuan Mingcuihu National Wetland Park,"Larus argentatus (Pontoppidan, 1763)",Laridae,Larus,argentatus,Species,M,Whole year,129
403,Yinchuan Mingcuihu National Wetland Park,"Larus ridibundus (Linnaeus, 1766)",Laridae,Larus,ridibundus,Species,M,Whole year,129
403,Yinchuan Mingcuihu National Wetland Park,"Chlidonias hybrida (Pallas, 1811)",Laridae,Chlidonias,hybrida,Species,M,Whole year,129
403,Yinchuan Mingcuihu National Wetland Park,"Chlidonias leucopterus (Temminck, 1815)",Laridae,Chlidonias,leucopterus,Species,M,Whole year,129
403,Yinchuan Mingcuihu National Wetland Park,"Sterna hirundo (Linnaeus, 1758)",Laridae,Sterna,hirundo,Species,M,Whole year,129
403,Yinchuan Mingcuihu National Wetland Park,"Sterna albifrons (Pallas, 1764)",Laridae,Sterna,albifrons,Species,M,Whole year,129
403,Yinchuan Mingcuihu National Wetland Park,"Syrrhaptes paradoxus (Pallas, 1773)",Pteroclididae,Syrrhaptes,paradoxus,Species,R,Whole year,129
403,Yinchuan Mingcuihu National Wetland Park,"Columba rupestris (Pallas, 1811)",Columbidae,Columba,rupestris,Species,R,Whole year,129
403,Yinchuan Mingcuihu National Wetland Park,"Columba livia (Gmelin, 1789)",Columbidae,Columba,livia,Species,R,Whole year,129
403,Yinchuan Mingcuihu National Wetland Park,"Streptopelia decaocto (Frivaldszky, 1838)",Columbidae,Streptopelia,decaocto,Species,R,Whole year,129
403,Yinchuan Mingcuihu National Wetland Park,"Cuculus canorus (Linnaeus, 1758)",scolopacea,Cuculus,canorus,Species,M,Whole year,129
403,Yinchuan Mingcuihu National Wetland Park,"Bubo bubo (Linnaeus, 1758)",Strigidae,Bubo,bubo,Species,R,Whole year,129
403,Yinchuan Mingcuihu National Wetland Park,"Athene noctua (Scopoli, 1769)",Strigidae,Athene,noctua,Species,R,Whole year,129
403,Yinchuan Mingcuihu National Wetland Park,"Asio otus (Linnaeus, 1758)",Strigidae,Asio,otus,Species,M,Whole year,129
403,Yinchuan Mingcuihu National Wetland Park,"Asio flammeus (Pontoppidan, 1763)",Strigidae,Asio,flammeus,Species,M,Whole year,129
403,Yinchuan Mingcuihu National Wetland Park,"Caprimulgus europaeus (Linnaeus, 1758)",Caprimulgidae,Caprimulgus,europaeus,Species,M,Whole year,129
403,Yinchuan Mingcuihu National Wetland Park,"Apus apus (Linnaeus, 1758)",Apodidae,Apus,apus,Species,M,Whole year,129
403,Yinchuan Mingcuihu National Wetland Park,"Apus pacificus (Latham, 1802)",Apodidae,Apus,pacificus,Species,M,Whole year,129
403,Yinchuan Mingcuihu National Wetland Park,"Alcedo atthis (Linnaeus, 1758)",Alcedinidae,Alcedo,atthis,Species,M,Whole year,129
403,Yinchuan Mingcuihu National Wetland Park,"Upupa epops (Linnaeus, 1758)",Upupidae,Upupa,epops,Species,R,Whole year,129
403,Yinchuan Mingcuihu National Wetland Park,"Dendrocopos major (Linnaeus, 1758)",Picidae,Dendrocopos,major,Species,R,Whole year,129
403,Yinchuan Mingcuihu National Wetland Park,"Calandrella brachydactyla (Leisler, 1814)",Alaudidae,Calandrella,brachydactyla,Species,R,Whole year,129
403,Yinchuan Mingcuihu National Wetland Park,"Calandrella cheleensis (Swinhoe, 1871)",Alaudidae,Calandrella,cheleensis,Species,R,Whole year,129
403,Yinchuan Mingcuihu National Wetland Park,"Galerida cristata (Linnaeus, 1758)",Alaudidae,Galerida,cristata,Species,R,Whole year,129
403,Yinchuan Mingcuihu National Wetland Park,"Alauda arvensis (Linnaeus, 1758)",Alaudidae,Alauda,arvensis,Species,M,Whole year,129
403,Yinchuan Mingcuihu National Wetland Park,"Eremophila alpestris (Linnaeus, 1758)",Alaudidae,Eremophila,alpestris,Species,R,Whole year,129
403,Yinchuan Mingcuihu National Wetland Park,"Riparia riparia (Linnaeus, 1758)",Hirundinidae,Riparia,riparia,Species,M,Whole year,129
403,Yinchuan Mingcuihu National Wetland Park,"Hirundo rustica (Linnaeus, 1758)",Laridae,Hirundo,rustica,Species,M,Whole year,129
403,Yinchuan Mingcuihu National Wetland Park,"Hirundo daurica (Laxmann, 1769)",Laridae,Hirundo,daurica,Species,M,Whole year,129
403,Yinchuan Mingcuihu National Wetland Park,"Motacilla flava (Linnaeus, 1758)",Motacillidae,Motacilla,flava,Species,M,Whole year,129
403,Yinchuan Mingcuihu National Wetland Park,"Motacilla citreola (Pallas, 1776)",Motacillidae,Motacilla,citreola,Species,M,Whole year,129
403,Yinchuan Mingcuihu National Wetland Park,"Motacilla alba (Linnaeus, 1758)",Motacillidae,Motacilla,alba,Species,M,Whole year,129
403,Yinchuan Mingcuihu National Wetland Park,"Anthus hodgsoni (Richmond, 1907)",Motacillidae,Anthus,hodgsoni,Species,M,Whole year,129
403,Yinchuan Mingcuihu National Wetland Park,"Anthus spinoletta (Linnaeus, 1758)",Motacillidae,Anthus,spinoletta,Species,M,Whole year,129
403,Yinchuan Mingcuihu National Wetland Park,"Bombycilla garrulus (Linnaeus, 1758)",Bombycillidae,Bombycilla,garrulus,Species,M,Whole year,129
403,Yinchuan Mingcuihu National Wetland Park,"Lanius cristatus (Linnaeus, 1758)",Laniidae,Lanius,cristatus,Species,M,Whole year,129
403,Yinchuan Mingcuihu National Wetland Park,"Lanius excubitor (Linnaeus, 1758)",Laniidae,Lanius,excubitor,Species,M,Whole year,129
403,Yinchuan Mingcuihu National Wetland Park,"Oriolus chinensis (Linnaeus, 1766)",Oriolidae,Oriolus,chinensis,Species,R,Whole year,129
403,Yinchuan Mingcuihu National Wetland Park,"Dicrurus macrocercus (Vieillot, 1817)",Dicruridae,Dicrurus,macrocercus,Species,M,Whole year,129
403,Yinchuan Mingcuihu National Wetland Park,"Sturnus cineraceus (Temminck, 1835)",Sturnidae,Sturnus,cineraceus,Species,M,Whole year,129
403,Yinchuan Mingcuihu National Wetland Park,"Pica pica (Linnaeus, 1758)",Corvidae,Pica,pica,Species,R,Whole year,129
403,Yinchuan Mingcuihu National Wetland Park,"Corvus macrorhynchos (Wagler, 1827)",Corvidae,Corvus,macrorhynchos,Species,R,Whole year,129
403,Yinchuan Mingcuihu National Wetland Park,"Corvus corone (Linnaeus, 1758)",Corvidae,Corvus,corone,Species,R,Whole year,129
403,Yinchuan Mingcuihu National Wetland Park,"Tarsiger cyanurus (Pallas, 1773)",Muscicapidae,Tarsiger,cyanurus,Species,M,Whole year,129
403,Yinchuan Mingcuihu National Wetland Park,"Phoenicurus ochruros (S.G.Gmelin, 1774)",Muscicapidae,Phoenicurus,ochruros,Species,M,Whole year,129
403,Yinchuan Mingcuihu National Wetland Park,"Phoenicurus auroreus (Pallas, 1776)",Muscicapidae,Phoenicurus,auroreus,Species,R,Whole year,129
403,Yinchuan Mingcuihu National Wetland Park,"Saxicola torquatus (Linnaeus, 1766)",Muscicapidae,Saxicola,torquatus,Species,M,Whole year,129
403,Yinchuan Mingcuihu National Wetland Park,"Oenanthe hispanica (Linnaeus, 1758)",Muscicapidae,Oenanthe,hispanica,Species,M,Whole year,129
403,Yinchuan Mingcuihu National Wetland Park,"Turdus ruficollis (Pallas, 1776)",Turdidae,Turdus,ruficollis,Species,M,Whole year,129
403,Yinchuan Mingcuihu National Wetland Park,"Turdus naumanni (Temminck, 1820)",Turdidae,Turdus,naumanni,Species,M,Whole year,129
403,Yinchuan Mingcuihu National Wetland Park,"Panurus biarmicus (Linnaeus, 1758)",Panuridae,Panurus,biarmicus,Species,M,Whole year,129
403,Yinchuan Mingcuihu National Wetland Park,"Acrocephalus arundinaceus (Linnaeus, 1758)",Acrocephalidae,Acrocephalus,arundinaceus,Species,M,Whole year,129
403,Yinchuan Mingcuihu National Wetland Park,"Passer montanus (Linnaeus, 1758)",Passeridae,Passer,montanus,Species,R,Whole year,129
403,Yinchuan Mingcuihu National Wetland Park,"Carduelis sinica (Linnaeus, 1766)",Fringillidae,Carduelis,sinica,Species,M,Whole year,129
403,Yinchuan Mingcuihu National Wetland Park,"Eremopsaltria mongolicus (Swinhoe, 1870)",Fringillidae,Eremopsaltria,mongolicus,Species,R,Whole year,129
403,Yinchuan Mingcuihu National Wetland Park,"Emberiza pusilla (Pallas, 1776)",Emberizidae,Emberiza,pusilla,Species,M,Whole year,129
403,Yinchuan Mingcuihu National Wetland Park,"Emberiza pallasi (Cabanis, 1851)",Emberizidae,Emberiza,pallasi,Species,M,Whole year,129
404,Zhalantun Suspension Bridge Park,"Milvus migrans (Boddaert, 1783)",Accipitridae,Milvus,migrans,Species,M,Whole year,122
404,Zhalantun Suspension Bridge Park,"Accipiter nisus (Linnaeus, 1758)",Accipitridae,Accipiter,nisus,Species,M,Whole year,122
404,Zhalantun Suspension Bridge Park,"Butastur indicus (Gmelin, 1788)",Accipitridae,Butastur,indicus,Species,M,Whole year,122
404,Zhalantun Suspension Bridge Park,"Falco naumanni (Fleischer, 1818)",Falconidae,Falco,naumanni,Species,M,Whole year,122
404,Zhalantun Suspension Bridge Park,"Charadrius hiaticula (Linnaeus, 1758)",Charadriidae,Charadrius,hiaticula,Species,M,Whole year,122
404,Zhalantun Suspension Bridge Park,"Cuculus micropterus (Gould, 1838)",scolopacea,Cuculus,micropterus,Species,M,Whole year,122
404,Zhalantun Suspension Bridge Park,"Cuculus canorus (Linnaeus, 1758)",scolopacea,Cuculus,canorus,Species,M,Whole year,122
404,Zhalantun Suspension Bridge Park,"Otus bakkamoena (Pennant, 1769)",Campephagidae,Otus,bakkamoena,Species,R,Whole year,122
404,Zhalantun Suspension Bridge Park,"Asio otus (Linnaeus, 1758)",Strigidae,Asio,otus,Species,R,Whole year,122
404,Zhalantun Suspension Bridge Park,"Caprimulgus indicus (Latham, 1790)",Caprimulgidae,Caprimulgus,indicus,Species,M,Whole year,122
404,Zhalantun Suspension Bridge Park,"Eurystomus orientalis (Linnaeus, 1766)",Coraciidae,Eurystomus,orientalis,Species,M,Whole year,122
404,Zhalantun Suspension Bridge Park,"Jynx torquilla (Linnaeus, 1758)",Picidae,Jynx,torquilla,Species,M,Whole year,122
404,Zhalantun Suspension Bridge Park,"Picus canus (Gmelin, 1788)",Picidae,Picus,canus,Species,R,Whole year,122
404,Zhalantun Suspension Bridge Park,"Dendrocopos major (Linnaeus, 1758)",Picidae,Dendrocopos,major,Species,R,Whole year,122
404,Zhalantun Suspension Bridge Park,"Dendrocopos leucotos (Bechstein, 1802)",Picidae,Dendrocopos,leucotos,Species,R,Whole year,122
404,Zhalantun Suspension Bridge Park,"Dendrocopos minor (Linnaeus, 1758)",Picidae,Dendrocopos,minor,Species,R,Whole year,122
404,Zhalantun Suspension Bridge Park,"Dendrocopos canicapillus (Blyth, 1845)",Picidae,Dendrocopos,canicapillus,Species,R,Whole year,122
404,Zhalantun Suspension Bridge Park,"Hirundo rustica (Linnaeus, 1758)",Laridae,Hirundo,rustica,Species,M,Whole year,122
404,Zhalantun Suspension Bridge Park,"Hirundo daurica (Laxmann, 1769)",Laridae,Hirundo,daurica,Species,M,Whole year,122
404,Zhalantun Suspension Bridge Park,"Dendronanthus indicus (Gmelin, 1789)",Motacillidae,Dendronanthus,indicus,Species,M,Whole year,122
404,Zhalantun Suspension Bridge Park,"Motacilla alba (Linnaeus, 1758)",Motacillidae,Motacilla,alba,Species,M,Whole year,122
404,Zhalantun Suspension Bridge Park,"Motacilla cinerea (Tunstall, 1771)",Motacillidae,Motacilla,cinerea,Species,M,Whole year,122
404,Zhalantun Suspension Bridge Park,"Anthus novaeseelandiae (Gmelin, 1789)",Motacillidae,Anthus,novaeseelandiae,Species,M,Whole year,122
404,Zhalantun Suspension Bridge Park,"Anthus campestris (Linnaeus, 1758)",Motacillidae,Anthus,campestris,Species,M,Whole year,122
404,Zhalantun Suspension Bridge Park,"Anthus hodgsoni (Richmond, 1907)",Motacillidae,Anthus,hodgsoni,Species,M,Whole year,122
404,Zhalantun Suspension Bridge Park,"Bombycilla garrulus (Linnaeus, 1758)",Bombycillidae,Bombycilla,garrulus,Species,M,Whole year,122
404,Zhalantun Suspension Bridge Park,"Lanius tigrinus (Drapiez, 1828)",Laniidae,Lanius,tigrinus,Species,M,Whole year,122
404,Zhalantun Suspension Bridge Park,"Lanius bucephalus (Temminck & Schlegel, 1845)",Laniidae,Lanius,bucephalus,Species,M,Whole year,122
404,Zhalantun Suspension Bridge Park,"Lanius cristatus (Linnaeus, 1758)",Laniidae,Lanius,cristatus,Species,M,Whole year,122
404,Zhalantun Suspension Bridge Park,"Oriolus chinensis (Linnaeus, 1766)",Oriolidae,Oriolus,chinensis,Species,M,Whole year,122
404,Zhalantun Suspension Bridge Park,"Sturnus cineraceus (Temminck, 1835)",Sturnidae,Sturnus,cineraceus,Species,M,Whole year,122
404,Zhalantun Suspension Bridge Park,"Garrulus glandarius (Linnaeus, 1758)",Corvidae,Garrulus,glandarius,Species,R,Whole year,122
404,Zhalantun Suspension Bridge Park,"Cyanopica cyanus (Pallas, 1776)",Corvidae,Cyanopica,cyanus,Species,R,Whole year,122
404,Zhalantun Suspension Bridge Park,"Pica pica (Linnaeus, 1758)",Corvidae,Pica,pica,Species,R,Whole year,122
404,Zhalantun Suspension Bridge Park,"Corvus macrorhynchos (Wagler, 1827)",Corvidae,Corvus,macrorhynchos,Species,R,Whole year,122
404,Zhalantun Suspension Bridge Park,"Oenanthe isabellina (Temminck, 1829)",Muscicapidae,Oenanthe,isabellina,Species,M,Whole year,122
404,Zhalantun Suspension Bridge Park,"Oenanthe oenanthe (Linnaeus, 1758)",Muscicapidae,Oenanthe,oenanthe,Species,M,Whole year,122
404,Zhalantun Suspension Bridge Park,"Turdus hortulorum (P.L.Sclater, 1863)",Turdidae,Turdus,hortulorum,Species,M,Whole year,122
404,Zhalantun Suspension Bridge Park,"Turdus pallidus (Gmelin, 1789)",Turdidae,Turdus,pallidus,Species,M,Whole year,122
404,Zhalantun Suspension Bridge Park,"Turdus ruficollis (Pallas, 1776)",Turdidae,Turdus,ruficollis,Species,M,Whole year,122
404,Zhalantun Suspension Bridge Park,"Cettia diphone (Kittlitz, 1830)",Cettiidae,Cettia,diphone,Species,M,Whole year,122
404,Zhalantun Suspension Bridge Park,"Bradypterus thoracicus (Blyth, 1845)",Muscicapidae,Bradypterus,thoracicus,Species,M,Whole year,122
404,Zhalantun Suspension Bridge Park,"Locustella lanceolata (Temminck, 1840)",Locustellidae,Locustella,lanceolata,Species,M,Whole year,122
404,Zhalantun Suspension Bridge Park,"Acrocephalus arundinaceus (Linnaeus, 1758)",Acrocephalidae,Acrocephalus,arundinaceus,Species,M,Whole year,122
404,Zhalantun Suspension Bridge Park,"Sylvia nana (Hemprich & Ehrenberg, 1833)",Muscicapidae,Sylvia,nana,Species,M,Whole year,122
404,Zhalantun Suspension Bridge Park,"Acrocephalus aedon (Pallas, 1776)",Acrocephalidae,Acrocephalus,aedon,Species,M,Whole year,122
404,Zhalantun Suspension Bridge Park,"Phylloscopus fuscatus (Blyth, 1842)",Phylloscopidae,Phylloscopus,fuscatus,Species,M,Whole year,122
404,Zhalantun Suspension Bridge Park,"Phylloscopus borealis (J.H.Blasius, 1858)",Phylloscopidae,Phylloscopus,borealis,Species,M,Whole year,122
404,Zhalantun Suspension Bridge Park,"Phylloscopus trochiloides (Sundevall, 1837)",Phylloscopidae,Phylloscopus,trochiloides,Species,M,Whole year,122
404,Zhalantun Suspension Bridge Park,"Phylloscopus coronatus (Temminck & Schlegel, 1847)",Phylloscopidae,Phylloscopus,coronatus,Species,M,Whole year,122
404,Zhalantun Suspension Bridge Park,"Phylloscopus inornatus (Blyth, 1842)",Phylloscopidae,Phylloscopus,inornatus,Species,M,Whole year,122
404,Zhalantun Suspension Bridge Park,"Phylloscopus proregulus (Pallas, 1811)",Phylloscopidae,Phylloscopus,proregulus,Species,M,Whole year,122
404,Zhalantun Suspension Bridge Park,"Ficedula zanthopygia (Hay, 1845)",Muscicapidae,Ficedula,zanthopygia,Species,M,Whole year,122
404,Zhalantun Suspension Bridge Park,"Ficedula parva (Bechstein, 1792)",Muscicapidae,Ficedula,parva,Species,M,Whole year,122
404,Zhalantun Suspension Bridge Park,"Muscicapa sibirica (Gmelin, 1789)",Muscicapidae,Muscicapa,sibirica,Species,M,Whole year,122
404,Zhalantun Suspension Bridge Park,"Muscicapa dauurica (Pallas, 1811)",Muscicapidae,Muscicapa,dauurica,Species,M,Whole year,122
404,Zhalantun Suspension Bridge Park,"Muscicapa griseisticta (Swinhoe, 1861)",Muscicapidae,Muscicapa,griseisticta,Species,M,Whole year,122
404,Zhalantun Suspension Bridge Park,"Parus major (Linnaeus, 1758)",Paridae,Parus,major,Species,R,Whole year,122
404,Zhalantun Suspension Bridge Park,"Parus ater (Linnaeus, 1758)",Paridae,Parus,ater,Species,M,Whole year,122
404,Zhalantun Suspension Bridge Park,"Parus palustris (Linnaeus, 1758)",Paridae,Parus,palustris,Species,R,Whole year,122
404,Zhalantun Suspension Bridge Park,"Parus varius (Temminck & Schlegel, 1845)",Paridae,Parus,varius,Species,M,Whole year,122
404,Zhalantun Suspension Bridge Park,"Aegithalos caudatus (Linnaeus, 1758)",Aegithalidae,Aegithalos,caudatus,Species,R,Whole year,122
404,Zhalantun Suspension Bridge Park,"Sitta europaea (Linnaeus, 1758)",Sittidae,Sitta,europaea,Species,M,Whole year,122
404,Zhalantun Suspension Bridge Park,"Certhia familiaris (Linnaeus, 1758)",Certhiidae,Certhia,familiaris,Species,M,Whole year,122
404,Zhalantun Suspension Bridge Park,"Passer montanus (Linnaeus, 1758)",Passeridae,Passer,montanus,Species,R,Whole year,122
404,Zhalantun Suspension Bridge Park,"Fringilla coelebs (Linnaeus, 1758)",Fringillidae,Fringilla,coelebs,Species,M,Whole year,122
404,Zhalantun Suspension Bridge Park,"Carduelis sinica (Linnaeus, 1766)",Fringillidae,Carduelis,sinica,Species,R,Whole year,122
404,Zhalantun Suspension Bridge Park,"Carduelis spinus (Linnaeus, 1758)",Fringillidae,Carduelis,spinus,Species,M,Whole year,122
404,Zhalantun Suspension Bridge Park,"Carduelis flammea (Linnaeus, 1758)",Fringillidae,Carduelis,flammea,Species,M,Whole year,122
404,Zhalantun Suspension Bridge Park,"Carpodacus erythrinus (Pallas, 1770)",Fringillidae,Carpodacus,erythrinus,Species,M,Whole year,122
404,Zhalantun Suspension Bridge Park,"Carpodacus roseus (Pallas, 1776)",Fringillidae,Carpodacus,roseus,Species,M,Whole year,122
404,Zhalantun Suspension Bridge Park,"Uragus sibiricus (Pallas, 1773)",Fringillidae,Uragus,sibiricus,Species,M,Whole year,122
404,Zhalantun Suspension Bridge Park,"Pyrrhula pyrrhula (Linnaeus, 1758)",Fringillidae,Pyrrhula,pyrrhula,Species,M,Whole year,122
404,Zhalantun Suspension Bridge Park,"Eophona personata (Temminck & Schlegel, 1848)",Fringillidae,Eophona,personata,Species,M,Whole year,122
404,Zhalantun Suspension Bridge Park,"Coccothraustes coccothraustes (Linnaeus, 1758)",Fringillidae,Coccothraustes,coccothraustes,Species,M,Whole year,122
404,Zhalantun Suspension Bridge Park,"Emberiza rutila (Pallas, 1776)",Emberizidae,Emberiza,rutila,Species,M,Whole year,122
404,Zhalantun Suspension Bridge Park,"Emberiza aureola (Pallas, 1773)",Emberizidae,Emberiza,aureola,Species,M,Whole year,122
404,Zhalantun Suspension Bridge Park,"Emberiza elegans (Temminck, 1836)",Emberizidae,Emberiza,elegans,Species,M,Whole year,122
404,Zhalantun Suspension Bridge Park,"Emberiza spodocephala (Pallas, 1776)",Emberizidae,Emberiza,spodocephala,Species,M,Whole year,122
404,Zhalantun Suspension Bridge Park,"Emberiza cia (Linnaeus, 1766)",Emberizidae,Emberiza,cia,Species,M,Whole year,122
404,Zhalantun Suspension Bridge Park,"Emberiza fucata (Pallas, 1776)",Emberizidae,Emberiza,fucata,Species,M,Whole year,122
404,Zhalantun Suspension Bridge Park,"Emberiza rustica (Pallas, 1776)",Emberizidae,Emberiza,rustica,Species,M,Whole year,122
404,Zhalantun Suspension Bridge Park,"Emberiza pusilla (Pallas, 1776)",Emberizidae,Emberiza,pusilla,Species,M,Whole year,122
404,Zhalantun Suspension Bridge Park,"Emberiza cioides (von J.F.Brandt, 1843)",Emberizidae,Emberiza,cioides,Species,M,Whole year,122
404,Zhalantun Suspension Bridge Park,"Emberiza tristrami (Swinhoe, 1870)",Emberizidae,Emberiza,tristrami,Species,M,Whole year,122
404,Zhalantun Suspension Bridge Park,"Emberiza pallasi (Cabanis, 1851)",Emberizidae,Emberiza,pallasi,Species,M,Whole year,122
404,Zhalantun Suspension Bridge Park,"Emberiza schoeniclus (Linnaeus, 1758)",Emberizidae,Emberiza,schoeniclus,Species,M,Whole year,122
