LocationID,Region,Province,City,Locality,Locality_Type,Elevation (m),decimalLatitude,decimalLongitude,MAT (℃),MAP (mm),Area (ha),EstablishedYear,ScientificName,Family,Genus,SpecificEpithet,TaxonRank,Bird_MigrantStatus,Bird_SurveyTime,SourceID,SourceType,Source,Source_CN
388,Eastern,Shanghai,Shanghai,Shanghai Bay Forest Park,Park,5,30.86,121,15.96666657,1052,1065.57,1999,"Tachybaptus ruficollis (Pallas, 1764)",Podicipedidae,Tachybaptus,ruficollis,Species,R,Whole year,240,Paper,"Ye X (2016) The effects of urban landscape pattern on bird community structure. (Master's thesis). Available from China Integrated Knowledge Resources database. (UDC, 10269).","叶辛. (2016) 城市景观格局对鸟类群落结构的作用机制. (硕士论文, 华东师范大学)."
388,Eastern,Shanghai,Shanghai,Shanghai Bay Forest Park,Park,5,30.86,121,15.96666657,1052,1065.57,1999,"Ardea cinerea (Linnaeus, 1758)",Ardeidae,Ardea,cinerea,Species,R,Whole year,240,Paper,"Ye X (2016) The effects of urban landscape pattern on bird community structure. (Master's thesis). Available from China Integrated Knowledge Resources database. (UDC, 10269).","叶辛. (2016) 城市景观格局对鸟类群落结构的作用机制. (硕士论文, 华东师范大学)."
388,Eastern,Shanghai,Shanghai,Shanghai Bay Forest Park,Park,5,30.86,121,15.96666657,1052,1065.57,1999,"Mesophoyx intermedia (Wagler, 1829)",Ardeidae,Mesophoyx,intermedia,Species,M,Whole year,240,Paper,"Ye X (2016) The effects of urban landscape pattern on bird community structure. (Master's thesis). Available from China Integrated Knowledge Resources database. (UDC, 10269).","叶辛. (2016) 城市景观格局对鸟类群落结构的作用机制. (硕士论文, 华东师范大学)."
388,Eastern,Shanghai,Shanghai,Shanghai Bay Forest Park,Park,5,30.86,121,15.96666657,1052,1065.57,1999,"Egretta garzetta (Linnaeus, 1766)",Ardeidae,Egretta,garzetta,Species,M,Whole year,240,Paper,"Ye X (2016) The effects of urban landscape pattern on bird community structure. (Master's thesis). Available from China Integrated Knowledge Resources database. (UDC, 10269).","叶辛. (2016) 城市景观格局对鸟类群落结构的作用机制. (硕士论文, 华东师范大学)."
388,Eastern,Shanghai,Shanghai,Shanghai Bay Forest Park,Park,5,30.86,121,15.96666657,1052,1065.57,1999,"Bubulcus ibis (Linnaeus, 1758)",Ardeidae,Bubulcus,ibis,Species,M,Whole year,240,Paper,"Ye X (2016) The effects of urban landscape pattern on bird community structure. (Master's thesis). Available from China Integrated Knowledge Resources database. (UDC, 10269).","叶辛. (2016) 城市景观格局对鸟类群落结构的作用机制. (硕士论文, 华东师范大学)."
388,Eastern,Shanghai,Shanghai,Shanghai Bay Forest Park,Park,5,30.86,121,15.96666657,1052,1065.57,1999,"Ardeola bacchus (Bonaparte, 1855)",Ardeidae,Ardeola,bacchus,Species,M,Whole year,240,Paper,"Ye X (2016) The effects of urban landscape pattern on bird community structure. (Master's thesis). Available from China Integrated Knowledge Resources database. (UDC, 10269).","叶辛. (2016) 城市景观格局对鸟类群落结构的作用机制. (硕士论文, 华东师范大学)."
388,Eastern,Shanghai,Shanghai,Shanghai Bay Forest Park,Park,5,30.86,121,15.96666657,1052,1065.57,1999,"Ixobrychus sinensis (Gmelin, 1789)",Ardeidae,Ixobrychus,sinensis,Species,M,Whole year,240,Paper,"Ye X (2016) The effects of urban landscape pattern on bird community structure. (Master's thesis). Available from China Integrated Knowledge Resources database. (UDC, 10269).","叶辛. (2016) 城市景观格局对鸟类群落结构的作用机制. (硕士论文, 华东师范大学)."
388,Eastern,Shanghai,Shanghai,Shanghai Bay Forest Park,Park,5,30.86,121,15.96666657,1052,1065.57,1999,"Falco tinnunculus (Linnaeus, 1758)",Falconidae,Falco,tinnunculus,Species,M,Whole year,240,Paper,"Ye X (2016) The effects of urban landscape pattern on bird community structure. (Master's thesis). Available from China Integrated Knowledge Resources database. (UDC, 10269).","叶辛. (2016) 城市景观格局对鸟类群落结构的作用机制. (硕士论文, 华东师范大学)."
388,Eastern,Shanghai,Shanghai,Shanghai Bay Forest Park,Park,5,30.86,121,15.96666657,1052,1065.57,1999,"Phasianus colchicus (Linnaeus, 1758)",Jacanidae,Phasianus,colchicus,Species,R,Whole year,240,Paper,"Ye X (2016) The effects of urban landscape pattern on bird community structure. (Master's thesis). Available from China Integrated Knowledge Resources database. (UDC, 10269).","叶辛. (2016) 城市景观格局对鸟类群落结构的作用机制. (硕士论文, 华东师范大学)."
388,Eastern,Shanghai,Shanghai,Shanghai Bay Forest Park,Park,5,30.86,121,15.96666657,1052,1065.57,1999,"Gallinula chloropus (Linnaeus, 1758)",Rallidae,Gallinula,chloropus,Species,R,Whole year,240,Paper,"Ye X (2016) The effects of urban landscape pattern on bird community structure. (Master's thesis). Available from China Integrated Knowledge Resources database. (UDC, 10269).","叶辛. (2016) 城市景观格局对鸟类群落结构的作用机制. (硕士论文, 华东师范大学)."
388,Eastern,Shanghai,Shanghai,Shanghai Bay Forest Park,Park,5,30.86,121,15.96666657,1052,1065.57,1999,"Amaurornis phoenicurus (Pennant, 1769)",Rallidae,Amaurornis,phoenicurus,Species,M,Whole year,240,Paper,"Ye X (2016) The effects of urban landscape pattern on bird community structure. (Master's thesis). Available from China Integrated Knowledge Resources database. (UDC, 10269).","叶辛. (2016) 城市景观格局对鸟类群落结构的作用机制. (硕士论文, 华东师范大学)."
388,Eastern,Shanghai,Shanghai,Shanghai Bay Forest Park,Park,5,30.86,121,15.96666657,1052,1065.57,1999,"Gallinago gallinago (Linnaeus, 1758)",Scolopacidae,Gallinago,gallinago,Species,M,Whole year,240,Paper,"Ye X (2016) The effects of urban landscape pattern on bird community structure. (Master's thesis). Available from China Integrated Knowledge Resources database. (UDC, 10269).","叶辛. (2016) 城市景观格局对鸟类群落结构的作用机制. (硕士论文, 华东师范大学)."
388,Eastern,Shanghai,Shanghai,Shanghai Bay Forest Park,Park,5,30.86,121,15.96666657,1052,1065.57,1999,"Tringa ochropus (Linnaeus, 1758)",Scolopacidae,Tringa,ochropus,Species,M,Whole year,240,Paper,"Ye X (2016) The effects of urban landscape pattern on bird community structure. (Master's thesis). Available from China Integrated Knowledge Resources database. (UDC, 10269).","叶辛. (2016) 城市景观格局对鸟类群落结构的作用机制. (硕士论文, 华东师范大学)."
388,Eastern,Shanghai,Shanghai,Shanghai Bay Forest Park,Park,5,30.86,121,15.96666657,1052,1065.57,1999,"Actitis hypoleucos (Linnaeus, 1758)",Scolopacidae,Actitis,hypoleucos,Species,R,Whole year,240,Paper,"Ye X (2016) The effects of urban landscape pattern on bird community structure. (Master's thesis). Available from China Integrated Knowledge Resources database. (UDC, 10269).","叶辛. (2016) 城市景观格局对鸟类群落结构的作用机制. (硕士论文, 华东师范大学)."
388,Eastern,Shanghai,Shanghai,Shanghai Bay Forest Park,Park,5,30.86,121,15.96666657,1052,1065.57,1999,"Calidris alpina (Linnaeus, 1758)",Scolopacidae,Calidris,alpina,Species,M,Whole year,240,Paper,"Ye X (2016) The effects of urban landscape pattern on bird community structure. (Master's thesis). Available from China Integrated Knowledge Resources database. (UDC, 10269).","叶辛. (2016) 城市景观格局对鸟类群落结构的作用机制. (硕士论文, 华东师范大学)."
388,Eastern,Shanghai,Shanghai,Shanghai Bay Forest Park,Park,5,30.86,121,15.96666657,1052,1065.57,1999,"Tringa nebularia (Gunnerus, 1767)",Scolopacidae,Tringa,nebularia,Species,M,Whole year,240,Paper,"Ye X (2016) The effects of urban landscape pattern on bird community structure. (Master's thesis). Available from China Integrated Knowledge Resources database. (UDC, 10269).","叶辛. (2016) 城市景观格局对鸟类群落结构的作用机制. (硕士论文, 华东师范大学)."
388,Eastern,Shanghai,Shanghai,Shanghai Bay Forest Park,Park,5,30.86,121,15.96666657,1052,1065.57,1999,"Streptopelia orientalis (Latham, 1790)",Columbidae,Streptopelia,orientalis,Species,R,Whole year,240,Paper,"Ye X (2016) The effects of urban landscape pattern on bird community structure. (Master's thesis). Available from China Integrated Knowledge Resources database. (UDC, 10269).","叶辛. (2016) 城市景观格局对鸟类群落结构的作用机制. (硕士论文, 华东师范大学)."
388,Eastern,Shanghai,Shanghai,Shanghai Bay Forest Park,Park,5,30.86,121,15.96666657,1052,1065.57,1999,"Stigmatopelia chinensis (Scopoli, 1768)",Columbidae,Stigmatopelia,chinensis,Species,R,Whole year,240,Paper,"Ye X (2016) The effects of urban landscape pattern on bird community structure. (Master's thesis). Available from China Integrated Knowledge Resources database. (UDC, 10269).","叶辛. (2016) 城市景观格局对鸟类群落结构的作用机制. (硕士论文, 华东师范大学)."
388,Eastern,Shanghai,Shanghai,Shanghai Bay Forest Park,Park,5,30.86,121,15.96666657,1052,1065.57,1999,"Streptopelia tranquebarica (Hermann, 1804)",Columbidae,Streptopelia,tranquebarica,Species,M,Whole year,240,Paper,"Ye X (2016) The effects of urban landscape pattern on bird community structure. (Master's thesis). Available from China Integrated Knowledge Resources database. (UDC, 10269).","叶辛. (2016) 城市景观格局对鸟类群落结构的作用机制. (硕士论文, 华东师范大学)."
388,Eastern,Shanghai,Shanghai,Shanghai Bay Forest Park,Park,5,30.86,121,15.96666657,1052,1065.57,1999,"Cuculus canorus (Linnaeus, 1758)",scolopacea,Cuculus,canorus,Species,M,Whole year,240,Paper,"Ye X (2016) The effects of urban landscape pattern on bird community structure. (Master's thesis). Available from China Integrated Knowledge Resources database. (UDC, 10269).","叶辛. (2016) 城市景观格局对鸟类群落结构的作用机制. (硕士论文, 华东师范大学)."
388,Eastern,Shanghai,Shanghai,Shanghai Bay Forest Park,Park,5,30.86,121,15.96666657,1052,1065.57,1999,"Cuculus micropterus (Gould, 1838)",scolopacea,Cuculus,micropterus,Species,M,Whole year,240,Paper,"Ye X (2016) The effects of urban landscape pattern on bird community structure. (Master's thesis). Available from China Integrated Knowledge Resources database. (UDC, 10269).","叶辛. (2016) 城市景观格局对鸟类群落结构的作用机制. (硕士论文, 华东师范大学)."
388,Eastern,Shanghai,Shanghai,Shanghai Bay Forest Park,Park,5,30.86,121,15.96666657,1052,1065.57,1999,"Alcedo atthis (Linnaeus, 1758)",Alcedinidae,Alcedo,atthis,Species,R,Whole year,240,Paper,"Ye X (2016) The effects of urban landscape pattern on bird community structure. (Master's thesis). Available from China Integrated Knowledge Resources database. (UDC, 10269).","叶辛. (2016) 城市景观格局对鸟类群落结构的作用机制. (硕士论文, 华东师范大学)."
388,Eastern,Shanghai,Shanghai,Shanghai Bay Forest Park,Park,5,30.86,121,15.96666657,1052,1065.57,1999,"Upupa epops (Linnaeus, 1758)",Upupidae,Upupa,epops,Species,M,Whole year,240,Paper,"Ye X (2016) The effects of urban landscape pattern on bird community structure. (Master's thesis). Available from China Integrated Knowledge Resources database. (UDC, 10269).","叶辛. (2016) 城市景观格局对鸟类群落结构的作用机制. (硕士论文, 华东师范大学)."
388,Eastern,Shanghai,Shanghai,Shanghai Bay Forest Park,Park,5,30.86,121,15.96666657,1052,1065.57,1999,"Parus major (Linnaeus, 1758)",Paridae,Parus,major,Species,R,Whole year,240,Paper,"Ye X (2016) The effects of urban landscape pattern on bird community structure. (Master's thesis). Available from China Integrated Knowledge Resources database. (UDC, 10269).","叶辛. (2016) 城市景观格局对鸟类群落结构的作用机制. (硕士论文, 华东师范大学)."
388,Eastern,Shanghai,Shanghai,Shanghai Bay Forest Park,Park,5,30.86,121,15.96666657,1052,1065.57,1999,"Hirundo rustica (Linnaeus, 1758)",Laridae,Hirundo,rustica,Species,M,Whole year,240,Paper,"Ye X (2016) The effects of urban landscape pattern on bird community structure. (Master's thesis). Available from China Integrated Knowledge Resources database. (UDC, 10269).","叶辛. (2016) 城市景观格局对鸟类群落结构的作用机制. (硕士论文, 华东师范大学)."
388,Eastern,Shanghai,Shanghai,Shanghai Bay Forest Park,Park,5,30.86,121,15.96666657,1052,1065.57,1999,"Hirundo daurica (Laxmann, 1769)",Laridae,Hirundo,daurica,Species,M,Whole year,240,Paper,"Ye X (2016) The effects of urban landscape pattern on bird community structure. (Master's thesis). Available from China Integrated Knowledge Resources database. (UDC, 10269).","叶辛. (2016) 城市景观格局对鸟类群落结构的作用机制. (硕士论文, 华东师范大学)."
388,Eastern,Shanghai,Shanghai,Shanghai Bay Forest Park,Park,5,30.86,121,15.96666657,1052,1065.57,1999,"Motacilla alba (Linnaeus, 1758)",Motacillidae,Motacilla,alba,Species,M,Whole year,240,Paper,"Ye X (2016) The effects of urban landscape pattern on bird community structure. (Master's thesis). Available from China Integrated Knowledge Resources database. (UDC, 10269).","叶辛. (2016) 城市景观格局对鸟类群落结构的作用机制. (硕士论文, 华东师范大学)."
388,Eastern,Shanghai,Shanghai,Shanghai Bay Forest Park,Park,5,30.86,121,15.96666657,1052,1065.57,1999,"Motacilla cinerea (Tunstall, 1771)",Motacillidae,Motacilla,cinerea,Species,M,Whole year,240,Paper,"Ye X (2016) The effects of urban landscape pattern on bird community structure. (Master's thesis). Available from China Integrated Knowledge Resources database. (UDC, 10269).","叶辛. (2016) 城市景观格局对鸟类群落结构的作用机制. (硕士论文, 华东师范大学)."
388,Eastern,Shanghai,Shanghai,Shanghai Bay Forest Park,Park,5,30.86,121,15.96666657,1052,1065.57,1999,"Anthus hodgsoni (Richmond, 1907)",Motacillidae,Anthus,hodgsoni,Species,M,Whole year,240,Paper,"Ye X (2016) The effects of urban landscape pattern on bird community structure. (Master's thesis). Available from China Integrated Knowledge Resources database. (UDC, 10269).","叶辛. (2016) 城市景观格局对鸟类群落结构的作用机制. (硕士论文, 华东师范大学)."
388,Eastern,Shanghai,Shanghai,Shanghai Bay Forest Park,Park,5,30.86,121,15.96666657,1052,1065.57,1999,"Pycnonotus sinensis (Gmelin, 1789)",Pycnonotidae,Pycnonotus,sinensis,Species,R,Whole year,240,Paper,"Ye X (2016) The effects of urban landscape pattern on bird community structure. (Master's thesis). Available from China Integrated Knowledge Resources database. (UDC, 10269).","叶辛. (2016) 城市景观格局对鸟类群落结构的作用机制. (硕士论文, 华东师范大学)."
388,Eastern,Shanghai,Shanghai,Shanghai Bay Forest Park,Park,5,30.86,121,15.96666657,1052,1065.57,1999,"Lanius schach (Linnaeus, 1758)",Laniidae,Lanius,schach,Species,R,Whole year,240,Paper,"Ye X (2016) The effects of urban landscape pattern on bird community structure. (Master's thesis). Available from China Integrated Knowledge Resources database. (UDC, 10269).","叶辛. (2016) 城市景观格局对鸟类群落结构的作用机制. (硕士论文, 华东师范大学)."
388,Eastern,Shanghai,Shanghai,Shanghai Bay Forest Park,Park,5,30.86,121,15.96666657,1052,1065.57,1999,"Lanius cristatus (Linnaeus, 1758)",Laniidae,Lanius,cristatus,Species,M,Whole year,240,Paper,"Ye X (2016) The effects of urban landscape pattern on bird community structure. (Master's thesis). Available from China Integrated Knowledge Resources database. (UDC, 10269).","叶辛. (2016) 城市景观格局对鸟类群落结构的作用机制. (硕士论文, 华东师范大学)."
388,Eastern,Shanghai,Shanghai,Shanghai Bay Forest Park,Park,5,30.86,121,15.96666657,1052,1065.57,1999,"Acridotheres cristatellus (Linnaeus, 1758)",Sturnidae,Acridotheres,cristatellus,Species,R,Whole year,240,Paper,"Ye X (2016) The effects of urban landscape pattern on bird community structure. (Master's thesis). Available from China Integrated Knowledge Resources database. (UDC, 10269).","叶辛. (2016) 城市景观格局对鸟类群落结构的作用机制. (硕士论文, 华东师范大学)."
388,Eastern,Shanghai,Shanghai,Shanghai Bay Forest Park,Park,5,30.86,121,15.96666657,1052,1065.57,1999,"Sturnus cineraceus (Temminck, 1835)",Sturnidae,Sturnus,cineraceus,Species,M,Whole year,240,Paper,"Ye X (2016) The effects of urban landscape pattern on bird community structure. (Master's thesis). Available from China Integrated Knowledge Resources database. (UDC, 10269).","叶辛. (2016) 城市景观格局对鸟类群落结构的作用机制. (硕士论文, 华东师范大学)."
388,Eastern,Shanghai,Shanghai,Shanghai Bay Forest Park,Park,5,30.86,121,15.96666657,1052,1065.57,1999,"Alauda arvensis (Linnaeus, 1758)",Alaudidae,Alauda,arvensis,Species,M,Whole year,240,Paper,"Ye X (2016) The effects of urban landscape pattern on bird community structure. (Master's thesis). Available from China Integrated Knowledge Resources database. (UDC, 10269).","叶辛. (2016) 城市景观格局对鸟类群落结构的作用机制. (硕士论文, 华东师范大学)."
388,Eastern,Shanghai,Shanghai,Shanghai Bay Forest Park,Park,5,30.86,121,15.96666657,1052,1065.57,1999,"Tarsiger cyanurus (Pallas, 1773)",Muscicapidae,Tarsiger,cyanurus,Species,M,Whole year,240,Paper,"Ye X (2016) The effects of urban landscape pattern on bird community structure. (Master's thesis). Available from China Integrated Knowledge Resources database. (UDC, 10269).","叶辛. (2016) 城市景观格局对鸟类群落结构的作用机制. (硕士论文, 华东师范大学)."
388,Eastern,Shanghai,Shanghai,Shanghai Bay Forest Park,Park,5,30.86,121,15.96666657,1052,1065.57,1999,"Phoenicurus auroreus (Pallas, 1776)",Muscicapidae,Phoenicurus,auroreus,Species,M,Whole year,240,Paper,"Ye X (2016) The effects of urban landscape pattern on bird community structure. (Master's thesis). Available from China Integrated Knowledge Resources database. (UDC, 10269).","叶辛. (2016) 城市景观格局对鸟类群落结构的作用机制. (硕士论文, 华东师范大学)."
388,Eastern,Shanghai,Shanghai,Shanghai Bay Forest Park,Park,5,30.86,121,15.96666657,1052,1065.57,1999,"Zoothera dauma (Latham, 1790)",Turdidae,Zoothera,dauma,Species,M,Whole year,240,Paper,"Ye X (2016) The effects of urban landscape pattern on bird community structure. (Master's thesis). Available from China Integrated Knowledge Resources database. (UDC, 10269).","叶辛. (2016) 城市景观格局对鸟类群落结构的作用机制. (硕士论文, 华东师范大学)."
388,Eastern,Shanghai,Shanghai,Shanghai Bay Forest Park,Park,5,30.86,121,15.96666657,1052,1065.57,1999,"Turdus hortulorum (P.L.Sclater, 1863)",Turdidae,Turdus,hortulorum,Species,M,Whole year,240,Paper,"Ye X (2016) The effects of urban landscape pattern on bird community structure. (Master's thesis). Available from China Integrated Knowledge Resources database. (UDC, 10269).","叶辛. (2016) 城市景观格局对鸟类群落结构的作用机制. (硕士论文, 华东师范大学)."
388,Eastern,Shanghai,Shanghai,Shanghai Bay Forest Park,Park,5,30.86,121,15.96666657,1052,1065.57,1999,"Turdus merula (Linnaeus, 1758)",Turdidae,Turdus,merula,Species,R,Whole year,240,Paper,"Ye X (2016) The effects of urban landscape pattern on bird community structure. (Master's thesis). Available from China Integrated Knowledge Resources database. (UDC, 10269).","叶辛. (2016) 城市景观格局对鸟类群落结构的作用机制. (硕士论文, 华东师范大学)."
388,Eastern,Shanghai,Shanghai,Shanghai Bay Forest Park,Park,5,30.86,121,15.96666657,1052,1065.57,1999,"Turdus pallidus (Gmelin, 1789)",Turdidae,Turdus,pallidus,Species,M,Whole year,240,Paper,"Ye X (2016) The effects of urban landscape pattern on bird community structure. (Master's thesis). Available from China Integrated Knowledge Resources database. (UDC, 10269).","叶辛. (2016) 城市景观格局对鸟类群落结构的作用机制. (硕士论文, 华东师范大学)."
388,Eastern,Shanghai,Shanghai,Shanghai Bay Forest Park,Park,5,30.86,121,15.96666657,1052,1065.57,1999,"Turdus naumanni (Temminck, 1820)",Turdidae,Turdus,naumanni,Species,M,Whole year,240,Paper,"Ye X (2016) The effects of urban landscape pattern on bird community structure. (Master's thesis). Available from China Integrated Knowledge Resources database. (UDC, 10269).","叶辛. (2016) 城市景观格局对鸟类群落结构的作用机制. (硕士论文, 华东师范大学)."
388,Eastern,Shanghai,Shanghai,Shanghai Bay Forest Park,Park,5,30.86,121,15.96666657,1052,1065.57,1999,"Garrulax canorus (Linnaeus, 1758)",Leiothrichidae,Garrulax,canorus,Species,R,Whole year,240,Paper,"Ye X (2016) The effects of urban landscape pattern on bird community structure. (Master's thesis). Available from China Integrated Knowledge Resources database. (UDC, 10269).","叶辛. (2016) 城市景观格局对鸟类群落结构的作用机制. (硕士论文, 华东师范大学)."
388,Eastern,Shanghai,Shanghai,Shanghai Bay Forest Park,Park,5,30.86,121,15.96666657,1052,1065.57,1999,"Paradoxornis webbianus (Gould, 1852)",Paradoxornithidae,Paradoxornis,webbianus,Species,R,Whole year,240,Paper,"Ye X (2016) The effects of urban landscape pattern on bird community structure. (Master's thesis). Available from China Integrated Knowledge Resources database. (UDC, 10269).","叶辛. (2016) 城市景观格局对鸟类群落结构的作用机制. (硕士论文, 华东师范大学)."
388,Eastern,Shanghai,Shanghai,Shanghai Bay Forest Park,Park,5,30.86,121,15.96666657,1052,1065.57,1999,"Cisticola juncidis (Rafinesque, 1810)",Cisticolidae,Cisticola,juncidis,Species,R,Whole year,240,Paper,"Ye X (2016) The effects of urban landscape pattern on bird community structure. (Master's thesis). Available from China Integrated Knowledge Resources database. (UDC, 10269).","叶辛. (2016) 城市景观格局对鸟类群落结构的作用机制. (硕士论文, 华东师范大学)."
388,Eastern,Shanghai,Shanghai,Shanghai Bay Forest Park,Park,5,30.86,121,15.96666657,1052,1065.57,1999,"Prinia inornata (Sykes, 1832)",Cisticolidae,Prinia,inornata,Species,R,Whole year,240,Paper,"Ye X (2016) The effects of urban landscape pattern on bird community structure. (Master's thesis). Available from China Integrated Knowledge Resources database. (UDC, 10269).","叶辛. (2016) 城市景观格局对鸟类群落结构的作用机制. (硕士论文, 华东师范大学)."
388,Eastern,Shanghai,Shanghai,Shanghai Bay Forest Park,Park,5,30.86,121,15.96666657,1052,1065.57,1999,"Cettia canturians (Swinhoe, 1860)",Cettiidae,Cettia,canturians,Species,M,Whole year,240,Paper,"Ye X (2016) The effects of urban landscape pattern on bird community structure. (Master's thesis). Available from China Integrated Knowledge Resources database. (UDC, 10269).","叶辛. (2016) 城市景观格局对鸟类群落结构的作用机制. (硕士论文, 华东师范大学)."
388,Eastern,Shanghai,Shanghai,Shanghai Bay Forest Park,Park,5,30.86,121,15.96666657,1052,1065.57,1999,"Cettia fortipes (Hodgson, 1845)",Cettiidae,Cettia,fortipes,Species,M,Whole year,240,Paper,"Ye X (2016) The effects of urban landscape pattern on bird community structure. (Master's thesis). Available from China Integrated Knowledge Resources database. (UDC, 10269).","叶辛. (2016) 城市景观格局对鸟类群落结构的作用机制. (硕士论文, 华东师范大学)."
388,Eastern,Shanghai,Shanghai,Shanghai Bay Forest Park,Park,5,30.86,121,15.96666657,1052,1065.57,1999,"Acrocephalus arundinaceus (Linnaeus, 1758)",Acrocephalidae,Acrocephalus,arundinaceus,Species,M,Whole year,240,Paper,"Ye X (2016) The effects of urban landscape pattern on bird community structure. (Master's thesis). Available from China Integrated Knowledge Resources database. (UDC, 10269).","叶辛. (2016) 城市景观格局对鸟类群落结构的作用机制. (硕士论文, 华东师范大学)."
388,Eastern,Shanghai,Shanghai,Shanghai Bay Forest Park,Park,5,30.86,121,15.96666657,1052,1065.57,1999,"Phylloscopus proregulus (Pallas, 1811)",Phylloscopidae,Phylloscopus,proregulus,Species,M,Whole year,240,Paper,"Ye X (2016) The effects of urban landscape pattern on bird community structure. (Master's thesis). Available from China Integrated Knowledge Resources database. (UDC, 10269).","叶辛. (2016) 城市景观格局对鸟类群落结构的作用机制. (硕士论文, 华东师范大学)."
388,Eastern,Shanghai,Shanghai,Shanghai Bay Forest Park,Park,5,30.86,121,15.96666657,1052,1065.57,1999,"Phylloscopus inornatus (Blyth, 1842)",Phylloscopidae,Phylloscopus,inornatus,Species,M,Whole year,240,Paper,"Ye X (2016) The effects of urban landscape pattern on bird community structure. (Master's thesis). Available from China Integrated Knowledge Resources database. (UDC, 10269).","叶辛. (2016) 城市景观格局对鸟类群落结构的作用机制. (硕士论文, 华东师范大学)."
388,Eastern,Shanghai,Shanghai,Shanghai Bay Forest Park,Park,5,30.86,121,15.96666657,1052,1065.57,1999,"Regulus regulus (Linnaeus, 1758)",Regulidae,Regulus,regulus,Species,R,Whole year,240,Paper,"Ye X (2016) The effects of urban landscape pattern on bird community structure. (Master's thesis). Available from China Integrated Knowledge Resources database. (UDC, 10269).","叶辛. (2016) 城市景观格局对鸟类群落结构的作用机制. (硕士论文, 华东师范大学)."
388,Eastern,Shanghai,Shanghai,Shanghai Bay Forest Park,Park,5,30.86,121,15.96666657,1052,1065.57,1999,"Aegithalos concinnus (Gould, 1855)",Aegithalidae,Aegithalos,concinnus,Species,R,Whole year,240,Paper,"Ye X (2016) The effects of urban landscape pattern on bird community structure. (Master's thesis). Available from China Integrated Knowledge Resources database. (UDC, 10269).","叶辛. (2016) 城市景观格局对鸟类群落结构的作用机制. (硕士论文, 华东师范大学)."
388,Eastern,Shanghai,Shanghai,Shanghai Bay Forest Park,Park,5,30.86,121,15.96666657,1052,1065.57,1999,"Aegithalos caudatus (Linnaeus, 1758)",Aegithalidae,Aegithalos,caudatus,Species,R,Whole year,240,Paper,"Ye X (2016) The effects of urban landscape pattern on bird community structure. (Master's thesis). Available from China Integrated Knowledge Resources database. (UDC, 10269).","叶辛. (2016) 城市景观格局对鸟类群落结构的作用机制. (硕士论文, 华东师范大学)."
388,Eastern,Shanghai,Shanghai,Shanghai Bay Forest Park,Park,5,30.86,121,15.96666657,1052,1065.57,1999,"Passer montanus (Linnaeus, 1758)",Passeridae,Passer,montanus,Species,R,Whole year,240,Paper,"Ye X (2016) The effects of urban landscape pattern on bird community structure. (Master's thesis). Available from China Integrated Knowledge Resources database. (UDC, 10269).","叶辛. (2016) 城市景观格局对鸟类群落结构的作用机制. (硕士论文, 华东师范大学)."
388,Eastern,Shanghai,Shanghai,Shanghai Bay Forest Park,Park,5,30.86,121,15.96666657,1052,1065.57,1999,"Lonchura punctulata (Linnaeus, 1758)",Estrildidae,Lonchura,punctulata,Species,R,Whole year,240,Paper,"Ye X (2016) The effects of urban landscape pattern on bird community structure. (Master's thesis). Available from China Integrated Knowledge Resources database. (UDC, 10269).","叶辛. (2016) 城市景观格局对鸟类群落结构的作用机制. (硕士论文, 华东师范大学)."
388,Eastern,Shanghai,Shanghai,Shanghai Bay Forest Park,Park,5,30.86,121,15.96666657,1052,1065.57,1999,"Fringilla montifringilla (Linnaeus, 1758)",Fringillidae,Fringilla,montifringilla,Species,M,Whole year,240,Paper,"Ye X (2016) The effects of urban landscape pattern on bird community structure. (Master's thesis). Available from China Integrated Knowledge Resources database. (UDC, 10269).","叶辛. (2016) 城市景观格局对鸟类群落结构的作用机制. (硕士论文, 华东师范大学)."
388,Eastern,Shanghai,Shanghai,Shanghai Bay Forest Park,Park,5,30.86,121,15.96666657,1052,1065.57,1999,"Carduelis sinica (Linnaeus, 1766)",Fringillidae,Carduelis,sinica,Species,R,Whole year,240,Paper,"Ye X (2016) The effects of urban landscape pattern on bird community structure. (Master's thesis). Available from China Integrated Knowledge Resources database. (UDC, 10269).","叶辛. (2016) 城市景观格局对鸟类群落结构的作用机制. (硕士论文, 华东师范大学)."
388,Eastern,Shanghai,Shanghai,Shanghai Bay Forest Park,Park,5,30.86,121,15.96666657,1052,1065.57,1999,"Carduelis spinus (Linnaeus, 1758)",Fringillidae,Carduelis,spinus,Species,M,Whole year,240,Paper,"Ye X (2016) The effects of urban landscape pattern on bird community structure. (Master's thesis). Available from China Integrated Knowledge Resources database. (UDC, 10269).","叶辛. (2016) 城市景观格局对鸟类群落结构的作用机制. (硕士论文, 华东师范大学)."
388,Eastern,Shanghai,Shanghai,Shanghai Bay Forest Park,Park,5,30.86,121,15.96666657,1052,1065.57,1999,"Eophona personata (Temminck & Schlegel, 1848)",Fringillidae,Eophona,personata,Species,M,Whole year,240,Paper,"Ye X (2016) The effects of urban landscape pattern on bird community structure. (Master's thesis). Available from China Integrated Knowledge Resources database. (UDC, 10269).","叶辛. (2016) 城市景观格局对鸟类群落结构的作用机制. (硕士论文, 华东师范大学)."
388,Eastern,Shanghai,Shanghai,Shanghai Bay Forest Park,Park,5,30.86,121,15.96666657,1052,1065.57,1999,"Emberiza tristrami (Swinhoe, 1870)",Emberizidae,Emberiza,tristrami,Species,M,Whole year,240,Paper,"Ye X (2016) The effects of urban landscape pattern on bird community structure. (Master's thesis). Available from China Integrated Knowledge Resources database. (UDC, 10269).","叶辛. (2016) 城市景观格局对鸟类群落结构的作用机制. (硕士论文, 华东师范大学)."
388,Eastern,Shanghai,Shanghai,Shanghai Bay Forest Park,Park,5,30.86,121,15.96666657,1052,1065.57,1999,"Emberiza rustica (Pallas, 1776)",Emberizidae,Emberiza,rustica,Species,M,Whole year,240,Paper,"Ye X (2016) The effects of urban landscape pattern on bird community structure. (Master's thesis). Available from China Integrated Knowledge Resources database. (UDC, 10269).","叶辛. (2016) 城市景观格局对鸟类群落结构的作用机制. (硕士论文, 华东师范大学)."
388,Eastern,Shanghai,Shanghai,Shanghai Bay Forest Park,Park,5,30.86,121,15.96666657,1052,1065.57,1999,"Emberiza elegans (Temminck, 1836)",Emberizidae,Emberiza,elegans,Species,M,Whole year,240,Paper,"Ye X (2016) The effects of urban landscape pattern on bird community structure. (Master's thesis). Available from China Integrated Knowledge Resources database. (UDC, 10269).","叶辛. (2016) 城市景观格局对鸟类群落结构的作用机制. (硕士论文, 华东师范大学)."
388,Eastern,Shanghai,Shanghai,Shanghai Bay Forest Park,Park,5,30.86,121,15.96666657,1052,1065.57,1999,"Emberiza spodocephala (Pallas, 1776)",Emberizidae,Emberiza,spodocephala,Species,M,Whole year,240,Paper,"Ye X (2016) The effects of urban landscape pattern on bird community structure. (Master's thesis). Available from China Integrated Knowledge Resources database. (UDC, 10269).","叶辛. (2016) 城市景观格局对鸟类群落结构的作用机制. (硕士论文, 华东师范大学)."
389,Eastern,Shanghai,Shanghai,Shanghai Botanical Garden,Park,7,31.14861111,121.4372222,16.35833342,977,60.59,1976,"Egretta garzetta (Linnaeus, 1766)",Ardeidae,Egretta,garzetta,Species,M,Whole year,240,Paper,"Ye X (2016) The effects of urban landscape pattern on bird community structure. (Master's thesis). Available from China Integrated Knowledge Resources database. (UDC, 10269).","叶辛. (2016) 城市景观格局对鸟类群落结构的作用机制. (硕士论文, 华东师范大学)."
389,Eastern,Shanghai,Shanghai,Shanghai Botanical Garden,Park,7,31.14861111,121.4372222,16.35833342,977,60.59,1976,"Nycticorax nycticorax (Linnaeus, 1758)",Ardeidae,Nycticorax,nycticorax,Species,R,Whole year,240,Paper,"Ye X (2016) The effects of urban landscape pattern on bird community structure. (Master's thesis). Available from China Integrated Knowledge Resources database. (UDC, 10269).","叶辛. (2016) 城市景观格局对鸟类群落结构的作用机制. (硕士论文, 华东师范大学)."
389,Eastern,Shanghai,Shanghai,Shanghai Botanical Garden,Park,7,31.14861111,121.4372222,16.35833342,977,60.59,1976,"Gallinula chloropus (Linnaeus, 1758)",Rallidae,Gallinula,chloropus,Species,R,Whole year,240,Paper,"Ye X (2016) The effects of urban landscape pattern on bird community structure. (Master's thesis). Available from China Integrated Knowledge Resources database. (UDC, 10269).","叶辛. (2016) 城市景观格局对鸟类群落结构的作用机制. (硕士论文, 华东师范大学)."
389,Eastern,Shanghai,Shanghai,Shanghai Botanical Garden,Park,7,31.14861111,121.4372222,16.35833342,977,60.59,1976,"Amaurornis phoenicurus (Pennant, 1769)",Rallidae,Amaurornis,phoenicurus,Species,M,Whole year,240,Paper,"Ye X (2016) The effects of urban landscape pattern on bird community structure. (Master's thesis). Available from China Integrated Knowledge Resources database. (UDC, 10269).","叶辛. (2016) 城市景观格局对鸟类群落结构的作用机制. (硕士论文, 华东师范大学)."
389,Eastern,Shanghai,Shanghai,Shanghai Botanical Garden,Park,7,31.14861111,121.4372222,16.35833342,977,60.59,1976,"Charadrius dubius (Scopoli, 1786)",Charadriidae,Charadrius,dubius,Species,M,Whole year,240,Paper,"Ye X (2016) The effects of urban landscape pattern on bird community structure. (Master's thesis). Available from China Integrated Knowledge Resources database. (UDC, 10269).","叶辛. (2016) 城市景观格局对鸟类群落结构的作用机制. (硕士论文, 华东师范大学)."
389,Eastern,Shanghai,Shanghai,Shanghai Botanical Garden,Park,7,31.14861111,121.4372222,16.35833342,977,60.59,1976,"Tringa ochropus (Linnaeus, 1758)",Scolopacidae,Tringa,ochropus,Species,M,Whole year,240,Paper,"Ye X (2016) The effects of urban landscape pattern on bird community structure. (Master's thesis). Available from China Integrated Knowledge Resources database. (UDC, 10269).","叶辛. (2016) 城市景观格局对鸟类群落结构的作用机制. (硕士论文, 华东师范大学)."
389,Eastern,Shanghai,Shanghai,Shanghai Botanical Garden,Park,7,31.14861111,121.4372222,16.35833342,977,60.59,1976,"Actitis hypoleucos (Linnaeus, 1758)",Scolopacidae,Actitis,hypoleucos,Species,R,Whole year,240,Paper,"Ye X (2016) The effects of urban landscape pattern on bird community structure. (Master's thesis). Available from China Integrated Knowledge Resources database. (UDC, 10269).","叶辛. (2016) 城市景观格局对鸟类群落结构的作用机制. (硕士论文, 华东师范大学)."
389,Eastern,Shanghai,Shanghai,Shanghai Botanical Garden,Park,7,31.14861111,121.4372222,16.35833342,977,60.59,1976,"Stigmatopelia chinensis (Scopoli, 1768)",Columbidae,Stigmatopelia,chinensis,Species,R,Whole year,240,Paper,"Ye X (2016) The effects of urban landscape pattern on bird community structure. (Master's thesis). Available from China Integrated Knowledge Resources database. (UDC, 10269).","叶辛. (2016) 城市景观格局对鸟类群落结构的作用机制. (硕士论文, 华东师范大学)."
389,Eastern,Shanghai,Shanghai,Shanghai Botanical Garden,Park,7,31.14861111,121.4372222,16.35833342,977,60.59,1976,"Alcedo atthis (Linnaeus, 1758)",Alcedinidae,Alcedo,atthis,Species,R,Whole year,240,Paper,"Ye X (2016) The effects of urban landscape pattern on bird community structure. (Master's thesis). Available from China Integrated Knowledge Resources database. (UDC, 10269).","叶辛. (2016) 城市景观格局对鸟类群落结构的作用机制. (硕士论文, 华东师范大学)."
389,Eastern,Shanghai,Shanghai,Shanghai Botanical Garden,Park,7,31.14861111,121.4372222,16.35833342,977,60.59,1976,"Parus major (Linnaeus, 1758)",Paridae,Parus,major,Species,R,Whole year,240,Paper,"Ye X (2016) The effects of urban landscape pattern on bird community structure. (Master's thesis). Available from China Integrated Knowledge Resources database. (UDC, 10269).","叶辛. (2016) 城市景观格局对鸟类群落结构的作用机制. (硕士论文, 华东师范大学)."
389,Eastern,Shanghai,Shanghai,Shanghai Botanical Garden,Park,7,31.14861111,121.4372222,16.35833342,977,60.59,1976,"Hirundo rustica (Linnaeus, 1758)",Laridae,Hirundo,rustica,Species,M,Whole year,240,Paper,"Ye X (2016) The effects of urban landscape pattern on bird community structure. (Master's thesis). Available from China Integrated Knowledge Resources database. (UDC, 10269).","叶辛. (2016) 城市景观格局对鸟类群落结构的作用机制. (硕士论文, 华东师范大学)."
389,Eastern,Shanghai,Shanghai,Shanghai Botanical Garden,Park,7,31.14861111,121.4372222,16.35833342,977,60.59,1976,"Motacilla alba (Linnaeus, 1758)",Motacillidae,Motacilla,alba,Species,M,Whole year,240,Paper,"Ye X (2016) The effects of urban landscape pattern on bird community structure. (Master's thesis). Available from China Integrated Knowledge Resources database. (UDC, 10269).","叶辛. (2016) 城市景观格局对鸟类群落结构的作用机制. (硕士论文, 华东师范大学)."
389,Eastern,Shanghai,Shanghai,Shanghai Botanical Garden,Park,7,31.14861111,121.4372222,16.35833342,977,60.59,1976,"Anthus hodgsoni (Richmond, 1907)",Motacillidae,Anthus,hodgsoni,Species,M,Whole year,240,Paper,"Ye X (2016) The effects of urban landscape pattern on bird community structure. (Master's thesis). Available from China Integrated Knowledge Resources database. (UDC, 10269).","叶辛. (2016) 城市景观格局对鸟类群落结构的作用机制. (硕士论文, 华东师范大学)."
389,Eastern,Shanghai,Shanghai,Shanghai Botanical Garden,Park,7,31.14861111,121.4372222,16.35833342,977,60.59,1976,"Pycnonotus sinensis (Gmelin, 1789)",Pycnonotidae,Pycnonotus,sinensis,Species,R,Whole year,240,Paper,"Ye X (2016) The effects of urban landscape pattern on bird community structure. (Master's thesis). Available from China Integrated Knowledge Resources database. (UDC, 10269).","叶辛. (2016) 城市景观格局对鸟类群落结构的作用机制. (硕士论文, 华东师范大学)."
389,Eastern,Shanghai,Shanghai,Shanghai Botanical Garden,Park,7,31.14861111,121.4372222,16.35833342,977,60.59,1976,"Lanius schach (Linnaeus, 1758)",Laniidae,Lanius,schach,Species,R,Whole year,240,Paper,"Ye X (2016) The effects of urban landscape pattern on bird community structure. (Master's thesis). Available from China Integrated Knowledge Resources database. (UDC, 10269).","叶辛. (2016) 城市景观格局对鸟类群落结构的作用机制. (硕士论文, 华东师范大学)."
389,Eastern,Shanghai,Shanghai,Shanghai Botanical Garden,Park,7,31.14861111,121.4372222,16.35833342,977,60.59,1976,"Acridotheres cristatellus (Linnaeus, 1758)",Sturnidae,Acridotheres,cristatellus,Species,R,Whole year,240,Paper,"Ye X (2016) The effects of urban landscape pattern on bird community structure. (Master's thesis). Available from China Integrated Knowledge Resources database. (UDC, 10269).","叶辛. (2016) 城市景观格局对鸟类群落结构的作用机制. (硕士论文, 华东师范大学)."
389,Eastern,Shanghai,Shanghai,Shanghai Botanical Garden,Park,7,31.14861111,121.4372222,16.35833342,977,60.59,1976,"Sturnus cineraceus (Temminck, 1835)",Sturnidae,Sturnus,cineraceus,Species,M,Whole year,240,Paper,"Ye X (2016) The effects of urban landscape pattern on bird community structure. (Master's thesis). Available from China Integrated Knowledge Resources database. (UDC, 10269).","叶辛. (2016) 城市景观格局对鸟类群落结构的作用机制. (硕士论文, 华东师范大学)."
389,Eastern,Shanghai,Shanghai,Shanghai Botanical Garden,Park,7,31.14861111,121.4372222,16.35833342,977,60.59,1976,"Pica pica (Linnaeus, 1758)",Corvidae,Pica,pica,Species,R,Whole year,240,Paper,"Ye X (2016) The effects of urban landscape pattern on bird community structure. (Master's thesis). Available from China Integrated Knowledge Resources database. (UDC, 10269).","叶辛. (2016) 城市景观格局对鸟类群落结构的作用机制. (硕士论文, 华东师范大学)."
389,Eastern,Shanghai,Shanghai,Shanghai Botanical Garden,Park,7,31.14861111,121.4372222,16.35833342,977,60.59,1976,"Cyanopica cyanus (Pallas, 1776)",Corvidae,Cyanopica,cyanus,Species,R,Whole year,240,Paper,"Ye X (2016) The effects of urban landscape pattern on bird community structure. (Master's thesis). Available from China Integrated Knowledge Resources database. (UDC, 10269).","叶辛. (2016) 城市景观格局对鸟类群落结构的作用机制. (硕士论文, 华东师范大学)."
389,Eastern,Shanghai,Shanghai,Shanghai Botanical Garden,Park,7,31.14861111,121.4372222,16.35833342,977,60.59,1976,"Tarsiger cyanurus (Pallas, 1773)",Muscicapidae,Tarsiger,cyanurus,Species,M,Whole year,240,Paper,"Ye X (2016) The effects of urban landscape pattern on bird community structure. (Master's thesis). Available from China Integrated Knowledge Resources database. (UDC, 10269).","叶辛. (2016) 城市景观格局对鸟类群落结构的作用机制. (硕士论文, 华东师范大学)."
389,Eastern,Shanghai,Shanghai,Shanghai Botanical Garden,Park,7,31.14861111,121.4372222,16.35833342,977,60.59,1976,"Phoenicurus auroreus (Pallas, 1776)",Muscicapidae,Phoenicurus,auroreus,Species,M,Whole year,240,Paper,"Ye X (2016) The effects of urban landscape pattern on bird community structure. (Master's thesis). Available from China Integrated Knowledge Resources database. (UDC, 10269).","叶辛. (2016) 城市景观格局对鸟类群落结构的作用机制. (硕士论文, 华东师范大学)."
389,Eastern,Shanghai,Shanghai,Shanghai Botanical Garden,Park,7,31.14861111,121.4372222,16.35833342,977,60.59,1976,"Turdus hortulorum (P.L.Sclater, 1863)",Turdidae,Turdus,hortulorum,Species,M,Whole year,240,Paper,"Ye X (2016) The effects of urban landscape pattern on bird community structure. (Master's thesis). Available from China Integrated Knowledge Resources database. (UDC, 10269).","叶辛. (2016) 城市景观格局对鸟类群落结构的作用机制. (硕士论文, 华东师范大学)."
389,Eastern,Shanghai,Shanghai,Shanghai Botanical Garden,Park,7,31.14861111,121.4372222,16.35833342,977,60.59,1976,"Turdus merula (Linnaeus, 1758)",Turdidae,Turdus,merula,Species,R,Whole year,240,Paper,"Ye X (2016) The effects of urban landscape pattern on bird community structure. (Master's thesis). Available from China Integrated Knowledge Resources database. (UDC, 10269).","叶辛. (2016) 城市景观格局对鸟类群落结构的作用机制. (硕士论文, 华东师范大学)."
389,Eastern,Shanghai,Shanghai,Shanghai Botanical Garden,Park,7,31.14861111,121.4372222,16.35833342,977,60.59,1976,"Turdus pallidus (Gmelin, 1789)",Turdidae,Turdus,pallidus,Species,M,Whole year,240,Paper,"Ye X (2016) The effects of urban landscape pattern on bird community structure. (Master's thesis). Available from China Integrated Knowledge Resources database. (UDC, 10269).","叶辛. (2016) 城市景观格局对鸟类群落结构的作用机制. (硕士论文, 华东师范大学)."
389,Eastern,Shanghai,Shanghai,Shanghai Botanical Garden,Park,7,31.14861111,121.4372222,16.35833342,977,60.59,1976,"Turdus naumanni (Temminck, 1820)",Turdidae,Turdus,naumanni,Species,M,Whole year,240,Paper,"Ye X (2016) The effects of urban landscape pattern on bird community structure. (Master's thesis). Available from China Integrated Knowledge Resources database. (UDC, 10269).","叶辛. (2016) 城市景观格局对鸟类群落结构的作用机制. (硕士论文, 华东师范大学)."
389,Eastern,Shanghai,Shanghai,Shanghai Botanical Garden,Park,7,31.14861111,121.4372222,16.35833342,977,60.59,1976,"Garrulax canorus (Linnaeus, 1758)",Leiothrichidae,Garrulax,canorus,Species,R,Whole year,240,Paper,"Ye X (2016) The effects of urban landscape pattern on bird community structure. (Master's thesis). Available from China Integrated Knowledge Resources database. (UDC, 10269).","叶辛. (2016) 城市景观格局对鸟类群落结构的作用机制. (硕士论文, 华东师范大学)."
389,Eastern,Shanghai,Shanghai,Shanghai Botanical Garden,Park,7,31.14861111,121.4372222,16.35833342,977,60.59,1976,"Paradoxornis webbianus (Gould, 1852)",Paradoxornithidae,Paradoxornis,webbianus,Species,R,Whole year,240,Paper,"Ye X (2016) The effects of urban landscape pattern on bird community structure. (Master's thesis). Available from China Integrated Knowledge Resources database. (UDC, 10269).","叶辛. (2016) 城市景观格局对鸟类群落结构的作用机制. (硕士论文, 华东师范大学)."
389,Eastern,Shanghai,Shanghai,Shanghai Botanical Garden,Park,7,31.14861111,121.4372222,16.35833342,977,60.59,1976,"Zosterops japonicus (Temminck & Schlegel, 1845)",Zosteropidae,Zosterops,japonicus,Species,M,Whole year,240,Paper,"Ye X (2016) The effects of urban landscape pattern on bird community structure. (Master's thesis). Available from China Integrated Knowledge Resources database. (UDC, 10269).","叶辛. (2016) 城市景观格局对鸟类群落结构的作用机制. (硕士论文, 华东师范大学)."
389,Eastern,Shanghai,Shanghai,Shanghai Botanical Garden,Park,7,31.14861111,121.4372222,16.35833342,977,60.59,1976,"Phylloscopus proregulus (Pallas, 1811)",Phylloscopidae,Phylloscopus,proregulus,Species,M,Whole year,240,Paper,"Ye X (2016) The effects of urban landscape pattern on bird community structure. (Master's thesis). Available from China Integrated Knowledge Resources database. (UDC, 10269).","叶辛. (2016) 城市景观格局对鸟类群落结构的作用机制. (硕士论文, 华东师范大学)."
389,Eastern,Shanghai,Shanghai,Shanghai Botanical Garden,Park,7,31.14861111,121.4372222,16.35833342,977,60.59,1976,"Phylloscopus inornatus (Blyth, 1842)",Phylloscopidae,Phylloscopus,inornatus,Species,M,Whole year,240,Paper,"Ye X (2016) The effects of urban landscape pattern on bird community structure. (Master's thesis). Available from China Integrated Knowledge Resources database. (UDC, 10269).","叶辛. (2016) 城市景观格局对鸟类群落结构的作用机制. (硕士论文, 华东师范大学)."
389,Eastern,Shanghai,Shanghai,Shanghai Botanical Garden,Park,7,31.14861111,121.4372222,16.35833342,977,60.59,1976,"Passer montanus (Linnaeus, 1758)",Passeridae,Passer,montanus,Species,R,Whole year,240,Paper,"Ye X (2016) The effects of urban landscape pattern on bird community structure. (Master's thesis). Available from China Integrated Knowledge Resources database. (UDC, 10269).","叶辛. (2016) 城市景观格局对鸟类群落结构的作用机制. (硕士论文, 华东师范大学)."
389,Eastern,Shanghai,Shanghai,Shanghai Botanical Garden,Park,7,31.14861111,121.4372222,16.35833342,977,60.59,1976,"Carduelis sinica (Linnaeus, 1766)",Fringillidae,Carduelis,sinica,Species,R,Whole year,240,Paper,"Ye X (2016) The effects of urban landscape pattern on bird community structure. (Master's thesis). Available from China Integrated Knowledge Resources database. (UDC, 10269).","叶辛. (2016) 城市景观格局对鸟类群落结构的作用机制. (硕士论文, 华东师范大学)."
389,Eastern,Shanghai,Shanghai,Shanghai Botanical Garden,Park,7,31.14861111,121.4372222,16.35833342,977,60.59,1976,"Eophona personata (Temminck & Schlegel, 1848)",Fringillidae,Eophona,personata,Species,M,Whole year,240,Paper,"Ye X (2016) The effects of urban landscape pattern on bird community structure. (Master's thesis). Available from China Integrated Knowledge Resources database. (UDC, 10269).","叶辛. (2016) 城市景观格局对鸟类群落结构的作用机制. (硕士论文, 华东师范大学)."
390,Eastern,Shanghai,Shanghai,Shanghai Century Park,Park,5,31.21777778,121.5436111,16.32916669,1030,145.39,1996,"Tachybaptus ruficollis (Pallas, 1764)",Podicipedidae,Tachybaptus,ruficollis,Species,R,Whole year,240,Paper,"Ye X (2016) The effects of urban landscape pattern on bird community structure. (Master's thesis). Available from China Integrated Knowledge Resources database. (UDC, 10269).","叶辛. (2016) 城市景观格局对鸟类群落结构的作用机制. (硕士论文, 华东师范大学)."
390,Eastern,Shanghai,Shanghai,Shanghai Century Park,Park,5,31.21777778,121.5436111,16.32916669,1030,145.39,1996,"Egretta garzetta (Linnaeus, 1766)",Ardeidae,Egretta,garzetta,Species,M,Whole year,240,Paper,"Ye X (2016) The effects of urban landscape pattern on bird community structure. (Master's thesis). Available from China Integrated Knowledge Resources database. (UDC, 10269).","叶辛. (2016) 城市景观格局对鸟类群落结构的作用机制. (硕士论文, 华东师范大学)."
390,Eastern,Shanghai,Shanghai,Shanghai Century Park,Park,5,31.21777778,121.5436111,16.32916669,1030,145.39,1996,"Ardeola bacchus (Bonaparte, 1855)",Ardeidae,Ardeola,bacchus,Species,M,Whole year,240,Paper,"Ye X (2016) The effects of urban landscape pattern on bird community structure. (Master's thesis). Available from China Integrated Knowledge Resources database. (UDC, 10269).","叶辛. (2016) 城市景观格局对鸟类群落结构的作用机制. (硕士论文, 华东师范大学)."
390,Eastern,Shanghai,Shanghai,Shanghai Century Park,Park,5,31.21777778,121.5436111,16.32916669,1030,145.39,1996,"Nycticorax nycticorax (Linnaeus, 1758)",Ardeidae,Nycticorax,nycticorax,Species,R,Whole year,240,Paper,"Ye X (2016) The effects of urban landscape pattern on bird community structure. (Master's thesis). Available from China Integrated Knowledge Resources database. (UDC, 10269).","叶辛. (2016) 城市景观格局对鸟类群落结构的作用机制. (硕士论文, 华东师范大学)."
390,Eastern,Shanghai,Shanghai,Shanghai Century Park,Park,5,31.21777778,121.5436111,16.32916669,1030,145.39,1996,"Gallinula chloropus (Linnaeus, 1758)",Rallidae,Gallinula,chloropus,Species,R,Whole year,240,Paper,"Ye X (2016) The effects of urban landscape pattern on bird community structure. (Master's thesis). Available from China Integrated Knowledge Resources database. (UDC, 10269).","叶辛. (2016) 城市景观格局对鸟类群落结构的作用机制. (硕士论文, 华东师范大学)."
390,Eastern,Shanghai,Shanghai,Shanghai Century Park,Park,5,31.21777778,121.5436111,16.32916669,1030,145.39,1996,"Stigmatopelia chinensis (Scopoli, 1768)",Columbidae,Stigmatopelia,chinensis,Species,R,Whole year,240,Paper,"Ye X (2016) The effects of urban landscape pattern on bird community structure. (Master's thesis). Available from China Integrated Knowledge Resources database. (UDC, 10269).","叶辛. (2016) 城市景观格局对鸟类群落结构的作用机制. (硕士论文, 华东师范大学)."
390,Eastern,Shanghai,Shanghai,Shanghai Century Park,Park,5,31.21777778,121.5436111,16.32916669,1030,145.39,1996,"Alcedo atthis (Linnaeus, 1758)",Alcedinidae,Alcedo,atthis,Species,R,Whole year,240,Paper,"Ye X (2016) The effects of urban landscape pattern on bird community structure. (Master's thesis). Available from China Integrated Knowledge Resources database. (UDC, 10269).","叶辛. (2016) 城市景观格局对鸟类群落结构的作用机制. (硕士论文, 华东师范大学)."
390,Eastern,Shanghai,Shanghai,Shanghai Century Park,Park,5,31.21777778,121.5436111,16.32916669,1030,145.39,1996,"Parus major (Linnaeus, 1758)",Paridae,Parus,major,Species,R,Whole year,240,Paper,"Ye X (2016) The effects of urban landscape pattern on bird community structure. (Master's thesis). Available from China Integrated Knowledge Resources database. (UDC, 10269).","叶辛. (2016) 城市景观格局对鸟类群落结构的作用机制. (硕士论文, 华东师范大学)."
390,Eastern,Shanghai,Shanghai,Shanghai Century Park,Park,5,31.21777778,121.5436111,16.32916669,1030,145.39,1996,"Hirundo rustica (Linnaeus, 1758)",Laridae,Hirundo,rustica,Species,M,Whole year,240,Paper,"Ye X (2016) The effects of urban landscape pattern on bird community structure. (Master's thesis). Available from China Integrated Knowledge Resources database. (UDC, 10269).","叶辛. (2016) 城市景观格局对鸟类群落结构的作用机制. (硕士论文, 华东师范大学)."
390,Eastern,Shanghai,Shanghai,Shanghai Century Park,Park,5,31.21777778,121.5436111,16.32916669,1030,145.39,1996,"Motacilla alba (Linnaeus, 1758)",Motacillidae,Motacilla,alba,Species,M,Whole year,240,Paper,"Ye X (2016) The effects of urban landscape pattern on bird community structure. (Master's thesis). Available from China Integrated Knowledge Resources database. (UDC, 10269).","叶辛. (2016) 城市景观格局对鸟类群落结构的作用机制. (硕士论文, 华东师范大学)."
390,Eastern,Shanghai,Shanghai,Shanghai Century Park,Park,5,31.21777778,121.5436111,16.32916669,1030,145.39,1996,"Anthus hodgsoni (Richmond, 1907)",Motacillidae,Anthus,hodgsoni,Species,M,Whole year,240,Paper,"Ye X (2016) The effects of urban landscape pattern on bird community structure. (Master's thesis). Available from China Integrated Knowledge Resources database. (UDC, 10269).","叶辛. (2016) 城市景观格局对鸟类群落结构的作用机制. (硕士论文, 华东师范大学)."
390,Eastern,Shanghai,Shanghai,Shanghai Century Park,Park,5,31.21777778,121.5436111,16.32916669,1030,145.39,1996,"Pycnonotus sinensis (Gmelin, 1789)",Pycnonotidae,Pycnonotus,sinensis,Species,R,Whole year,240,Paper,"Ye X (2016) The effects of urban landscape pattern on bird community structure. (Master's thesis). Available from China Integrated Knowledge Resources database. (UDC, 10269).","叶辛. (2016) 城市景观格局对鸟类群落结构的作用机制. (硕士论文, 华东师范大学)."
390,Eastern,Shanghai,Shanghai,Shanghai Century Park,Park,5,31.21777778,121.5436111,16.32916669,1030,145.39,1996,"Lanius schach (Linnaeus, 1758)",Laniidae,Lanius,schach,Species,R,Whole year,240,Paper,"Ye X (2016) The effects of urban landscape pattern on bird community structure. (Master's thesis). Available from China Integrated Knowledge Resources database. (UDC, 10269).","叶辛. (2016) 城市景观格局对鸟类群落结构的作用机制. (硕士论文, 华东师范大学)."
390,Eastern,Shanghai,Shanghai,Shanghai Century Park,Park,5,31.21777778,121.5436111,16.32916669,1030,145.39,1996,"Acridotheres cristatellus (Linnaeus, 1758)",Sturnidae,Acridotheres,cristatellus,Species,R,Whole year,240,Paper,"Ye X (2016) The effects of urban landscape pattern on bird community structure. (Master's thesis). Available from China Integrated Knowledge Resources database. (UDC, 10269).","叶辛. (2016) 城市景观格局对鸟类群落结构的作用机制. (硕士论文, 华东师范大学)."
390,Eastern,Shanghai,Shanghai,Shanghai Century Park,Park,5,31.21777778,121.5436111,16.32916669,1030,145.39,1996,"Sturnus sericeus (Gmelin, 1789)",Sturnidae,Sturnus,sericeus,Species,R,Whole year,240,Paper,"Ye X (2016) The effects of urban landscape pattern on bird community structure. (Master's thesis). Available from China Integrated Knowledge Resources database. (UDC, 10269).","叶辛. (2016) 城市景观格局对鸟类群落结构的作用机制. (硕士论文, 华东师范大学)."
390,Eastern,Shanghai,Shanghai,Shanghai Century Park,Park,5,31.21777778,121.5436111,16.32916669,1030,145.39,1996,"Sturnus cineraceus (Temminck, 1835)",Sturnidae,Sturnus,cineraceus,Species,M,Whole year,240,Paper,"Ye X (2016) The effects of urban landscape pattern on bird community structure. (Master's thesis). Available from China Integrated Knowledge Resources database. (UDC, 10269).","叶辛. (2016) 城市景观格局对鸟类群落结构的作用机制. (硕士论文, 华东师范大学)."
390,Eastern,Shanghai,Shanghai,Shanghai Century Park,Park,5,31.21777778,121.5436111,16.32916669,1030,145.39,1996,"Pica pica (Linnaeus, 1758)",Corvidae,Pica,pica,Species,R,Whole year,240,Paper,"Ye X (2016) The effects of urban landscape pattern on bird community structure. (Master's thesis). Available from China Integrated Knowledge Resources database. (UDC, 10269).","叶辛. (2016) 城市景观格局对鸟类群落结构的作用机制. (硕士论文, 华东师范大学)."
390,Eastern,Shanghai,Shanghai,Shanghai Century Park,Park,5,31.21777778,121.5436111,16.32916669,1030,145.39,1996,"Cyanopica cyanus (Pallas, 1776)",Corvidae,Cyanopica,cyanus,Species,R,Whole year,240,Paper,"Ye X (2016) The effects of urban landscape pattern on bird community structure. (Master's thesis). Available from China Integrated Knowledge Resources database. (UDC, 10269).","叶辛. (2016) 城市景观格局对鸟类群落结构的作用机制. (硕士论文, 华东师范大学)."
390,Eastern,Shanghai,Shanghai,Shanghai Century Park,Park,5,31.21777778,121.5436111,16.32916669,1030,145.39,1996,"Tarsiger cyanurus (Pallas, 1773)",Muscicapidae,Tarsiger,cyanurus,Species,M,Whole year,240,Paper,"Ye X (2016) The effects of urban landscape pattern on bird community structure. (Master's thesis). Available from China Integrated Knowledge Resources database. (UDC, 10269).","叶辛. (2016) 城市景观格局对鸟类群落结构的作用机制. (硕士论文, 华东师范大学)."
390,Eastern,Shanghai,Shanghai,Shanghai Century Park,Park,5,31.21777778,121.5436111,16.32916669,1030,145.39,1996,"Phoenicurus auroreus (Pallas, 1776)",Muscicapidae,Phoenicurus,auroreus,Species,M,Whole year,240,Paper,"Ye X (2016) The effects of urban landscape pattern on bird community structure. (Master's thesis). Available from China Integrated Knowledge Resources database. (UDC, 10269).","叶辛. (2016) 城市景观格局对鸟类群落结构的作用机制. (硕士论文, 华东师范大学)."
390,Eastern,Shanghai,Shanghai,Shanghai Century Park,Park,5,31.21777778,121.5436111,16.32916669,1030,145.39,1996,"Turdus hortulorum (P.L.Sclater, 1863)",Turdidae,Turdus,hortulorum,Species,M,Whole year,240,Paper,"Ye X (2016) The effects of urban landscape pattern on bird community structure. (Master's thesis). Available from China Integrated Knowledge Resources database. (UDC, 10269).","叶辛. (2016) 城市景观格局对鸟类群落结构的作用机制. (硕士论文, 华东师范大学)."
390,Eastern,Shanghai,Shanghai,Shanghai Century Park,Park,5,31.21777778,121.5436111,16.32916669,1030,145.39,1996,"Turdus merula (Linnaeus, 1758)",Turdidae,Turdus,merula,Species,R,Whole year,240,Paper,"Ye X (2016) The effects of urban landscape pattern on bird community structure. (Master's thesis). Available from China Integrated Knowledge Resources database. (UDC, 10269).","叶辛. (2016) 城市景观格局对鸟类群落结构的作用机制. (硕士论文, 华东师范大学)."
390,Eastern,Shanghai,Shanghai,Shanghai Century Park,Park,5,31.21777778,121.5436111,16.32916669,1030,145.39,1996,"Turdus pallidus (Gmelin, 1789)",Turdidae,Turdus,pallidus,Species,M,Whole year,240,Paper,"Ye X (2016) The effects of urban landscape pattern on bird community structure. (Master's thesis). Available from China Integrated Knowledge Resources database. (UDC, 10269).","叶辛. (2016) 城市景观格局对鸟类群落结构的作用机制. (硕士论文, 华东师范大学)."
390,Eastern,Shanghai,Shanghai,Shanghai Century Park,Park,5,31.21777778,121.5436111,16.32916669,1030,145.39,1996,"Turdus naumanni (Temminck, 1820)",Turdidae,Turdus,naumanni,Species,M,Whole year,240,Paper,"Ye X (2016) The effects of urban landscape pattern on bird community structure. (Master's thesis). Available from China Integrated Knowledge Resources database. (UDC, 10269).","叶辛. (2016) 城市景观格局对鸟类群落结构的作用机制. (硕士论文, 华东师范大学)."
390,Eastern,Shanghai,Shanghai,Shanghai Century Park,Park,5,31.21777778,121.5436111,16.32916669,1030,145.39,1996,"Paradoxornis webbianus (Gould, 1852)",Paradoxornithidae,Paradoxornis,webbianus,Species,R,Whole year,240,Paper,"Ye X (2016) The effects of urban landscape pattern on bird community structure. (Master's thesis). Available from China Integrated Knowledge Resources database. (UDC, 10269).","叶辛. (2016) 城市景观格局对鸟类群落结构的作用机制. (硕士论文, 华东师范大学)."
390,Eastern,Shanghai,Shanghai,Shanghai Century Park,Park,5,31.21777778,121.5436111,16.32916669,1030,145.39,1996,"Phylloscopus proregulus (Pallas, 1811)",Phylloscopidae,Phylloscopus,proregulus,Species,M,Whole year,240,Paper,"Ye X (2016) The effects of urban landscape pattern on bird community structure. (Master's thesis). Available from China Integrated Knowledge Resources database. (UDC, 10269).","叶辛. (2016) 城市景观格局对鸟类群落结构的作用机制. (硕士论文, 华东师范大学)."
390,Eastern,Shanghai,Shanghai,Shanghai Century Park,Park,5,31.21777778,121.5436111,16.32916669,1030,145.39,1996,"Phylloscopus inornatus (Blyth, 1842)",Phylloscopidae,Phylloscopus,inornatus,Species,M,Whole year,240,Paper,"Ye X (2016) The effects of urban landscape pattern on bird community structure. (Master's thesis). Available from China Integrated Knowledge Resources database. (UDC, 10269).","叶辛. (2016) 城市景观格局对鸟类群落结构的作用机制. (硕士论文, 华东师范大学)."
390,Eastern,Shanghai,Shanghai,Shanghai Century Park,Park,5,31.21777778,121.5436111,16.32916669,1030,145.39,1996,"Passer montanus (Linnaeus, 1758)",Passeridae,Passer,montanus,Species,R,Whole year,240,Paper,"Ye X (2016) The effects of urban landscape pattern on bird community structure. (Master's thesis). Available from China Integrated Knowledge Resources database. (UDC, 10269).","叶辛. (2016) 城市景观格局对鸟类群落结构的作用机制. (硕士论文, 华东师范大学)."
390,Eastern,Shanghai,Shanghai,Shanghai Century Park,Park,5,31.21777778,121.5436111,16.32916669,1030,145.39,1996,"Eophona personata (Temminck & Schlegel, 1848)",Fringillidae,Eophona,personata,Species,M,Whole year,240,Paper,"Ye X (2016) The effects of urban landscape pattern on bird community structure. (Master's thesis). Available from China Integrated Knowledge Resources database. (UDC, 10269).","叶辛. (2016) 城市景观格局对鸟类群落结构的作用机制. (硕士论文, 华东师范大学)."
390,Eastern,Shanghai,Shanghai,Shanghai Century Park,Park,5,31.21777778,121.5436111,16.32916669,1030,145.39,1996,"Emberiza spodocephala (Pallas, 1776)",Emberizidae,Emberiza,spodocephala,Species,M,Whole year,240,Paper,"Ye X (2016) The effects of urban landscape pattern on bird community structure. (Master's thesis). Available from China Integrated Knowledge Resources database. (UDC, 10269).","叶辛. (2016) 城市景观格局对鸟类群落结构的作用机制. (硕士论文, 华东师范大学)."
391,Eastern,Shanghai,Shanghai,Shanghai Chenshan Botanical Garden,Park,4,31.07388889,121.2163889,16.08333333,947,129.85,2007,"Tachybaptus ruficollis (Pallas, 1764)",Podicipedidae,Tachybaptus,ruficollis,Species,R,Whole year,240,Paper,"Ye X (2016) The effects of urban landscape pattern on bird community structure. (Master's thesis). Available from China Integrated Knowledge Resources database. (UDC, 10269).","叶辛. (2016) 城市景观格局对鸟类群落结构的作用机制. (硕士论文, 华东师范大学)."
391,Eastern,Shanghai,Shanghai,Shanghai Chenshan Botanical Garden,Park,4,31.07388889,121.2163889,16.08333333,947,129.85,2007,"Mesophoyx intermedia (Wagler, 1829)",Ardeidae,Mesophoyx,intermedia,Species,M,Whole year,240,Paper,"Ye X (2016) The effects of urban landscape pattern on bird community structure. (Master's thesis). Available from China Integrated Knowledge Resources database. (UDC, 10269).","叶辛. (2016) 城市景观格局对鸟类群落结构的作用机制. (硕士论文, 华东师范大学)."
391,Eastern,Shanghai,Shanghai,Shanghai Chenshan Botanical Garden,Park,4,31.07388889,121.2163889,16.08333333,947,129.85,2007,"Egretta garzetta (Linnaeus, 1766)",Ardeidae,Egretta,garzetta,Species,M,Whole year,240,Paper,"Ye X (2016) The effects of urban landscape pattern on bird community structure. (Master's thesis). Available from China Integrated Knowledge Resources database. (UDC, 10269).","叶辛. (2016) 城市景观格局对鸟类群落结构的作用机制. (硕士论文, 华东师范大学)."
391,Eastern,Shanghai,Shanghai,Shanghai Chenshan Botanical Garden,Park,4,31.07388889,121.2163889,16.08333333,947,129.85,2007,"Bubulcus ibis (Linnaeus, 1758)",Ardeidae,Bubulcus,ibis,Species,M,Whole year,240,Paper,"Ye X (2016) The effects of urban landscape pattern on bird community structure. (Master's thesis). Available from China Integrated Knowledge Resources database. (UDC, 10269).","叶辛. (2016) 城市景观格局对鸟类群落结构的作用机制. (硕士论文, 华东师范大学)."
391,Eastern,Shanghai,Shanghai,Shanghai Chenshan Botanical Garden,Park,4,31.07388889,121.2163889,16.08333333,947,129.85,2007,"Ardeola bacchus (Bonaparte, 1855)",Ardeidae,Ardeola,bacchus,Species,M,Whole year,240,Paper,"Ye X (2016) The effects of urban landscape pattern on bird community structure. (Master's thesis). Available from China Integrated Knowledge Resources database. (UDC, 10269).","叶辛. (2016) 城市景观格局对鸟类群落结构的作用机制. (硕士论文, 华东师范大学)."
391,Eastern,Shanghai,Shanghai,Shanghai Chenshan Botanical Garden,Park,4,31.07388889,121.2163889,16.08333333,947,129.85,2007,"Nycticorax nycticorax (Linnaeus, 1758)",Ardeidae,Nycticorax,nycticorax,Species,R,Whole year,240,Paper,"Ye X (2016) The effects of urban landscape pattern on bird community structure. (Master's thesis). Available from China Integrated Knowledge Resources database. (UDC, 10269).","叶辛. (2016) 城市景观格局对鸟类群落结构的作用机制. (硕士论文, 华东师范大学)."
391,Eastern,Shanghai,Shanghai,Shanghai Chenshan Botanical Garden,Park,4,31.07388889,121.2163889,16.08333333,947,129.85,2007,"Falco subbuteo (Linnaeus, 1758)",Falconidae,Falco,subbuteo,Species,M,Whole year,240,Paper,"Ye X (2016) The effects of urban landscape pattern on bird community structure. (Master's thesis). Available from China Integrated Knowledge Resources database. (UDC, 10269).","叶辛. (2016) 城市景观格局对鸟类群落结构的作用机制. (硕士论文, 华东师范大学)."
391,Eastern,Shanghai,Shanghai,Shanghai Chenshan Botanical Garden,Park,4,31.07388889,121.2163889,16.08333333,947,129.85,2007,"Phasianus colchicus (Linnaeus, 1758)",Jacanidae,Phasianus,colchicus,Species,R,Whole year,240,Paper,"Ye X (2016) The effects of urban landscape pattern on bird community structure. (Master's thesis). Available from China Integrated Knowledge Resources database. (UDC, 10269).","叶辛. (2016) 城市景观格局对鸟类群落结构的作用机制. (硕士论文, 华东师范大学)."
391,Eastern,Shanghai,Shanghai,Shanghai Chenshan Botanical Garden,Park,4,31.07388889,121.2163889,16.08333333,947,129.85,2007,"Gallinula chloropus (Linnaeus, 1758)",Rallidae,Gallinula,chloropus,Species,R,Whole year,240,Paper,"Ye X (2016) The effects of urban landscape pattern on bird community structure. (Master's thesis). Available from China Integrated Knowledge Resources database. (UDC, 10269).","叶辛. (2016) 城市景观格局对鸟类群落结构的作用机制. (硕士论文, 华东师范大学)."
391,Eastern,Shanghai,Shanghai,Shanghai Chenshan Botanical Garden,Park,4,31.07388889,121.2163889,16.08333333,947,129.85,2007,"Actitis hypoleucos (Linnaeus, 1758)",Scolopacidae,Actitis,hypoleucos,Species,R,Whole year,240,Paper,"Ye X (2016) The effects of urban landscape pattern on bird community structure. (Master's thesis). Available from China Integrated Knowledge Resources database. (UDC, 10269).","叶辛. (2016) 城市景观格局对鸟类群落结构的作用机制. (硕士论文, 华东师范大学)."
391,Eastern,Shanghai,Shanghai,Shanghai Chenshan Botanical Garden,Park,4,31.07388889,121.2163889,16.08333333,947,129.85,2007,"Streptopelia orientalis (Latham, 1790)",Columbidae,Streptopelia,orientalis,Species,R,Whole year,240,Paper,"Ye X (2016) The effects of urban landscape pattern on bird community structure. (Master's thesis). Available from China Integrated Knowledge Resources database. (UDC, 10269).","叶辛. (2016) 城市景观格局对鸟类群落结构的作用机制. (硕士论文, 华东师范大学)."
391,Eastern,Shanghai,Shanghai,Shanghai Chenshan Botanical Garden,Park,4,31.07388889,121.2163889,16.08333333,947,129.85,2007,"Stigmatopelia chinensis (Scopoli, 1768)",Columbidae,Stigmatopelia,chinensis,Species,R,Whole year,240,Paper,"Ye X (2016) The effects of urban landscape pattern on bird community structure. (Master's thesis). Available from China Integrated Knowledge Resources database. (UDC, 10269).","叶辛. (2016) 城市景观格局对鸟类群落结构的作用机制. (硕士论文, 华东师范大学)."
391,Eastern,Shanghai,Shanghai,Shanghai Chenshan Botanical Garden,Park,4,31.07388889,121.2163889,16.08333333,947,129.85,2007,"Alcedo atthis (Linnaeus, 1758)",Alcedinidae,Alcedo,atthis,Species,R,Whole year,240,Paper,"Ye X (2016) The effects of urban landscape pattern on bird community structure. (Master's thesis). Available from China Integrated Knowledge Resources database. (UDC, 10269).","叶辛. (2016) 城市景观格局对鸟类群落结构的作用机制. (硕士论文, 华东师范大学)."
391,Eastern,Shanghai,Shanghai,Shanghai Chenshan Botanical Garden,Park,4,31.07388889,121.2163889,16.08333333,947,129.85,2007,"Upupa epops (Linnaeus, 1758)",Upupidae,Upupa,epops,Species,M,Whole year,240,Paper,"Ye X (2016) The effects of urban landscape pattern on bird community structure. (Master's thesis). Available from China Integrated Knowledge Resources database. (UDC, 10269).","叶辛. (2016) 城市景观格局对鸟类群落结构的作用机制. (硕士论文, 华东师范大学)."
391,Eastern,Shanghai,Shanghai,Shanghai Chenshan Botanical Garden,Park,4,31.07388889,121.2163889,16.08333333,947,129.85,2007,"Parus major (Linnaeus, 1758)",Paridae,Parus,major,Species,R,Whole year,240,Paper,"Ye X (2016) The effects of urban landscape pattern on bird community structure. (Master's thesis). Available from China Integrated Knowledge Resources database. (UDC, 10269).","叶辛. (2016) 城市景观格局对鸟类群落结构的作用机制. (硕士论文, 华东师范大学)."
391,Eastern,Shanghai,Shanghai,Shanghai Chenshan Botanical Garden,Park,4,31.07388889,121.2163889,16.08333333,947,129.85,2007,"Hirundo rustica (Linnaeus, 1758)",Laridae,Hirundo,rustica,Species,M,Whole year,240,Paper,"Ye X (2016) The effects of urban landscape pattern on bird community structure. (Master's thesis). Available from China Integrated Knowledge Resources database. (UDC, 10269).","叶辛. (2016) 城市景观格局对鸟类群落结构的作用机制. (硕士论文, 华东师范大学)."
391,Eastern,Shanghai,Shanghai,Shanghai Chenshan Botanical Garden,Park,4,31.07388889,121.2163889,16.08333333,947,129.85,2007,"Hirundo daurica (Laxmann, 1769)",Laridae,Hirundo,daurica,Species,M,Whole year,240,Paper,"Ye X (2016) The effects of urban landscape pattern on bird community structure. (Master's thesis). Available from China Integrated Knowledge Resources database. (UDC, 10269).","叶辛. (2016) 城市景观格局对鸟类群落结构的作用机制. (硕士论文, 华东师范大学)."
391,Eastern,Shanghai,Shanghai,Shanghai Chenshan Botanical Garden,Park,4,31.07388889,121.2163889,16.08333333,947,129.85,2007,"Motacilla alba (Linnaeus, 1758)",Motacillidae,Motacilla,alba,Species,M,Whole year,240,Paper,"Ye X (2016) The effects of urban landscape pattern on bird community structure. (Master's thesis). Available from China Integrated Knowledge Resources database. (UDC, 10269).","叶辛. (2016) 城市景观格局对鸟类群落结构的作用机制. (硕士论文, 华东师范大学)."
391,Eastern,Shanghai,Shanghai,Shanghai Chenshan Botanical Garden,Park,4,31.07388889,121.2163889,16.08333333,947,129.85,2007,"Anthus hodgsoni (Richmond, 1907)",Motacillidae,Anthus,hodgsoni,Species,M,Whole year,240,Paper,"Ye X (2016) The effects of urban landscape pattern on bird community structure. (Master's thesis). Available from China Integrated Knowledge Resources database. (UDC, 10269).","叶辛. (2016) 城市景观格局对鸟类群落结构的作用机制. (硕士论文, 华东师范大学)."
391,Eastern,Shanghai,Shanghai,Shanghai Chenshan Botanical Garden,Park,4,31.07388889,121.2163889,16.08333333,947,129.85,2007,"Pycnonotus sinensis (Gmelin, 1789)",Pycnonotidae,Pycnonotus,sinensis,Species,R,Whole year,240,Paper,"Ye X (2016) The effects of urban landscape pattern on bird community structure. (Master's thesis). Available from China Integrated Knowledge Resources database. (UDC, 10269).","叶辛. (2016) 城市景观格局对鸟类群落结构的作用机制. (硕士论文, 华东师范大学)."
391,Eastern,Shanghai,Shanghai,Shanghai Chenshan Botanical Garden,Park,4,31.07388889,121.2163889,16.08333333,947,129.85,2007,"Lanius schach (Linnaeus, 1758)",Laniidae,Lanius,schach,Species,R,Whole year,240,Paper,"Ye X (2016) The effects of urban landscape pattern on bird community structure. (Master's thesis). Available from China Integrated Knowledge Resources database. (UDC, 10269).","叶辛. (2016) 城市景观格局对鸟类群落结构的作用机制. (硕士论文, 华东师范大学)."
391,Eastern,Shanghai,Shanghai,Shanghai Chenshan Botanical Garden,Park,4,31.07388889,121.2163889,16.08333333,947,129.85,2007,"Lanius cristatus (Linnaeus, 1758)",Laniidae,Lanius,cristatus,Species,M,Whole year,240,Paper,"Ye X (2016) The effects of urban landscape pattern on bird community structure. (Master's thesis). Available from China Integrated Knowledge Resources database. (UDC, 10269).","叶辛. (2016) 城市景观格局对鸟类群落结构的作用机制. (硕士论文, 华东师范大学)."
391,Eastern,Shanghai,Shanghai,Shanghai Chenshan Botanical Garden,Park,4,31.07388889,121.2163889,16.08333333,947,129.85,2007,"Oriolus chinensis (Linnaeus, 1766)",Oriolidae,Oriolus,chinensis,Species,M,Whole year,240,Paper,"Ye X (2016) The effects of urban landscape pattern on bird community structure. (Master's thesis). Available from China Integrated Knowledge Resources database. (UDC, 10269).","叶辛. (2016) 城市景观格局对鸟类群落结构的作用机制. (硕士论文, 华东师范大学)."
391,Eastern,Shanghai,Shanghai,Shanghai Chenshan Botanical Garden,Park,4,31.07388889,121.2163889,16.08333333,947,129.85,2007,"Acridotheres cristatellus (Linnaeus, 1758)",Sturnidae,Acridotheres,cristatellus,Species,R,Whole year,240,Paper,"Ye X (2016) The effects of urban landscape pattern on bird community structure. (Master's thesis). Available from China Integrated Knowledge Resources database. (UDC, 10269).","叶辛. (2016) 城市景观格局对鸟类群落结构的作用机制. (硕士论文, 华东师范大学)."
391,Eastern,Shanghai,Shanghai,Shanghai Chenshan Botanical Garden,Park,4,31.07388889,121.2163889,16.08333333,947,129.85,2007,"Sturnus cineraceus (Temminck, 1835)",Sturnidae,Sturnus,cineraceus,Species,M,Whole year,240,Paper,"Ye X (2016) The effects of urban landscape pattern on bird community structure. (Master's thesis). Available from China Integrated Knowledge Resources database. (UDC, 10269).","叶辛. (2016) 城市景观格局对鸟类群落结构的作用机制. (硕士论文, 华东师范大学)."
391,Eastern,Shanghai,Shanghai,Shanghai Chenshan Botanical Garden,Park,4,31.07388889,121.2163889,16.08333333,947,129.85,2007,"Phoenicurus auroreus (Pallas, 1776)",Muscicapidae,Phoenicurus,auroreus,Species,M,Whole year,240,Paper,"Ye X (2016) The effects of urban landscape pattern on bird community structure. (Master's thesis). Available from China Integrated Knowledge Resources database. (UDC, 10269).","叶辛. (2016) 城市景观格局对鸟类群落结构的作用机制. (硕士论文, 华东师范大学)."
391,Eastern,Shanghai,Shanghai,Shanghai Chenshan Botanical Garden,Park,4,31.07388889,121.2163889,16.08333333,947,129.85,2007,"Turdus merula (Linnaeus, 1758)",Turdidae,Turdus,merula,Species,R,Whole year,240,Paper,"Ye X (2016) The effects of urban landscape pattern on bird community structure. (Master's thesis). Available from China Integrated Knowledge Resources database. (UDC, 10269).","叶辛. (2016) 城市景观格局对鸟类群落结构的作用机制. (硕士论文, 华东师范大学)."
391,Eastern,Shanghai,Shanghai,Shanghai Chenshan Botanical Garden,Park,4,31.07388889,121.2163889,16.08333333,947,129.85,2007,"Muscicapa dauurica (Pallas, 1811)",Muscicapidae,Muscicapa,dauurica,Species,M,Whole year,240,Paper,"Ye X (2016) The effects of urban landscape pattern on bird community structure. (Master's thesis). Available from China Integrated Knowledge Resources database. (UDC, 10269).","叶辛. (2016) 城市景观格局对鸟类群落结构的作用机制. (硕士论文, 华东师范大学)."
391,Eastern,Shanghai,Shanghai,Shanghai Chenshan Botanical Garden,Park,4,31.07388889,121.2163889,16.08333333,947,129.85,2007,"Muscicapa sibirica (Gmelin, 1789)",Muscicapidae,Muscicapa,sibirica,Species,M,Whole year,240,Paper,"Ye X (2016) The effects of urban landscape pattern on bird community structure. (Master's thesis). Available from China Integrated Knowledge Resources database. (UDC, 10269).","叶辛. (2016) 城市景观格局对鸟类群落结构的作用机制. (硕士论文, 华东师范大学)."
391,Eastern,Shanghai,Shanghai,Shanghai Chenshan Botanical Garden,Park,4,31.07388889,121.2163889,16.08333333,947,129.85,2007,"Paradoxornis webbianus (Gould, 1852)",Paradoxornithidae,Paradoxornis,webbianus,Species,R,Whole year,240,Paper,"Ye X (2016) The effects of urban landscape pattern on bird community structure. (Master's thesis). Available from China Integrated Knowledge Resources database. (UDC, 10269).","叶辛. (2016) 城市景观格局对鸟类群落结构的作用机制. (硕士论文, 华东师范大学)."
391,Eastern,Shanghai,Shanghai,Shanghai Chenshan Botanical Garden,Park,4,31.07388889,121.2163889,16.08333333,947,129.85,2007,"Cisticola juncidis (Rafinesque, 1810)",Cisticolidae,Cisticola,juncidis,Species,R,Whole year,240,Paper,"Ye X (2016) The effects of urban landscape pattern on bird community structure. (Master's thesis). Available from China Integrated Knowledge Resources database. (UDC, 10269).","叶辛. (2016) 城市景观格局对鸟类群落结构的作用机制. (硕士论文, 华东师范大学)."
391,Eastern,Shanghai,Shanghai,Shanghai Chenshan Botanical Garden,Park,4,31.07388889,121.2163889,16.08333333,947,129.85,2007,"Prinia inornata (Sykes, 1832)",Cisticolidae,Prinia,inornata,Species,R,Whole year,240,Paper,"Ye X (2016) The effects of urban landscape pattern on bird community structure. (Master's thesis). Available from China Integrated Knowledge Resources database. (UDC, 10269).","叶辛. (2016) 城市景观格局对鸟类群落结构的作用机制. (硕士论文, 华东师范大学)."
391,Eastern,Shanghai,Shanghai,Shanghai Chenshan Botanical Garden,Park,4,31.07388889,121.2163889,16.08333333,947,129.85,2007,"Zosterops japonicus (Temminck & Schlegel, 1845)",Zosteropidae,Zosterops,japonicus,Species,M,Whole year,240,Paper,"Ye X (2016) The effects of urban landscape pattern on bird community structure. (Master's thesis). Available from China Integrated Knowledge Resources database. (UDC, 10269).","叶辛. (2016) 城市景观格局对鸟类群落结构的作用机制. (硕士论文, 华东师范大学)."
391,Eastern,Shanghai,Shanghai,Shanghai Chenshan Botanical Garden,Park,4,31.07388889,121.2163889,16.08333333,947,129.85,2007,"Phylloscopus inornatus (Blyth, 1842)",Phylloscopidae,Phylloscopus,inornatus,Species,M,Whole year,240,Paper,"Ye X (2016) The effects of urban landscape pattern on bird community structure. (Master's thesis). Available from China Integrated Knowledge Resources database. (UDC, 10269).","叶辛. (2016) 城市景观格局对鸟类群落结构的作用机制. (硕士论文, 华东师范大学)."
391,Eastern,Shanghai,Shanghai,Shanghai Chenshan Botanical Garden,Park,4,31.07388889,121.2163889,16.08333333,947,129.85,2007,"Aegithalos caudatus (Linnaeus, 1758)",Aegithalidae,Aegithalos,caudatus,Species,R,Whole year,240,Paper,"Ye X (2016) The effects of urban landscape pattern on bird community structure. (Master's thesis). Available from China Integrated Knowledge Resources database. (UDC, 10269).","叶辛. (2016) 城市景观格局对鸟类群落结构的作用机制. (硕士论文, 华东师范大学)."
391,Eastern,Shanghai,Shanghai,Shanghai Chenshan Botanical Garden,Park,4,31.07388889,121.2163889,16.08333333,947,129.85,2007,"Passer montanus (Linnaeus, 1758)",Passeridae,Passer,montanus,Species,R,Whole year,240,Paper,"Ye X (2016) The effects of urban landscape pattern on bird community structure. (Master's thesis). Available from China Integrated Knowledge Resources database. (UDC, 10269).","叶辛. (2016) 城市景观格局对鸟类群落结构的作用机制. (硕士论文, 华东师范大学)."
391,Eastern,Shanghai,Shanghai,Shanghai Chenshan Botanical Garden,Park,4,31.07388889,121.2163889,16.08333333,947,129.85,2007,"Fringilla montifringilla (Linnaeus, 1758)",Fringillidae,Fringilla,montifringilla,Species,M,Whole year,240,Paper,"Ye X (2016) The effects of urban landscape pattern on bird community structure. (Master's thesis). Available from China Integrated Knowledge Resources database. (UDC, 10269).","叶辛. (2016) 城市景观格局对鸟类群落结构的作用机制. (硕士论文, 华东师范大学)."
391,Eastern,Shanghai,Shanghai,Shanghai Chenshan Botanical Garden,Park,4,31.07388889,121.2163889,16.08333333,947,129.85,2007,"Carduelis sinica (Linnaeus, 1766)",Fringillidae,Carduelis,sinica,Species,R,Whole year,240,Paper,"Ye X (2016) The effects of urban landscape pattern on bird community structure. (Master's thesis). Available from China Integrated Knowledge Resources database. (UDC, 10269).","叶辛. (2016) 城市景观格局对鸟类群落结构的作用机制. (硕士论文, 华东师范大学)."
391,Eastern,Shanghai,Shanghai,Shanghai Chenshan Botanical Garden,Park,4,31.07388889,121.2163889,16.08333333,947,129.85,2007,"Eophona personata (Temminck & Schlegel, 1848)",Fringillidae,Eophona,personata,Species,M,Whole year,240,Paper,"Ye X (2016) The effects of urban landscape pattern on bird community structure. (Master's thesis). Available from China Integrated Knowledge Resources database. (UDC, 10269).","叶辛. (2016) 城市景观格局对鸟类群落结构的作用机制. (硕士论文, 华东师范大学)."
391,Eastern,Shanghai,Shanghai,Shanghai Chenshan Botanical Garden,Park,4,31.07388889,121.2163889,16.08333333,947,129.85,2007,"Emberiza rustica (Pallas, 1776)",Emberizidae,Emberiza,rustica,Species,M,Whole year,240,Paper,"Ye X (2016) The effects of urban landscape pattern on bird community structure. (Master's thesis). Available from China Integrated Knowledge Resources database. (UDC, 10269).","叶辛. (2016) 城市景观格局对鸟类群落结构的作用机制. (硕士论文, 华东师范大学)."
391,Eastern,Shanghai,Shanghai,Shanghai Chenshan Botanical Garden,Park,4,31.07388889,121.2163889,16.08333333,947,129.85,2007,"Emberiza elegans (Temminck, 1836)",Emberizidae,Emberiza,elegans,Species,M,Whole year,240,Paper,"Ye X (2016) The effects of urban landscape pattern on bird community structure. (Master's thesis). Available from China Integrated Knowledge Resources database. (UDC, 10269).","叶辛. (2016) 城市景观格局对鸟类群落结构的作用机制. (硕士论文, 华东师范大学)."
391,Eastern,Shanghai,Shanghai,Shanghai Chenshan Botanical Garden,Park,4,31.07388889,121.2163889,16.08333333,947,129.85,2007,"Emberiza spodocephala (Pallas, 1776)",Emberizidae,Emberiza,spodocephala,Species,M,Whole year,240,Paper,"Ye X (2016) The effects of urban landscape pattern on bird community structure. (Master's thesis). Available from China Integrated Knowledge Resources database. (UDC, 10269).","叶辛. (2016) 城市景观格局对鸟类群落结构的作用机制. (硕士论文, 华东师范大学)."
392,Eastern,Shanghai,Shanghai,Shanghai Gongqing Forest Park,Park,7,31.32527778,121.5480556,16.38750003,1063,112.79,1982,"Tachybaptus ruficollis (Pallas, 1764)",Podicipedidae,Tachybaptus,ruficollis,Species,R,Whole year,240,Paper,"Ye X (2016) The effects of urban landscape pattern on bird community structure. (Master's thesis). Available from China Integrated Knowledge Resources database. (UDC, 10269).","叶辛. (2016) 城市景观格局对鸟类群落结构的作用机制. (硕士论文, 华东师范大学)."
392,Eastern,Shanghai,Shanghai,Shanghai Gongqing Forest Park,Park,7,31.32527778,121.5480556,16.38750003,1063,112.79,1982,"Egretta garzetta (Linnaeus, 1766)",Ardeidae,Egretta,garzetta,Species,M,Whole year,240,Paper,"Ye X (2016) The effects of urban landscape pattern on bird community structure. (Master's thesis). Available from China Integrated Knowledge Resources database. (UDC, 10269).","叶辛. (2016) 城市景观格局对鸟类群落结构的作用机制. (硕士论文, 华东师范大学)."
392,Eastern,Shanghai,Shanghai,Shanghai Gongqing Forest Park,Park,7,31.32527778,121.5480556,16.38750003,1063,112.79,1982,"Nycticorax nycticorax (Linnaeus, 1758)",Ardeidae,Nycticorax,nycticorax,Species,R,Whole year,240,Paper,"Ye X (2016) The effects of urban landscape pattern on bird community structure. (Master's thesis). Available from China Integrated Knowledge Resources database. (UDC, 10269).","叶辛. (2016) 城市景观格局对鸟类群落结构的作用机制. (硕士论文, 华东师范大学)."
392,Eastern,Shanghai,Shanghai,Shanghai Gongqing Forest Park,Park,7,31.32527778,121.5480556,16.38750003,1063,112.79,1982,"Stigmatopelia chinensis (Scopoli, 1768)",Columbidae,Stigmatopelia,chinensis,Species,R,Whole year,240,Paper,"Ye X (2016) The effects of urban landscape pattern on bird community structure. (Master's thesis). Available from China Integrated Knowledge Resources database. (UDC, 10269).","叶辛. (2016) 城市景观格局对鸟类群落结构的作用机制. (硕士论文, 华东师范大学)."
392,Eastern,Shanghai,Shanghai,Shanghai Gongqing Forest Park,Park,7,31.32527778,121.5480556,16.38750003,1063,112.79,1982,"Parus major (Linnaeus, 1758)",Paridae,Parus,major,Species,R,Whole year,240,Paper,"Ye X (2016) The effects of urban landscape pattern on bird community structure. (Master's thesis). Available from China Integrated Knowledge Resources database. (UDC, 10269).","叶辛. (2016) 城市景观格局对鸟类群落结构的作用机制. (硕士论文, 华东师范大学)."
392,Eastern,Shanghai,Shanghai,Shanghai Gongqing Forest Park,Park,7,31.32527778,121.5480556,16.38750003,1063,112.79,1982,"Hirundo rustica (Linnaeus, 1758)",Laridae,Hirundo,rustica,Species,M,Whole year,240,Paper,"Ye X (2016) The effects of urban landscape pattern on bird community structure. (Master's thesis). Available from China Integrated Knowledge Resources database. (UDC, 10269).","叶辛. (2016) 城市景观格局对鸟类群落结构的作用机制. (硕士论文, 华东师范大学)."
392,Eastern,Shanghai,Shanghai,Shanghai Gongqing Forest Park,Park,7,31.32527778,121.5480556,16.38750003,1063,112.79,1982,"Motacilla alba (Linnaeus, 1758)",Motacillidae,Motacilla,alba,Species,M,Whole year,240,Paper,"Ye X (2016) The effects of urban landscape pattern on bird community structure. (Master's thesis). Available from China Integrated Knowledge Resources database. (UDC, 10269).","叶辛. (2016) 城市景观格局对鸟类群落结构的作用机制. (硕士论文, 华东师范大学)."
392,Eastern,Shanghai,Shanghai,Shanghai Gongqing Forest Park,Park,7,31.32527778,121.5480556,16.38750003,1063,112.79,1982,"Motacilla cinerea (Tunstall, 1771)",Motacillidae,Motacilla,cinerea,Species,M,Whole year,240,Paper,"Ye X (2016) The effects of urban landscape pattern on bird community structure. (Master's thesis). Available from China Integrated Knowledge Resources database. (UDC, 10269).","叶辛. (2016) 城市景观格局对鸟类群落结构的作用机制. (硕士论文, 华东师范大学)."
392,Eastern,Shanghai,Shanghai,Shanghai Gongqing Forest Park,Park,7,31.32527778,121.5480556,16.38750003,1063,112.79,1982,"Anthus hodgsoni (Richmond, 1907)",Motacillidae,Anthus,hodgsoni,Species,M,Whole year,240,Paper,"Ye X (2016) The effects of urban landscape pattern on bird community structure. (Master's thesis). Available from China Integrated Knowledge Resources database. (UDC, 10269).","叶辛. (2016) 城市景观格局对鸟类群落结构的作用机制. (硕士论文, 华东师范大学)."
392,Eastern,Shanghai,Shanghai,Shanghai Gongqing Forest Park,Park,7,31.32527778,121.5480556,16.38750003,1063,112.79,1982,"Pycnonotus sinensis (Gmelin, 1789)",Pycnonotidae,Pycnonotus,sinensis,Species,R,Whole year,240,Paper,"Ye X (2016) The effects of urban landscape pattern on bird community structure. (Master's thesis). Available from China Integrated Knowledge Resources database. (UDC, 10269).","叶辛. (2016) 城市景观格局对鸟类群落结构的作用机制. (硕士论文, 华东师范大学)."
392,Eastern,Shanghai,Shanghai,Shanghai Gongqing Forest Park,Park,7,31.32527778,121.5480556,16.38750003,1063,112.79,1982,"Lanius schach (Linnaeus, 1758)",Laniidae,Lanius,schach,Species,R,Whole year,240,Paper,"Ye X (2016) The effects of urban landscape pattern on bird community structure. (Master's thesis). Available from China Integrated Knowledge Resources database. (UDC, 10269).","叶辛. (2016) 城市景观格局对鸟类群落结构的作用机制. (硕士论文, 华东师范大学)."
392,Eastern,Shanghai,Shanghai,Shanghai Gongqing Forest Park,Park,7,31.32527778,121.5480556,16.38750003,1063,112.79,1982,"Acridotheres cristatellus (Linnaeus, 1758)",Sturnidae,Acridotheres,cristatellus,Species,R,Whole year,240,Paper,"Ye X (2016) The effects of urban landscape pattern on bird community structure. (Master's thesis). Available from China Integrated Knowledge Resources database. (UDC, 10269).","叶辛. (2016) 城市景观格局对鸟类群落结构的作用机制. (硕士论文, 华东师范大学)."
392,Eastern,Shanghai,Shanghai,Shanghai Gongqing Forest Park,Park,7,31.32527778,121.5480556,16.38750003,1063,112.79,1982,"Sturnus sericeus (Gmelin, 1789)",Sturnidae,Sturnus,sericeus,Species,R,Whole year,240,Paper,"Ye X (2016) The effects of urban landscape pattern on bird community structure. (Master's thesis). Available from China Integrated Knowledge Resources database. (UDC, 10269).","叶辛. (2016) 城市景观格局对鸟类群落结构的作用机制. (硕士论文, 华东师范大学)."
392,Eastern,Shanghai,Shanghai,Shanghai Gongqing Forest Park,Park,7,31.32527778,121.5480556,16.38750003,1063,112.79,1982,"Sturnus cineraceus (Temminck, 1835)",Sturnidae,Sturnus,cineraceus,Species,M,Whole year,240,Paper,"Ye X (2016) The effects of urban landscape pattern on bird community structure. (Master's thesis). Available from China Integrated Knowledge Resources database. (UDC, 10269).","叶辛. (2016) 城市景观格局对鸟类群落结构的作用机制. (硕士论文, 华东师范大学)."
392,Eastern,Shanghai,Shanghai,Shanghai Gongqing Forest Park,Park,7,31.32527778,121.5480556,16.38750003,1063,112.79,1982,"Cyanopica cyanus (Pallas, 1776)",Corvidae,Cyanopica,cyanus,Species,R,Whole year,240,Paper,"Ye X (2016) The effects of urban landscape pattern on bird community structure. (Master's thesis). Available from China Integrated Knowledge Resources database. (UDC, 10269).","叶辛. (2016) 城市景观格局对鸟类群落结构的作用机制. (硕士论文, 华东师范大学)."
392,Eastern,Shanghai,Shanghai,Shanghai Gongqing Forest Park,Park,7,31.32527778,121.5480556,16.38750003,1063,112.79,1982,"Urocissa erythrorhyncha (Boddaert, 1783)",Corvidae,Urocissa,erythrorhyncha,Species,M,Whole year,240,Paper,"Ye X (2016) The effects of urban landscape pattern on bird community structure. (Master's thesis). Available from China Integrated Knowledge Resources database. (UDC, 10269).","叶辛. (2016) 城市景观格局对鸟类群落结构的作用机制. (硕士论文, 华东师范大学)."
392,Eastern,Shanghai,Shanghai,Shanghai Gongqing Forest Park,Park,7,31.32527778,121.5480556,16.38750003,1063,112.79,1982,"Tarsiger cyanurus (Pallas, 1773)",Muscicapidae,Tarsiger,cyanurus,Species,M,Whole year,240,Paper,"Ye X (2016) The effects of urban landscape pattern on bird community structure. (Master's thesis). Available from China Integrated Knowledge Resources database. (UDC, 10269).","叶辛. (2016) 城市景观格局对鸟类群落结构的作用机制. (硕士论文, 华东师范大学)."
392,Eastern,Shanghai,Shanghai,Shanghai Gongqing Forest Park,Park,7,31.32527778,121.5480556,16.38750003,1063,112.79,1982,"Phoenicurus auroreus (Pallas, 1776)",Muscicapidae,Phoenicurus,auroreus,Species,M,Whole year,240,Paper,"Ye X (2016) The effects of urban landscape pattern on bird community structure. (Master's thesis). Available from China Integrated Knowledge Resources database. (UDC, 10269).","叶辛. (2016) 城市景观格局对鸟类群落结构的作用机制. (硕士论文, 华东师范大学)."
392,Eastern,Shanghai,Shanghai,Shanghai Gongqing Forest Park,Park,7,31.32527778,121.5480556,16.38750003,1063,112.79,1982,"Zoothera dauma (Latham, 1790)",Turdidae,Zoothera,dauma,Species,M,Whole year,240,Paper,"Ye X (2016) The effects of urban landscape pattern on bird community structure. (Master's thesis). Available from China Integrated Knowledge Resources database. (UDC, 10269).","叶辛. (2016) 城市景观格局对鸟类群落结构的作用机制. (硕士论文, 华东师范大学)."
392,Eastern,Shanghai,Shanghai,Shanghai Gongqing Forest Park,Park,7,31.32527778,121.5480556,16.38750003,1063,112.79,1982,"Turdus merula (Linnaeus, 1758)",Turdidae,Turdus,merula,Species,R,Whole year,240,Paper,"Ye X (2016) The effects of urban landscape pattern on bird community structure. (Master's thesis). Available from China Integrated Knowledge Resources database. (UDC, 10269).","叶辛. (2016) 城市景观格局对鸟类群落结构的作用机制. (硕士论文, 华东师范大学)."
392,Eastern,Shanghai,Shanghai,Shanghai Gongqing Forest Park,Park,7,31.32527778,121.5480556,16.38750003,1063,112.79,1982,"Turdus pallidus (Gmelin, 1789)",Turdidae,Turdus,pallidus,Species,M,Whole year,240,Paper,"Ye X (2016) The effects of urban landscape pattern on bird community structure. (Master's thesis). Available from China Integrated Knowledge Resources database. (UDC, 10269).","叶辛. (2016) 城市景观格局对鸟类群落结构的作用机制. (硕士论文, 华东师范大学)."
392,Eastern,Shanghai,Shanghai,Shanghai Gongqing Forest Park,Park,7,31.32527778,121.5480556,16.38750003,1063,112.79,1982,"Turdus naumanni (Temminck, 1820)",Turdidae,Turdus,naumanni,Species,M,Whole year,240,Paper,"Ye X (2016) The effects of urban landscape pattern on bird community structure. (Master's thesis). Available from China Integrated Knowledge Resources database. (UDC, 10269).","叶辛. (2016) 城市景观格局对鸟类群落结构的作用机制. (硕士论文, 华东师范大学)."
392,Eastern,Shanghai,Shanghai,Shanghai Gongqing Forest Park,Park,7,31.32527778,121.5480556,16.38750003,1063,112.79,1982,"Ficedula mugimaki (Temminck, 1836)",Muscicapidae,Ficedula,mugimaki,Species,M,Whole year,240,Paper,"Ye X (2016) The effects of urban landscape pattern on bird community structure. (Master's thesis). Available from China Integrated Knowledge Resources database. (UDC, 10269).","叶辛. (2016) 城市景观格局对鸟类群落结构的作用机制. (硕士论文, 华东师范大学)."
392,Eastern,Shanghai,Shanghai,Shanghai Gongqing Forest Park,Park,7,31.32527778,121.5480556,16.38750003,1063,112.79,1982,"Paradoxornis webbianus (Gould, 1852)",Paradoxornithidae,Paradoxornis,webbianus,Species,R,Whole year,240,Paper,"Ye X (2016) The effects of urban landscape pattern on bird community structure. (Master's thesis). Available from China Integrated Knowledge Resources database. (UDC, 10269).","叶辛. (2016) 城市景观格局对鸟类群落结构的作用机制. (硕士论文, 华东师范大学)."
392,Eastern,Shanghai,Shanghai,Shanghai Gongqing Forest Park,Park,7,31.32527778,121.5480556,16.38750003,1063,112.79,1982,"Phylloscopus proregulus (Pallas, 1811)",Phylloscopidae,Phylloscopus,proregulus,Species,M,Whole year,240,Paper,"Ye X (2016) The effects of urban landscape pattern on bird community structure. (Master's thesis). Available from China Integrated Knowledge Resources database. (UDC, 10269).","叶辛. (2016) 城市景观格局对鸟类群落结构的作用机制. (硕士论文, 华东师范大学)."
392,Eastern,Shanghai,Shanghai,Shanghai Gongqing Forest Park,Park,7,31.32527778,121.5480556,16.38750003,1063,112.79,1982,"Phylloscopus inornatus (Blyth, 1842)",Phylloscopidae,Phylloscopus,inornatus,Species,M,Whole year,240,Paper,"Ye X (2016) The effects of urban landscape pattern on bird community structure. (Master's thesis). Available from China Integrated Knowledge Resources database. (UDC, 10269).","叶辛. (2016) 城市景观格局对鸟类群落结构的作用机制. (硕士论文, 华东师范大学)."
392,Eastern,Shanghai,Shanghai,Shanghai Gongqing Forest Park,Park,7,31.32527778,121.5480556,16.38750003,1063,112.79,1982,"Regulus regulus (Linnaeus, 1758)",Regulidae,Regulus,regulus,Species,R,Whole year,240,Paper,"Ye X (2016) The effects of urban landscape pattern on bird community structure. (Master's thesis). Available from China Integrated Knowledge Resources database. (UDC, 10269).","叶辛. (2016) 城市景观格局对鸟类群落结构的作用机制. (硕士论文, 华东师范大学)."
392,Eastern,Shanghai,Shanghai,Shanghai Gongqing Forest Park,Park,7,31.32527778,121.5480556,16.38750003,1063,112.79,1982,"Passer montanus (Linnaeus, 1758)",Passeridae,Passer,montanus,Species,R,Whole year,240,Paper,"Ye X (2016) The effects of urban landscape pattern on bird community structure. (Master's thesis). Available from China Integrated Knowledge Resources database. (UDC, 10269).","叶辛. (2016) 城市景观格局对鸟类群落结构的作用机制. (硕士论文, 华东师范大学)."
392,Eastern,Shanghai,Shanghai,Shanghai Gongqing Forest Park,Park,7,31.32527778,121.5480556,16.38750003,1063,112.79,1982,"Lonchura striata (Linnaeus, 1766)",Estrildidae,Lonchura,striata,Species,R,Whole year,240,Paper,"Ye X (2016) The effects of urban landscape pattern on bird community structure. (Master's thesis). Available from China Integrated Knowledge Resources database. (UDC, 10269).","叶辛. (2016) 城市景观格局对鸟类群落结构的作用机制. (硕士论文, 华东师范大学)."
392,Eastern,Shanghai,Shanghai,Shanghai Gongqing Forest Park,Park,7,31.32527778,121.5480556,16.38750003,1063,112.79,1982,"Carduelis spinus (Linnaeus, 1758)",Fringillidae,Carduelis,spinus,Species,M,Whole year,240,Paper,"Ye X (2016) The effects of urban landscape pattern on bird community structure. (Master's thesis). Available from China Integrated Knowledge Resources database. (UDC, 10269).","叶辛. (2016) 城市景观格局对鸟类群落结构的作用机制. (硕士论文, 华东师范大学)."
392,Eastern,Shanghai,Shanghai,Shanghai Gongqing Forest Park,Park,7,31.32527778,121.5480556,16.38750003,1063,112.79,1982,"Eophona personata (Temminck & Schlegel, 1848)",Fringillidae,Eophona,personata,Species,M,Whole year,240,Paper,"Ye X (2016) The effects of urban landscape pattern on bird community structure. (Master's thesis). Available from China Integrated Knowledge Resources database. (UDC, 10269).","叶辛. (2016) 城市景观格局对鸟类群落结构的作用机制. (硕士论文, 华东师范大学)."
392,Eastern,Shanghai,Shanghai,Shanghai Gongqing Forest Park,Park,7,31.32527778,121.5480556,16.38750003,1063,112.79,1982,"Emberiza spodocephala (Pallas, 1776)",Emberizidae,Emberiza,spodocephala,Species,M,Whole year,240,Paper,"Ye X (2016) The effects of urban landscape pattern on bird community structure. (Master's thesis). Available from China Integrated Knowledge Resources database. (UDC, 10269).","叶辛. (2016) 城市景观格局对鸟类群落结构的作用机制. (硕士论文, 华东师范大学)."
393,Eastern,Shanghai,Shanghai,Shanghai Riviera Forest Park,Park,6,31.25,120.5666667,15.77916658,941,125.01,2003,"Tachybaptus ruficollis (Pallas, 1764)",Podicipedidae,Tachybaptus,ruficollis,Species,R,Whole year,240,Paper,"Ye X (2016) The effects of urban landscape pattern on bird community structure. (Master's thesis). Available from China Integrated Knowledge Resources database. (UDC, 10269).","叶辛. (2016) 城市景观格局对鸟类群落结构的作用机制. (硕士论文, 华东师范大学)."
393,Eastern,Shanghai,Shanghai,Shanghai Riviera Forest Park,Park,6,31.25,120.5666667,15.77916658,941,125.01,2003,"Mesophoyx intermedia (Wagler, 1829)",Ardeidae,Mesophoyx,intermedia,Species,M,Whole year,240,Paper,"Ye X (2016) The effects of urban landscape pattern on bird community structure. (Master's thesis). Available from China Integrated Knowledge Resources database. (UDC, 10269).","叶辛. (2016) 城市景观格局对鸟类群落结构的作用机制. (硕士论文, 华东师范大学)."
393,Eastern,Shanghai,Shanghai,Shanghai Riviera Forest Park,Park,6,31.25,120.5666667,15.77916658,941,125.01,2003,"Egretta garzetta (Linnaeus, 1766)",Ardeidae,Egretta,garzetta,Species,M,Whole year,240,Paper,"Ye X (2016) The effects of urban landscape pattern on bird community structure. (Master's thesis). Available from China Integrated Knowledge Resources database. (UDC, 10269).","叶辛. (2016) 城市景观格局对鸟类群落结构的作用机制. (硕士论文, 华东师范大学)."
393,Eastern,Shanghai,Shanghai,Shanghai Riviera Forest Park,Park,6,31.25,120.5666667,15.77916658,941,125.01,2003,"Ardeola bacchus (Bonaparte, 1855)",Ardeidae,Ardeola,bacchus,Species,M,Whole year,240,Paper,"Ye X (2016) The effects of urban landscape pattern on bird community structure. (Master's thesis). Available from China Integrated Knowledge Resources database. (UDC, 10269).","叶辛. (2016) 城市景观格局对鸟类群落结构的作用机制. (硕士论文, 华东师范大学)."
393,Eastern,Shanghai,Shanghai,Shanghai Riviera Forest Park,Park,6,31.25,120.5666667,15.77916658,941,125.01,2003,"Nycticorax nycticorax (Linnaeus, 1758)",Ardeidae,Nycticorax,nycticorax,Species,R,Whole year,240,Paper,"Ye X (2016) The effects of urban landscape pattern on bird community structure. (Master's thesis). Available from China Integrated Knowledge Resources database. (UDC, 10269).","叶辛. (2016) 城市景观格局对鸟类群落结构的作用机制. (硕士论文, 华东师范大学)."
393,Eastern,Shanghai,Shanghai,Shanghai Riviera Forest Park,Park,6,31.25,120.5666667,15.77916658,941,125.01,2003,"Buteo buteo (Linnaeus, 1758)",Accipitridae,Buteo,buteo,Species,M,Whole year,240,Paper,"Ye X (2016) The effects of urban landscape pattern on bird community structure. (Master's thesis). Available from China Integrated Knowledge Resources database. (UDC, 10269).","叶辛. (2016) 城市景观格局对鸟类群落结构的作用机制. (硕士论文, 华东师范大学)."
393,Eastern,Shanghai,Shanghai,Shanghai Riviera Forest Park,Park,6,31.25,120.5666667,15.77916658,941,125.01,2003,"Gallinula chloropus (Linnaeus, 1758)",Rallidae,Gallinula,chloropus,Species,R,Whole year,240,Paper,"Ye X (2016) The effects of urban landscape pattern on bird community structure. (Master's thesis). Available from China Integrated Knowledge Resources database. (UDC, 10269).","叶辛. (2016) 城市景观格局对鸟类群落结构的作用机制. (硕士论文, 华东师范大学)."
393,Eastern,Shanghai,Shanghai,Shanghai Riviera Forest Park,Park,6,31.25,120.5666667,15.77916658,941,125.01,2003,"Amaurornis phoenicurus (Pennant, 1769)",Rallidae,Amaurornis,phoenicurus,Species,M,Whole year,240,Paper,"Ye X (2016) The effects of urban landscape pattern on bird community structure. (Master's thesis). Available from China Integrated Knowledge Resources database. (UDC, 10269).","叶辛. (2016) 城市景观格局对鸟类群落结构的作用机制. (硕士论文, 华东师范大学)."
393,Eastern,Shanghai,Shanghai,Shanghai Riviera Forest Park,Park,6,31.25,120.5666667,15.77916658,941,125.01,2003,"Larus cachinnans (Pallas, 1811)",Laridae,Larus,cachinnans,Species,M,Whole year,240,Paper,"Ye X (2016) The effects of urban landscape pattern on bird community structure. (Master's thesis). Available from China Integrated Knowledge Resources database. (UDC, 10269).","叶辛. (2016) 城市景观格局对鸟类群落结构的作用机制. (硕士论文, 华东师范大学)."
393,Eastern,Shanghai,Shanghai,Shanghai Riviera Forest Park,Park,6,31.25,120.5666667,15.77916658,941,125.01,2003,"Streptopelia orientalis (Latham, 1790)",Columbidae,Streptopelia,orientalis,Species,R,Whole year,240,Paper,"Ye X (2016) The effects of urban landscape pattern on bird community structure. (Master's thesis). Available from China Integrated Knowledge Resources database. (UDC, 10269).","叶辛. (2016) 城市景观格局对鸟类群落结构的作用机制. (硕士论文, 华东师范大学)."
393,Eastern,Shanghai,Shanghai,Shanghai Riviera Forest Park,Park,6,31.25,120.5666667,15.77916658,941,125.01,2003,"Stigmatopelia chinensis (Scopoli, 1768)",Columbidae,Stigmatopelia,chinensis,Species,R,Whole year,240,Paper,"Ye X (2016) The effects of urban landscape pattern on bird community structure. (Master's thesis). Available from China Integrated Knowledge Resources database. (UDC, 10269).","叶辛. (2016) 城市景观格局对鸟类群落结构的作用机制. (硕士论文, 华东师范大学)."
393,Eastern,Shanghai,Shanghai,Shanghai Riviera Forest Park,Park,6,31.25,120.5666667,15.77916658,941,125.01,2003,"Alcedo atthis (Linnaeus, 1758)",Alcedinidae,Alcedo,atthis,Species,R,Whole year,240,Paper,"Ye X (2016) The effects of urban landscape pattern on bird community structure. (Master's thesis). Available from China Integrated Knowledge Resources database. (UDC, 10269).","叶辛. (2016) 城市景观格局对鸟类群落结构的作用机制. (硕士论文, 华东师范大学)."
393,Eastern,Shanghai,Shanghai,Shanghai Riviera Forest Park,Park,6,31.25,120.5666667,15.77916658,941,125.01,2003,"Upupa epops (Linnaeus, 1758)",Upupidae,Upupa,epops,Species,M,Whole year,240,Paper,"Ye X (2016) The effects of urban landscape pattern on bird community structure. (Master's thesis). Available from China Integrated Knowledge Resources database. (UDC, 10269).","叶辛. (2016) 城市景观格局对鸟类群落结构的作用机制. (硕士论文, 华东师范大学)."
393,Eastern,Shanghai,Shanghai,Shanghai Riviera Forest Park,Park,6,31.25,120.5666667,15.77916658,941,125.01,2003,"Dendrocopos major (Linnaeus, 1758)",Picidae,Dendrocopos,major,Species,R,Whole year,240,Paper,"Ye X (2016) The effects of urban landscape pattern on bird community structure. (Master's thesis). Available from China Integrated Knowledge Resources database. (UDC, 10269).","叶辛. (2016) 城市景观格局对鸟类群落结构的作用机制. (硕士论文, 华东师范大学)."
393,Eastern,Shanghai,Shanghai,Shanghai Riviera Forest Park,Park,6,31.25,120.5666667,15.77916658,941,125.01,2003,"Parus major (Linnaeus, 1758)",Paridae,Parus,major,Species,R,Whole year,240,Paper,"Ye X (2016) The effects of urban landscape pattern on bird community structure. (Master's thesis). Available from China Integrated Knowledge Resources database. (UDC, 10269).","叶辛. (2016) 城市景观格局对鸟类群落结构的作用机制. (硕士论文, 华东师范大学)."
393,Eastern,Shanghai,Shanghai,Shanghai Riviera Forest Park,Park,6,31.25,120.5666667,15.77916658,941,125.01,2003,"Hirundo rustica (Linnaeus, 1758)",Laridae,Hirundo,rustica,Species,M,Whole year,240,Paper,"Ye X (2016) The effects of urban landscape pattern on bird community structure. (Master's thesis). Available from China Integrated Knowledge Resources database. (UDC, 10269).","叶辛. (2016) 城市景观格局对鸟类群落结构的作用机制. (硕士论文, 华东师范大学)."
393,Eastern,Shanghai,Shanghai,Shanghai Riviera Forest Park,Park,6,31.25,120.5666667,15.77916658,941,125.01,2003,"Motacilla alba (Linnaeus, 1758)",Motacillidae,Motacilla,alba,Species,M,Whole year,240,Paper,"Ye X (2016) The effects of urban landscape pattern on bird community structure. (Master's thesis). Available from China Integrated Knowledge Resources database. (UDC, 10269).","叶辛. (2016) 城市景观格局对鸟类群落结构的作用机制. (硕士论文, 华东师范大学)."
393,Eastern,Shanghai,Shanghai,Shanghai Riviera Forest Park,Park,6,31.25,120.5666667,15.77916658,941,125.01,2003,"Motacilla cinerea (Tunstall, 1771)",Motacillidae,Motacilla,cinerea,Species,M,Whole year,240,Paper,"Ye X (2016) The effects of urban landscape pattern on bird community structure. (Master's thesis). Available from China Integrated Knowledge Resources database. (UDC, 10269).","叶辛. (2016) 城市景观格局对鸟类群落结构的作用机制. (硕士论文, 华东师范大学)."
393,Eastern,Shanghai,Shanghai,Shanghai Riviera Forest Park,Park,6,31.25,120.5666667,15.77916658,941,125.01,2003,"Dendronanthus indicus (Gmelin, 1789)",Motacillidae,Dendronanthus,indicus,Species,M,Whole year,240,Paper,"Ye X (2016) The effects of urban landscape pattern on bird community structure. (Master's thesis). Available from China Integrated Knowledge Resources database. (UDC, 10269).","叶辛. (2016) 城市景观格局对鸟类群落结构的作用机制. (硕士论文, 华东师范大学)."
393,Eastern,Shanghai,Shanghai,Shanghai Riviera Forest Park,Park,6,31.25,120.5666667,15.77916658,941,125.01,2003,"Anthus hodgsoni (Richmond, 1907)",Motacillidae,Anthus,hodgsoni,Species,M,Whole year,240,Paper,"Ye X (2016) The effects of urban landscape pattern on bird community structure. (Master's thesis). Available from China Integrated Knowledge Resources database. (UDC, 10269).","叶辛. (2016) 城市景观格局对鸟类群落结构的作用机制. (硕士论文, 华东师范大学)."
393,Eastern,Shanghai,Shanghai,Shanghai Riviera Forest Park,Park,6,31.25,120.5666667,15.77916658,941,125.01,2003,"Motacilla flava (Linnaeus, 1758)",Motacillidae,Motacilla,flava,Species,M,Whole year,240,Paper,"Ye X (2016) The effects of urban landscape pattern on bird community structure. (Master's thesis). Available from China Integrated Knowledge Resources database. (UDC, 10269).","叶辛. (2016) 城市景观格局对鸟类群落结构的作用机制. (硕士论文, 华东师范大学)."
393,Eastern,Shanghai,Shanghai,Shanghai Riviera Forest Park,Park,6,31.25,120.5666667,15.77916658,941,125.01,2003,"Pycnonotus sinensis (Gmelin, 1789)",Pycnonotidae,Pycnonotus,sinensis,Species,R,Whole year,240,Paper,"Ye X (2016) The effects of urban landscape pattern on bird community structure. (Master's thesis). Available from China Integrated Knowledge Resources database. (UDC, 10269).","叶辛. (2016) 城市景观格局对鸟类群落结构的作用机制. (硕士论文, 华东师范大学)."
393,Eastern,Shanghai,Shanghai,Shanghai Riviera Forest Park,Park,6,31.25,120.5666667,15.77916658,941,125.01,2003,"Lanius schach (Linnaeus, 1758)",Laniidae,Lanius,schach,Species,R,Whole year,240,Paper,"Ye X (2016) The effects of urban landscape pattern on bird community structure. (Master's thesis). Available from China Integrated Knowledge Resources database. (UDC, 10269).","叶辛. (2016) 城市景观格局对鸟类群落结构的作用机制. (硕士论文, 华东师范大学)."
393,Eastern,Shanghai,Shanghai,Shanghai Riviera Forest Park,Park,6,31.25,120.5666667,15.77916658,941,125.01,2003,"Lanius cristatus (Linnaeus, 1758)",Laniidae,Lanius,cristatus,Species,M,Whole year,240,Paper,"Ye X (2016) The effects of urban landscape pattern on bird community structure. (Master's thesis). Available from China Integrated Knowledge Resources database. (UDC, 10269).","叶辛. (2016) 城市景观格局对鸟类群落结构的作用机制. (硕士论文, 华东师范大学)."
393,Eastern,Shanghai,Shanghai,Shanghai Riviera Forest Park,Park,6,31.25,120.5666667,15.77916658,941,125.01,2003,"Acridotheres cristatellus (Linnaeus, 1758)",Sturnidae,Acridotheres,cristatellus,Species,R,Whole year,240,Paper,"Ye X (2016) The effects of urban landscape pattern on bird community structure. (Master's thesis). Available from China Integrated Knowledge Resources database. (UDC, 10269).","叶辛. (2016) 城市景观格局对鸟类群落结构的作用机制. (硕士论文, 华东师范大学)."
393,Eastern,Shanghai,Shanghai,Shanghai Riviera Forest Park,Park,6,31.25,120.5666667,15.77916658,941,125.01,2003,"Sturnus nigricollis (Paykull, 1807)",Sturnidae,Sturnus,nigricollis,Species,R,Whole year,240,Paper,"Ye X (2016) The effects of urban landscape pattern on bird community structure. (Master's thesis). Available from China Integrated Knowledge Resources database. (UDC, 10269).","叶辛. (2016) 城市景观格局对鸟类群落结构的作用机制. (硕士论文, 华东师范大学)."
393,Eastern,Shanghai,Shanghai,Shanghai Riviera Forest Park,Park,6,31.25,120.5666667,15.77916658,941,125.01,2003,"Sturnus sericeus (Gmelin, 1789)",Sturnidae,Sturnus,sericeus,Species,R,Whole year,240,Paper,"Ye X (2016) The effects of urban landscape pattern on bird community structure. (Master's thesis). Available from China Integrated Knowledge Resources database. (UDC, 10269).","叶辛. (2016) 城市景观格局对鸟类群落结构的作用机制. (硕士论文, 华东师范大学)."
393,Eastern,Shanghai,Shanghai,Shanghai Riviera Forest Park,Park,6,31.25,120.5666667,15.77916658,941,125.01,2003,"Sturnus cineraceus (Temminck, 1835)",Sturnidae,Sturnus,cineraceus,Species,M,Whole year,240,Paper,"Ye X (2016) The effects of urban landscape pattern on bird community structure. (Master's thesis). Available from China Integrated Knowledge Resources database. (UDC, 10269).","叶辛. (2016) 城市景观格局对鸟类群落结构的作用机制. (硕士论文, 华东师范大学)."
393,Eastern,Shanghai,Shanghai,Shanghai Riviera Forest Park,Park,6,31.25,120.5666667,15.77916658,941,125.01,2003,"Pica pica (Linnaeus, 1758)",Corvidae,Pica,pica,Species,R,Whole year,240,Paper,"Ye X (2016) The effects of urban landscape pattern on bird community structure. (Master's thesis). Available from China Integrated Knowledge Resources database. (UDC, 10269).","叶辛. (2016) 城市景观格局对鸟类群落结构的作用机制. (硕士论文, 华东师范大学)."
393,Eastern,Shanghai,Shanghai,Shanghai Riviera Forest Park,Park,6,31.25,120.5666667,15.77916658,941,125.01,2003,"Cyanopica cyanus (Pallas, 1776)",Corvidae,Cyanopica,cyanus,Species,R,Whole year,240,Paper,"Ye X (2016) The effects of urban landscape pattern on bird community structure. (Master's thesis). Available from China Integrated Knowledge Resources database. (UDC, 10269).","叶辛. (2016) 城市景观格局对鸟类群落结构的作用机制. (硕士论文, 华东师范大学)."
393,Eastern,Shanghai,Shanghai,Shanghai Riviera Forest Park,Park,6,31.25,120.5666667,15.77916658,941,125.01,2003,"Tarsiger cyanurus (Pallas, 1773)",Muscicapidae,Tarsiger,cyanurus,Species,M,Whole year,240,Paper,"Ye X (2016) The effects of urban landscape pattern on bird community structure. (Master's thesis). Available from China Integrated Knowledge Resources database. (UDC, 10269).","叶辛. (2016) 城市景观格局对鸟类群落结构的作用机制. (硕士论文, 华东师范大学)."
393,Eastern,Shanghai,Shanghai,Shanghai Riviera Forest Park,Park,6,31.25,120.5666667,15.77916658,941,125.01,2003,"Phoenicurus auroreus (Pallas, 1776)",Muscicapidae,Phoenicurus,auroreus,Species,M,Whole year,240,Paper,"Ye X (2016) The effects of urban landscape pattern on bird community structure. (Master's thesis). Available from China Integrated Knowledge Resources database. (UDC, 10269).","叶辛. (2016) 城市景观格局对鸟类群落结构的作用机制. (硕士论文, 华东师范大学)."
393,Eastern,Shanghai,Shanghai,Shanghai Riviera Forest Park,Park,6,31.25,120.5666667,15.77916658,941,125.01,2003,"Turdus hortulorum (P.L.Sclater, 1863)",Turdidae,Turdus,hortulorum,Species,M,Whole year,240,Paper,"Ye X (2016) The effects of urban landscape pattern on bird community structure. (Master's thesis). Available from China Integrated Knowledge Resources database. (UDC, 10269).","叶辛. (2016) 城市景观格局对鸟类群落结构的作用机制. (硕士论文, 华东师范大学)."
393,Eastern,Shanghai,Shanghai,Shanghai Riviera Forest Park,Park,6,31.25,120.5666667,15.77916658,941,125.01,2003,"Turdus merula (Linnaeus, 1758)",Turdidae,Turdus,merula,Species,R,Whole year,240,Paper,"Ye X (2016) The effects of urban landscape pattern on bird community structure. (Master's thesis). Available from China Integrated Knowledge Resources database. (UDC, 10269).","叶辛. (2016) 城市景观格局对鸟类群落结构的作用机制. (硕士论文, 华东师范大学)."
393,Eastern,Shanghai,Shanghai,Shanghai Riviera Forest Park,Park,6,31.25,120.5666667,15.77916658,941,125.01,2003,"Turdus pallidus (Gmelin, 1789)",Turdidae,Turdus,pallidus,Species,M,Whole year,240,Paper,"Ye X (2016) The effects of urban landscape pattern on bird community structure. (Master's thesis). Available from China Integrated Knowledge Resources database. (UDC, 10269).","叶辛. (2016) 城市景观格局对鸟类群落结构的作用机制. (硕士论文, 华东师范大学)."
393,Eastern,Shanghai,Shanghai,Shanghai Riviera Forest Park,Park,6,31.25,120.5666667,15.77916658,941,125.01,2003,"Turdus naumanni (Temminck, 1820)",Turdidae,Turdus,naumanni,Species,M,Whole year,240,Paper,"Ye X (2016) The effects of urban landscape pattern on bird community structure. (Master's thesis). Available from China Integrated Knowledge Resources database. (UDC, 10269).","叶辛. (2016) 城市景观格局对鸟类群落结构的作用机制. (硕士论文, 华东师范大学)."
393,Eastern,Shanghai,Shanghai,Shanghai Riviera Forest Park,Park,6,31.25,120.5666667,15.77916658,941,125.01,2003,"Muscicapa dauurica (Pallas, 1811)",Muscicapidae,Muscicapa,dauurica,Species,M,Whole year,240,Paper,"Ye X (2016) The effects of urban landscape pattern on bird community structure. (Master's thesis). Available from China Integrated Knowledge Resources database. (UDC, 10269).","叶辛. (2016) 城市景观格局对鸟类群落结构的作用机制. (硕士论文, 华东师范大学)."
393,Eastern,Shanghai,Shanghai,Shanghai Riviera Forest Park,Park,6,31.25,120.5666667,15.77916658,941,125.01,2003,"Cyanoptila cyanomelana (Temminck, 1829)",Muscicapidae,Cyanoptila,cyanomelana,Species,M,Whole year,240,Paper,"Ye X (2016) The effects of urban landscape pattern on bird community structure. (Master's thesis). Available from China Integrated Knowledge Resources database. (UDC, 10269).","叶辛. (2016) 城市景观格局对鸟类群落结构的作用机制. (硕士论文, 华东师范大学)."
393,Eastern,Shanghai,Shanghai,Shanghai Riviera Forest Park,Park,6,31.25,120.5666667,15.77916658,941,125.01,2003,"Garrulax canorus (Linnaeus, 1758)",Leiothrichidae,Garrulax,canorus,Species,R,Whole year,240,Paper,"Ye X (2016) The effects of urban landscape pattern on bird community structure. (Master's thesis). Available from China Integrated Knowledge Resources database. (UDC, 10269).","叶辛. (2016) 城市景观格局对鸟类群落结构的作用机制. (硕士论文, 华东师范大学)."
393,Eastern,Shanghai,Shanghai,Shanghai Riviera Forest Park,Park,6,31.25,120.5666667,15.77916658,941,125.01,2003,"Paradoxornis webbianus (Gould, 1852)",Paradoxornithidae,Paradoxornis,webbianus,Species,R,Whole year,240,Paper,"Ye X (2016) The effects of urban landscape pattern on bird community structure. (Master's thesis). Available from China Integrated Knowledge Resources database. (UDC, 10269).","叶辛. (2016) 城市景观格局对鸟类群落结构的作用机制. (硕士论文, 华东师范大学)."
393,Eastern,Shanghai,Shanghai,Shanghai Riviera Forest Park,Park,6,31.25,120.5666667,15.77916658,941,125.01,2003,"Phylloscopus proregulus (Pallas, 1811)",Phylloscopidae,Phylloscopus,proregulus,Species,M,Whole year,240,Paper,"Ye X (2016) The effects of urban landscape pattern on bird community structure. (Master's thesis). Available from China Integrated Knowledge Resources database. (UDC, 10269).","叶辛. (2016) 城市景观格局对鸟类群落结构的作用机制. (硕士论文, 华东师范大学)."
393,Eastern,Shanghai,Shanghai,Shanghai Riviera Forest Park,Park,6,31.25,120.5666667,15.77916658,941,125.01,2003,"Phylloscopus inornatus (Blyth, 1842)",Phylloscopidae,Phylloscopus,inornatus,Species,M,Whole year,240,Paper,"Ye X (2016) The effects of urban landscape pattern on bird community structure. (Master's thesis). Available from China Integrated Knowledge Resources database. (UDC, 10269).","叶辛. (2016) 城市景观格局对鸟类群落结构的作用机制. (硕士论文, 华东师范大学)."
393,Eastern,Shanghai,Shanghai,Shanghai Riviera Forest Park,Park,6,31.25,120.5666667,15.77916658,941,125.01,2003,"Passer montanus (Linnaeus, 1758)",Passeridae,Passer,montanus,Species,R,Whole year,240,Paper,"Ye X (2016) The effects of urban landscape pattern on bird community structure. (Master's thesis). Available from China Integrated Knowledge Resources database. (UDC, 10269).","叶辛. (2016) 城市景观格局对鸟类群落结构的作用机制. (硕士论文, 华东师范大学)."
393,Eastern,Shanghai,Shanghai,Shanghai Riviera Forest Park,Park,6,31.25,120.5666667,15.77916658,941,125.01,2003,"Fringilla montifringilla (Linnaeus, 1758)",Fringillidae,Fringilla,montifringilla,Species,M,Whole year,240,Paper,"Ye X (2016) The effects of urban landscape pattern on bird community structure. (Master's thesis). Available from China Integrated Knowledge Resources database. (UDC, 10269).","叶辛. (2016) 城市景观格局对鸟类群落结构的作用机制. (硕士论文, 华东师范大学)."
393,Eastern,Shanghai,Shanghai,Shanghai Riviera Forest Park,Park,6,31.25,120.5666667,15.77916658,941,125.01,2003,"Carduelis spinus (Linnaeus, 1758)",Fringillidae,Carduelis,spinus,Species,M,Whole year,240,Paper,"Ye X (2016) The effects of urban landscape pattern on bird community structure. (Master's thesis). Available from China Integrated Knowledge Resources database. (UDC, 10269).","叶辛. (2016) 城市景观格局对鸟类群落结构的作用机制. (硕士论文, 华东师范大学)."
393,Eastern,Shanghai,Shanghai,Shanghai Riviera Forest Park,Park,6,31.25,120.5666667,15.77916658,941,125.01,2003,"Eophona personata (Temminck & Schlegel, 1848)",Fringillidae,Eophona,personata,Species,M,Whole year,240,Paper,"Ye X (2016) The effects of urban landscape pattern on bird community structure. (Master's thesis). Available from China Integrated Knowledge Resources database. (UDC, 10269).","叶辛. (2016) 城市景观格局对鸟类群落结构的作用机制. (硕士论文, 华东师范大学)."
393,Eastern,Shanghai,Shanghai,Shanghai Riviera Forest Park,Park,6,31.25,120.5666667,15.77916658,941,125.01,2003,"Emberiza rustica (Pallas, 1776)",Emberizidae,Emberiza,rustica,Species,M,Whole year,240,Paper,"Ye X (2016) The effects of urban landscape pattern on bird community structure. (Master's thesis). Available from China Integrated Knowledge Resources database. (UDC, 10269).","叶辛. (2016) 城市景观格局对鸟类群落结构的作用机制. (硕士论文, 华东师范大学)."
393,Eastern,Shanghai,Shanghai,Shanghai Riviera Forest Park,Park,6,31.25,120.5666667,15.77916658,941,125.01,2003,"Emberiza elegans (Temminck, 1836)",Emberizidae,Emberiza,elegans,Species,M,Whole year,240,Paper,"Ye X (2016) The effects of urban landscape pattern on bird community structure. (Master's thesis). Available from China Integrated Knowledge Resources database. (UDC, 10269).","叶辛. (2016) 城市景观格局对鸟类群落结构的作用机制. (硕士论文, 华东师范大学)."
393,Eastern,Shanghai,Shanghai,Shanghai Riviera Forest Park,Park,6,31.25,120.5666667,15.77916658,941,125.01,2003,"Emberiza spodocephala (Pallas, 1776)",Emberizidae,Emberiza,spodocephala,Species,M,Whole year,240,Paper,"Ye X (2016) The effects of urban landscape pattern on bird community structure. (Master's thesis). Available from China Integrated Knowledge Resources database. (UDC, 10269).","叶辛. (2016) 城市景观格局对鸟类群落结构的作用机制. (硕士论文, 华东师范大学)."
